Writing frontend debug logs to file: hello-world.log
Creating type *bool(38)
Base of just created pointer type is bool(16)
Creating type internal/abi.ArrayType(39)
Creating type go-struct-(40)
Creating type internal/abi.Type(41)
Creating type go-struct-(42)
Creating type internal/abi.TFlag(43)
Creating type internal/abi.Kind(44)
Creating type go-func-(45)
Creating type internal/abi.NameOff(46)
Creating type internal/abi.TypeOff(47)
Setting underlying struct type for internal/abi.Type to go-struct-42(42)
Creating type *internal/abi.Type(48)
Base of just created pointer type is internal/abi.Type(41)
Setting underlying struct type for internal/abi.ArrayType to go-struct-40(40)
Creating type *internal/abi.ArrayType(49)
Base of just created pointer type is internal/abi.ArrayType(39)
Creating type go-func-(50)
Creating function (*internal/abi.ArrayType).Align with type go-func-50(50)
Adding bound method Align((*internal/abi.ArrayType).Align) to type internal/abi.ArrayType
Creating type go-func-(51)
Creating function (*internal/abi.ArrayType).ArrayType with type go-func-51(51)
Adding bound method ArrayType((*internal/abi.ArrayType).ArrayType) to type internal/abi.ArrayType
Creating type internal/abi.ChanDir(52)
Creating type go-func-(53)
Creating function (*internal/abi.ArrayType).ChanDir with type go-func-53(53)
Adding bound method ChanDir((*internal/abi.ArrayType).ChanDir) to type internal/abi.ArrayType
Creating type go-func-(54)
Creating function (*internal/abi.ArrayType).Common with type go-func-54(54)
Adding bound method Common((*internal/abi.ArrayType).Common) to type internal/abi.ArrayType
Creating type internal/abi.Method(55)
Creating type go-struct-(56)
Creating type internal/abi.TextOff(57)
Setting underlying struct type for internal/abi.Method to go-struct-56(56)
Creating type []internal/abi.Method(58)
Creating type go-func-(59)
Creating function (*internal/abi.ArrayType).ExportedMethods with type go-func-59(59)
Adding bound method ExportedMethods((*internal/abi.ArrayType).ExportedMethods) to type internal/abi.ArrayType
Creating type go-func-(60)
Creating function (*internal/abi.ArrayType).FieldAlign with type go-func-60(60)
Adding bound method FieldAlign((*internal/abi.ArrayType).FieldAlign) to type internal/abi.ArrayType
Creating type internal/abi.FuncType(61)
Creating type go-struct-(62)
Setting underlying struct type for internal/abi.FuncType to go-struct-62(62)
Creating type *internal/abi.FuncType(63)
Base of just created pointer type is internal/abi.FuncType(61)
Creating type go-func-(64)
Creating function (*internal/abi.ArrayType).FuncType with type go-func-64(64)
Adding bound method FuncType((*internal/abi.ArrayType).FuncType) to type internal/abi.ArrayType
Creating type []byte(65)
Creating type go-func-(66)
Creating function (*internal/abi.ArrayType).GcSlice with type go-func-66(66)
Adding bound method GcSlice((*internal/abi.ArrayType).GcSlice) to type internal/abi.ArrayType
Creating type go-func-(67)
Creating function (*internal/abi.ArrayType).HasName with type go-func-67(67)
Adding bound method HasName((*internal/abi.ArrayType).HasName) to type internal/abi.ArrayType
Creating type go-func-(68)
Creating function (*internal/abi.ArrayType).IfaceIndir with type go-func-68(68)
Adding bound method IfaceIndir((*internal/abi.ArrayType).IfaceIndir) to type internal/abi.ArrayType
Creating type internal/abi.InterfaceType(69)
Creating type go-struct-(70)
Creating type internal/abi.Name(71)
Creating type go-struct-(72)
Setting underlying struct type for internal/abi.Name to go-struct-72(72)
Creating type internal/abi.Imethod(73)
Creating type go-struct-(74)
Setting underlying struct type for internal/abi.Imethod to go-struct-74(74)
Creating type []internal/abi.Imethod(75)
Setting underlying struct type for internal/abi.InterfaceType to go-struct-70(70)
Creating type *internal/abi.InterfaceType(76)
Base of just created pointer type is internal/abi.InterfaceType(69)
Creating type go-func-(77)
Creating function (*internal/abi.ArrayType).InterfaceType with type go-func-77(77)
Adding bound method InterfaceType((*internal/abi.ArrayType).InterfaceType) to type internal/abi.ArrayType
Creating type go-func-(78)
Creating function (*internal/abi.ArrayType).IsDirectIface with type go-func-78(78)
Adding bound method IsDirectIface((*internal/abi.ArrayType).IsDirectIface) to type internal/abi.ArrayType
Creating type go-func-(79)
Creating function (*internal/abi.ArrayType).Key with type go-func-79(79)
Adding bound method Key((*internal/abi.ArrayType).Key) to type internal/abi.ArrayType
Creating type go-func-(80)
Creating function (*internal/abi.ArrayType).Kind with type go-func-80(80)
Adding bound method Kind((*internal/abi.ArrayType).Kind) to type internal/abi.ArrayType
Creating type internal/abi.SwissMapType(81)
Creating type go-struct-(82)
Creating type go-func-(83)
Setting underlying struct type for internal/abi.SwissMapType to go-struct-82(82)
Creating type *internal/abi.SwissMapType(84)
Base of just created pointer type is internal/abi.SwissMapType(81)
Creating type go-func-(85)
Creating function (*internal/abi.ArrayType).MapType with type go-func-85(85)
Adding bound method MapType((*internal/abi.ArrayType).MapType) to type internal/abi.ArrayType
Creating type go-func-(86)
Creating function (*internal/abi.ArrayType).NumMethod with type go-func-86(86)
Adding bound method NumMethod((*internal/abi.ArrayType).NumMethod) to type internal/abi.ArrayType
Creating type go-func-(87)
Creating function (*internal/abi.ArrayType).Pointers with type go-func-87(87)
Adding bound method Pointers((*internal/abi.ArrayType).Pointers) to type internal/abi.ArrayType
Creating type go-func-(88)
Creating function (*internal/abi.ArrayType).Size with type go-func-88(88)
Adding bound method Size((*internal/abi.ArrayType).Size) to type internal/abi.ArrayType
Creating type internal/abi.StructType(89)
Creating type go-struct-(90)
Creating type internal/abi.StructField(91)
Creating type go-struct-(92)
Setting underlying struct type for internal/abi.StructField to go-struct-92(92)
Creating type []internal/abi.StructField(93)
Setting underlying struct type for internal/abi.StructType to go-struct-90(90)
Creating type *internal/abi.StructType(94)
Base of just created pointer type is internal/abi.StructType(89)
Creating type go-func-(95)
Creating function (*internal/abi.ArrayType).StructType with type go-func-95(95)
Adding bound method StructType((*internal/abi.ArrayType).StructType) to type internal/abi.ArrayType
Creating type internal/abi.UncommonType(96)
Creating type go-struct-(97)
Setting underlying struct type for internal/abi.UncommonType to go-struct-97(97)
Creating type *internal/abi.UncommonType(98)
Base of just created pointer type is internal/abi.UncommonType(96)
Creating type go-func-(99)
Creating function (*internal/abi.ArrayType).Uncommon with type go-func-99(99)
Adding bound method Uncommon((*internal/abi.ArrayType).Uncommon) to type internal/abi.ArrayType
Creating type internal/abi.ChanType(100)
Creating type go-struct-(101)
Setting underlying struct type for internal/abi.ChanType to go-struct-101(101)
Creating type *internal/abi.ChanType(102)
Base of just created pointer type is internal/abi.ChanType(100)
Creating type go-func-(103)
Creating function (*internal/abi.ChanType).Align with type go-func-103(103)
Adding bound method Align((*internal/abi.ChanType).Align) to type internal/abi.ChanType
Creating type go-func-(104)
Creating function (*internal/abi.ChanType).ArrayType with type go-func-104(104)
Adding bound method ArrayType((*internal/abi.ChanType).ArrayType) to type internal/abi.ChanType
Creating type go-func-(105)
Creating function (*internal/abi.ChanType).ChanDir with type go-func-105(105)
Adding bound method ChanDir((*internal/abi.ChanType).ChanDir) to type internal/abi.ChanType
Creating type go-func-(106)
Creating function (*internal/abi.ChanType).Common with type go-func-106(106)
Adding bound method Common((*internal/abi.ChanType).Common) to type internal/abi.ChanType
Creating type go-func-(107)
Creating function (*internal/abi.ChanType).ExportedMethods with type go-func-107(107)
Adding bound method ExportedMethods((*internal/abi.ChanType).ExportedMethods) to type internal/abi.ChanType
Creating type go-func-(108)
Creating function (*internal/abi.ChanType).FieldAlign with type go-func-108(108)
Adding bound method FieldAlign((*internal/abi.ChanType).FieldAlign) to type internal/abi.ChanType
Creating type go-func-(109)
Creating function (*internal/abi.ChanType).FuncType with type go-func-109(109)
Adding bound method FuncType((*internal/abi.ChanType).FuncType) to type internal/abi.ChanType
Creating type go-func-(110)
Creating function (*internal/abi.ChanType).GcSlice with type go-func-110(110)
Adding bound method GcSlice((*internal/abi.ChanType).GcSlice) to type internal/abi.ChanType
Creating type go-func-(111)
Creating function (*internal/abi.ChanType).HasName with type go-func-111(111)
Adding bound method HasName((*internal/abi.ChanType).HasName) to type internal/abi.ChanType
Creating type go-func-(112)
Creating function (*internal/abi.ChanType).IfaceIndir with type go-func-112(112)
Adding bound method IfaceIndir((*internal/abi.ChanType).IfaceIndir) to type internal/abi.ChanType
Creating type go-func-(113)
Creating function (*internal/abi.ChanType).InterfaceType with type go-func-113(113)
Adding bound method InterfaceType((*internal/abi.ChanType).InterfaceType) to type internal/abi.ChanType
Creating type go-func-(114)
Creating function (*internal/abi.ChanType).IsDirectIface with type go-func-114(114)
Adding bound method IsDirectIface((*internal/abi.ChanType).IsDirectIface) to type internal/abi.ChanType
Creating type go-func-(115)
Creating function (*internal/abi.ChanType).Key with type go-func-115(115)
Adding bound method Key((*internal/abi.ChanType).Key) to type internal/abi.ChanType
Creating type go-func-(116)
Creating function (*internal/abi.ChanType).Kind with type go-func-116(116)
Adding bound method Kind((*internal/abi.ChanType).Kind) to type internal/abi.ChanType
Creating type go-func-(117)
Creating function (*internal/abi.ChanType).Len with type go-func-117(117)
Adding bound method Len((*internal/abi.ChanType).Len) to type internal/abi.ChanType
Creating type go-func-(118)
Creating function (*internal/abi.ChanType).MapType with type go-func-118(118)
Adding bound method MapType((*internal/abi.ChanType).MapType) to type internal/abi.ChanType
Creating type go-func-(119)
Creating function (*internal/abi.ChanType).NumMethod with type go-func-119(119)
Adding bound method NumMethod((*internal/abi.ChanType).NumMethod) to type internal/abi.ChanType
Creating type go-func-(120)
Creating function (*internal/abi.ChanType).Pointers with type go-func-120(120)
Adding bound method Pointers((*internal/abi.ChanType).Pointers) to type internal/abi.ChanType
Creating type go-func-(121)
Creating function (*internal/abi.ChanType).Size with type go-func-121(121)
Adding bound method Size((*internal/abi.ChanType).Size) to type internal/abi.ChanType
Creating type go-func-(122)
Creating function (*internal/abi.ChanType).StructType with type go-func-122(122)
Adding bound method StructType((*internal/abi.ChanType).StructType) to type internal/abi.ChanType
Creating type go-func-(123)
Creating function (*internal/abi.ChanType).Uncommon with type go-func-123(123)
Adding bound method Uncommon((*internal/abi.ChanType).Uncommon) to type internal/abi.ChanType
Creating type go-func-(124)
Creating function (*internal/abi.FuncType).Align with type go-func-124(124)
Adding bound method Align((*internal/abi.FuncType).Align) to type internal/abi.FuncType
Creating type go-func-(125)
Creating function (*internal/abi.FuncType).ArrayType with type go-func-125(125)
Adding bound method ArrayType((*internal/abi.FuncType).ArrayType) to type internal/abi.FuncType
Creating type go-func-(126)
Creating function (*internal/abi.FuncType).ChanDir with type go-func-126(126)
Adding bound method ChanDir((*internal/abi.FuncType).ChanDir) to type internal/abi.FuncType
Creating type go-func-(127)
Creating function (*internal/abi.FuncType).Common with type go-func-127(127)
Adding bound method Common((*internal/abi.FuncType).Common) to type internal/abi.FuncType
Creating type go-func-(128)
Creating function (*internal/abi.FuncType).Elem with type go-func-128(128)
Adding bound method Elem((*internal/abi.FuncType).Elem) to type internal/abi.FuncType
Creating type go-func-(129)
Creating function (*internal/abi.FuncType).ExportedMethods with type go-func-129(129)
Adding bound method ExportedMethods((*internal/abi.FuncType).ExportedMethods) to type internal/abi.FuncType
Creating type go-func-(130)
Creating function (*internal/abi.FuncType).FieldAlign with type go-func-130(130)
Adding bound method FieldAlign((*internal/abi.FuncType).FieldAlign) to type internal/abi.FuncType
Creating type go-func-(131)
Creating function (*internal/abi.FuncType).FuncType with type go-func-131(131)
Adding bound method FuncType((*internal/abi.FuncType).FuncType) to type internal/abi.FuncType
Creating type go-func-(132)
Creating function (*internal/abi.FuncType).GcSlice with type go-func-132(132)
Adding bound method GcSlice((*internal/abi.FuncType).GcSlice) to type internal/abi.FuncType
Creating type go-func-(133)
Creating function (*internal/abi.FuncType).HasName with type go-func-133(133)
Adding bound method HasName((*internal/abi.FuncType).HasName) to type internal/abi.FuncType
Creating type go-func-(134)
Creating function (*internal/abi.FuncType).IfaceIndir with type go-func-134(134)
Adding bound method IfaceIndir((*internal/abi.FuncType).IfaceIndir) to type internal/abi.FuncType
Creating type go-func-(135)
Creating function (*internal/abi.FuncType).InterfaceType with type go-func-135(135)
Adding bound method InterfaceType((*internal/abi.FuncType).InterfaceType) to type internal/abi.FuncType
Creating type go-func-(136)
Creating function (*internal/abi.FuncType).IsDirectIface with type go-func-136(136)
Adding bound method IsDirectIface((*internal/abi.FuncType).IsDirectIface) to type internal/abi.FuncType
Creating type go-func-(137)
Creating function (*internal/abi.FuncType).Key with type go-func-137(137)
Adding bound method Key((*internal/abi.FuncType).Key) to type internal/abi.FuncType
Creating type go-func-(138)
Creating function (*internal/abi.FuncType).Kind with type go-func-138(138)
Adding bound method Kind((*internal/abi.FuncType).Kind) to type internal/abi.FuncType
Creating type go-func-(139)
Creating function (*internal/abi.FuncType).Len with type go-func-139(139)
Adding bound method Len((*internal/abi.FuncType).Len) to type internal/abi.FuncType
Creating type go-func-(140)
Creating function (*internal/abi.FuncType).MapType with type go-func-140(140)
Adding bound method MapType((*internal/abi.FuncType).MapType) to type internal/abi.FuncType
Creating type go-func-(141)
Creating function (*internal/abi.FuncType).NumMethod with type go-func-141(141)
Adding bound method NumMethod((*internal/abi.FuncType).NumMethod) to type internal/abi.FuncType
Creating type go-func-(142)
Creating function (*internal/abi.FuncType).Pointers with type go-func-142(142)
Adding bound method Pointers((*internal/abi.FuncType).Pointers) to type internal/abi.FuncType
Creating type go-func-(143)
Creating function (*internal/abi.FuncType).Size with type go-func-143(143)
Adding bound method Size((*internal/abi.FuncType).Size) to type internal/abi.FuncType
Creating type go-func-(144)
Creating function (*internal/abi.FuncType).StructType with type go-func-144(144)
Adding bound method StructType((*internal/abi.FuncType).StructType) to type internal/abi.FuncType
Creating type go-func-(145)
Creating function (*internal/abi.FuncType).Uncommon with type go-func-145(145)
Adding bound method Uncommon((*internal/abi.FuncType).Uncommon) to type internal/abi.FuncType
Creating type go-func-(146)
Creating function (*internal/abi.InterfaceType).Align with type go-func-146(146)
Adding bound method Align((*internal/abi.InterfaceType).Align) to type internal/abi.InterfaceType
Creating type go-func-(147)
Creating function (*internal/abi.InterfaceType).ArrayType with type go-func-147(147)
Adding bound method ArrayType((*internal/abi.InterfaceType).ArrayType) to type internal/abi.InterfaceType
Creating type go-func-(148)
Creating function (*internal/abi.InterfaceType).ChanDir with type go-func-148(148)
Adding bound method ChanDir((*internal/abi.InterfaceType).ChanDir) to type internal/abi.InterfaceType
Creating type go-func-(149)
Creating function (*internal/abi.InterfaceType).Common with type go-func-149(149)
Adding bound method Common((*internal/abi.InterfaceType).Common) to type internal/abi.InterfaceType
Creating type go-func-(150)
Creating function (*internal/abi.InterfaceType).Elem with type go-func-150(150)
Adding bound method Elem((*internal/abi.InterfaceType).Elem) to type internal/abi.InterfaceType
Creating type go-func-(151)
Creating function (*internal/abi.InterfaceType).ExportedMethods with type go-func-151(151)
Adding bound method ExportedMethods((*internal/abi.InterfaceType).ExportedMethods) to type internal/abi.InterfaceType
Creating type go-func-(152)
Creating function (*internal/abi.InterfaceType).FieldAlign with type go-func-152(152)
Adding bound method FieldAlign((*internal/abi.InterfaceType).FieldAlign) to type internal/abi.InterfaceType
Creating type go-func-(153)
Creating function (*internal/abi.InterfaceType).FuncType with type go-func-153(153)
Adding bound method FuncType((*internal/abi.InterfaceType).FuncType) to type internal/abi.InterfaceType
Creating type go-func-(154)
Creating function (*internal/abi.InterfaceType).GcSlice with type go-func-154(154)
Adding bound method GcSlice((*internal/abi.InterfaceType).GcSlice) to type internal/abi.InterfaceType
Creating type go-func-(155)
Creating function (*internal/abi.InterfaceType).HasName with type go-func-155(155)
Adding bound method HasName((*internal/abi.InterfaceType).HasName) to type internal/abi.InterfaceType
Creating type go-func-(156)
Creating function (*internal/abi.InterfaceType).IfaceIndir with type go-func-156(156)
Adding bound method IfaceIndir((*internal/abi.InterfaceType).IfaceIndir) to type internal/abi.InterfaceType
Creating type go-func-(157)
Creating function (*internal/abi.InterfaceType).InterfaceType with type go-func-157(157)
Adding bound method InterfaceType((*internal/abi.InterfaceType).InterfaceType) to type internal/abi.InterfaceType
Creating type go-func-(158)
Creating function (*internal/abi.InterfaceType).IsDirectIface with type go-func-158(158)
Adding bound method IsDirectIface((*internal/abi.InterfaceType).IsDirectIface) to type internal/abi.InterfaceType
Creating type go-func-(159)
Creating function (*internal/abi.InterfaceType).Key with type go-func-159(159)
Adding bound method Key((*internal/abi.InterfaceType).Key) to type internal/abi.InterfaceType
Creating type go-func-(160)
Creating function (*internal/abi.InterfaceType).Kind with type go-func-160(160)
Adding bound method Kind((*internal/abi.InterfaceType).Kind) to type internal/abi.InterfaceType
Creating type go-func-(161)
Creating function (*internal/abi.InterfaceType).Len with type go-func-161(161)
Adding bound method Len((*internal/abi.InterfaceType).Len) to type internal/abi.InterfaceType
Creating type go-func-(162)
Creating function (*internal/abi.InterfaceType).MapType with type go-func-162(162)
Adding bound method MapType((*internal/abi.InterfaceType).MapType) to type internal/abi.InterfaceType
Creating type go-func-(163)
Creating function (*internal/abi.InterfaceType).Pointers with type go-func-163(163)
Adding bound method Pointers((*internal/abi.InterfaceType).Pointers) to type internal/abi.InterfaceType
Creating type go-func-(164)
Creating function (*internal/abi.InterfaceType).Size with type go-func-164(164)
Adding bound method Size((*internal/abi.InterfaceType).Size) to type internal/abi.InterfaceType
Creating type go-func-(165)
Creating function (*internal/abi.InterfaceType).StructType with type go-func-165(165)
Adding bound method StructType((*internal/abi.InterfaceType).StructType) to type internal/abi.InterfaceType
Creating type go-func-(166)
Creating function (*internal/abi.InterfaceType).Uncommon with type go-func-166(166)
Adding bound method Uncommon((*internal/abi.InterfaceType).Uncommon) to type internal/abi.InterfaceType
Creating type *internal/abi.Kind(167)
Base of just created pointer type is internal/abi.Kind(44)
Creating type go-func-(168)
Creating function (*internal/abi.Kind).String with type go-func-168(168)
Adding bound method String((*internal/abi.Kind).String) to type internal/abi.Kind
Creating type *internal/abi.Name(169)
Base of just created pointer type is internal/abi.Name(71)
Creating type go-func-(170)
Creating function (*internal/abi.Name).Data with type go-func-170(170)
Adding bound method Data((*internal/abi.Name).Data) to type internal/abi.Name
Creating type go-func-(171)
Creating function (*internal/abi.Name).DataChecked with type go-func-171(171)
Adding bound method DataChecked((*internal/abi.Name).DataChecked) to type internal/abi.Name
Creating type go-func-(172)
Creating function (*internal/abi.Name).HasTag with type go-func-172(172)
Adding bound method HasTag((*internal/abi.Name).HasTag) to type internal/abi.Name
Creating type go-func-(173)
Creating function (*internal/abi.Name).IsBlank with type go-func-173(173)
Adding bound method IsBlank((*internal/abi.Name).IsBlank) to type internal/abi.Name
Creating type go-func-(174)
Creating function (*internal/abi.Name).IsEmbedded with type go-func-174(174)
Adding bound method IsEmbedded((*internal/abi.Name).IsEmbedded) to type internal/abi.Name
Creating type go-func-(175)
Creating function (*internal/abi.Name).IsExported with type go-func-175(175)
Adding bound method IsExported((*internal/abi.Name).IsExported) to type internal/abi.Name
Creating type go-func-(176)
Creating function (*internal/abi.Name).Name with type go-func-176(176)
Adding bound method Name((*internal/abi.Name).Name) to type internal/abi.Name
Creating type go-func-(177)
Creating function (*internal/abi.Name).ReadVarint with type go-func-177(177)
Adding bound method ReadVarint((*internal/abi.Name).ReadVarint) to type internal/abi.Name
Creating type go-func-(178)
Creating function (*internal/abi.Name).Tag with type go-func-178(178)
Adding bound method Tag((*internal/abi.Name).Tag) to type internal/abi.Name
Creating type internal/abi.OldMapType(179)
Creating type go-struct-(180)
Creating type go-func-(181)
Setting underlying struct type for internal/abi.OldMapType to go-struct-180(180)
Creating type *internal/abi.OldMapType(182)
Base of just created pointer type is internal/abi.OldMapType(179)
Creating type go-func-(183)
Creating function (*internal/abi.OldMapType).Align with type go-func-183(183)
Adding bound method Align((*internal/abi.OldMapType).Align) to type internal/abi.OldMapType
Creating type go-func-(184)
Creating function (*internal/abi.OldMapType).ArrayType with type go-func-184(184)
Adding bound method ArrayType((*internal/abi.OldMapType).ArrayType) to type internal/abi.OldMapType
Creating type go-func-(185)
Creating function (*internal/abi.OldMapType).ChanDir with type go-func-185(185)
Adding bound method ChanDir((*internal/abi.OldMapType).ChanDir) to type internal/abi.OldMapType
Creating type go-func-(186)
Creating function (*internal/abi.OldMapType).Common with type go-func-186(186)
Adding bound method Common((*internal/abi.OldMapType).Common) to type internal/abi.OldMapType
Creating type go-func-(187)
Creating function (*internal/abi.OldMapType).ExportedMethods with type go-func-187(187)
Adding bound method ExportedMethods((*internal/abi.OldMapType).ExportedMethods) to type internal/abi.OldMapType
Creating type go-func-(188)
Creating function (*internal/abi.OldMapType).FieldAlign with type go-func-188(188)
Adding bound method FieldAlign((*internal/abi.OldMapType).FieldAlign) to type internal/abi.OldMapType
Creating type go-func-(189)
Creating function (*internal/abi.OldMapType).FuncType with type go-func-189(189)
Adding bound method FuncType((*internal/abi.OldMapType).FuncType) to type internal/abi.OldMapType
Creating type go-func-(190)
Creating function (*internal/abi.OldMapType).GcSlice with type go-func-190(190)
Adding bound method GcSlice((*internal/abi.OldMapType).GcSlice) to type internal/abi.OldMapType
Creating type go-func-(191)
Creating function (*internal/abi.OldMapType).HasName with type go-func-191(191)
Adding bound method HasName((*internal/abi.OldMapType).HasName) to type internal/abi.OldMapType
Creating type go-func-(192)
Creating function (*internal/abi.OldMapType).IfaceIndir with type go-func-192(192)
Adding bound method IfaceIndir((*internal/abi.OldMapType).IfaceIndir) to type internal/abi.OldMapType
Creating type go-func-(193)
Creating function (*internal/abi.OldMapType).InterfaceType with type go-func-193(193)
Adding bound method InterfaceType((*internal/abi.OldMapType).InterfaceType) to type internal/abi.OldMapType
Creating type go-func-(194)
Creating function (*internal/abi.OldMapType).IsDirectIface with type go-func-194(194)
Adding bound method IsDirectIface((*internal/abi.OldMapType).IsDirectIface) to type internal/abi.OldMapType
Creating type go-func-(195)
Creating function (*internal/abi.OldMapType).Kind with type go-func-195(195)
Adding bound method Kind((*internal/abi.OldMapType).Kind) to type internal/abi.OldMapType
Creating type go-func-(196)
Creating function (*internal/abi.OldMapType).Len with type go-func-196(196)
Adding bound method Len((*internal/abi.OldMapType).Len) to type internal/abi.OldMapType
Creating type go-func-(197)
Creating function (*internal/abi.OldMapType).MapType with type go-func-197(197)
Adding bound method MapType((*internal/abi.OldMapType).MapType) to type internal/abi.OldMapType
Creating type go-func-(198)
Creating function (*internal/abi.OldMapType).NumMethod with type go-func-198(198)
Adding bound method NumMethod((*internal/abi.OldMapType).NumMethod) to type internal/abi.OldMapType
Creating type go-func-(199)
Creating function (*internal/abi.OldMapType).Pointers with type go-func-199(199)
Adding bound method Pointers((*internal/abi.OldMapType).Pointers) to type internal/abi.OldMapType
Creating type go-func-(200)
Creating function (*internal/abi.OldMapType).Size with type go-func-200(200)
Adding bound method Size((*internal/abi.OldMapType).Size) to type internal/abi.OldMapType
Creating type go-func-(201)
Creating function (*internal/abi.OldMapType).StructType with type go-func-201(201)
Adding bound method StructType((*internal/abi.OldMapType).StructType) to type internal/abi.OldMapType
Creating type go-func-(202)
Creating function (*internal/abi.OldMapType).Uncommon with type go-func-202(202)
Adding bound method Uncommon((*internal/abi.OldMapType).Uncommon) to type internal/abi.OldMapType
Creating type internal/abi.PtrType(203)
Creating type go-struct-(204)
Setting underlying struct type for internal/abi.PtrType to go-struct-204(204)
Creating type *internal/abi.PtrType(205)
Base of just created pointer type is internal/abi.PtrType(203)
Creating type go-func-(206)
Creating function (*internal/abi.PtrType).Align with type go-func-206(206)
Adding bound method Align((*internal/abi.PtrType).Align) to type internal/abi.PtrType
Creating type go-func-(207)
Creating function (*internal/abi.PtrType).ArrayType with type go-func-207(207)
Adding bound method ArrayType((*internal/abi.PtrType).ArrayType) to type internal/abi.PtrType
Creating type go-func-(208)
Creating function (*internal/abi.PtrType).ChanDir with type go-func-208(208)
Adding bound method ChanDir((*internal/abi.PtrType).ChanDir) to type internal/abi.PtrType
Creating type go-func-(209)
Creating function (*internal/abi.PtrType).Common with type go-func-209(209)
Adding bound method Common((*internal/abi.PtrType).Common) to type internal/abi.PtrType
Creating type go-func-(210)
Creating function (*internal/abi.PtrType).ExportedMethods with type go-func-210(210)
Adding bound method ExportedMethods((*internal/abi.PtrType).ExportedMethods) to type internal/abi.PtrType
Creating type go-func-(211)
Creating function (*internal/abi.PtrType).FieldAlign with type go-func-211(211)
Adding bound method FieldAlign((*internal/abi.PtrType).FieldAlign) to type internal/abi.PtrType
Creating type go-func-(212)
Creating function (*internal/abi.PtrType).FuncType with type go-func-212(212)
Adding bound method FuncType((*internal/abi.PtrType).FuncType) to type internal/abi.PtrType
Creating type go-func-(213)
Creating function (*internal/abi.PtrType).GcSlice with type go-func-213(213)
Adding bound method GcSlice((*internal/abi.PtrType).GcSlice) to type internal/abi.PtrType
Creating type go-func-(214)
Creating function (*internal/abi.PtrType).HasName with type go-func-214(214)
Adding bound method HasName((*internal/abi.PtrType).HasName) to type internal/abi.PtrType
Creating type go-func-(215)
Creating function (*internal/abi.PtrType).IfaceIndir with type go-func-215(215)
Adding bound method IfaceIndir((*internal/abi.PtrType).IfaceIndir) to type internal/abi.PtrType
Creating type go-func-(216)
Creating function (*internal/abi.PtrType).InterfaceType with type go-func-216(216)
Adding bound method InterfaceType((*internal/abi.PtrType).InterfaceType) to type internal/abi.PtrType
Creating type go-func-(217)
Creating function (*internal/abi.PtrType).IsDirectIface with type go-func-217(217)
Adding bound method IsDirectIface((*internal/abi.PtrType).IsDirectIface) to type internal/abi.PtrType
Creating type go-func-(218)
Creating function (*internal/abi.PtrType).Key with type go-func-218(218)
Adding bound method Key((*internal/abi.PtrType).Key) to type internal/abi.PtrType
Creating type go-func-(219)
Creating function (*internal/abi.PtrType).Kind with type go-func-219(219)
Adding bound method Kind((*internal/abi.PtrType).Kind) to type internal/abi.PtrType
Creating type go-func-(220)
Creating function (*internal/abi.PtrType).Len with type go-func-220(220)
Adding bound method Len((*internal/abi.PtrType).Len) to type internal/abi.PtrType
Creating type go-func-(221)
Creating function (*internal/abi.PtrType).MapType with type go-func-221(221)
Adding bound method MapType((*internal/abi.PtrType).MapType) to type internal/abi.PtrType
Creating type go-func-(222)
Creating function (*internal/abi.PtrType).NumMethod with type go-func-222(222)
Adding bound method NumMethod((*internal/abi.PtrType).NumMethod) to type internal/abi.PtrType
Creating type go-func-(223)
Creating function (*internal/abi.PtrType).Pointers with type go-func-223(223)
Adding bound method Pointers((*internal/abi.PtrType).Pointers) to type internal/abi.PtrType
Creating type go-func-(224)
Creating function (*internal/abi.PtrType).Size with type go-func-224(224)
Adding bound method Size((*internal/abi.PtrType).Size) to type internal/abi.PtrType
Creating type go-func-(225)
Creating function (*internal/abi.PtrType).StructType with type go-func-225(225)
Adding bound method StructType((*internal/abi.PtrType).StructType) to type internal/abi.PtrType
Creating type go-func-(226)
Creating function (*internal/abi.PtrType).Uncommon with type go-func-226(226)
Adding bound method Uncommon((*internal/abi.PtrType).Uncommon) to type internal/abi.PtrType
Creating type internal/abi.SliceType(227)
Creating type go-struct-(228)
Setting underlying struct type for internal/abi.SliceType to go-struct-228(228)
Creating type *internal/abi.SliceType(229)
Base of just created pointer type is internal/abi.SliceType(227)
Creating type go-func-(230)
Creating function (*internal/abi.SliceType).Align with type go-func-230(230)
Adding bound method Align((*internal/abi.SliceType).Align) to type internal/abi.SliceType
Creating type go-func-(231)
Creating function (*internal/abi.SliceType).ArrayType with type go-func-231(231)
Adding bound method ArrayType((*internal/abi.SliceType).ArrayType) to type internal/abi.SliceType
Creating type go-func-(232)
Creating function (*internal/abi.SliceType).ChanDir with type go-func-232(232)
Adding bound method ChanDir((*internal/abi.SliceType).ChanDir) to type internal/abi.SliceType
Creating type go-func-(233)
Creating function (*internal/abi.SliceType).Common with type go-func-233(233)
Adding bound method Common((*internal/abi.SliceType).Common) to type internal/abi.SliceType
Creating type go-func-(234)
Creating function (*internal/abi.SliceType).ExportedMethods with type go-func-234(234)
Adding bound method ExportedMethods((*internal/abi.SliceType).ExportedMethods) to type internal/abi.SliceType
Creating type go-func-(235)
Creating function (*internal/abi.SliceType).FieldAlign with type go-func-235(235)
Adding bound method FieldAlign((*internal/abi.SliceType).FieldAlign) to type internal/abi.SliceType
Creating type go-func-(236)
Creating function (*internal/abi.SliceType).FuncType with type go-func-236(236)
Adding bound method FuncType((*internal/abi.SliceType).FuncType) to type internal/abi.SliceType
Creating type go-func-(237)
Creating function (*internal/abi.SliceType).GcSlice with type go-func-237(237)
Adding bound method GcSlice((*internal/abi.SliceType).GcSlice) to type internal/abi.SliceType
Creating type go-func-(238)
Creating function (*internal/abi.SliceType).HasName with type go-func-238(238)
Adding bound method HasName((*internal/abi.SliceType).HasName) to type internal/abi.SliceType
Creating type go-func-(239)
Creating function (*internal/abi.SliceType).IfaceIndir with type go-func-239(239)
Adding bound method IfaceIndir((*internal/abi.SliceType).IfaceIndir) to type internal/abi.SliceType
Creating type go-func-(240)
Creating function (*internal/abi.SliceType).InterfaceType with type go-func-240(240)
Adding bound method InterfaceType((*internal/abi.SliceType).InterfaceType) to type internal/abi.SliceType
Creating type go-func-(241)
Creating function (*internal/abi.SliceType).IsDirectIface with type go-func-241(241)
Adding bound method IsDirectIface((*internal/abi.SliceType).IsDirectIface) to type internal/abi.SliceType
Creating type go-func-(242)
Creating function (*internal/abi.SliceType).Key with type go-func-242(242)
Adding bound method Key((*internal/abi.SliceType).Key) to type internal/abi.SliceType
Creating type go-func-(243)
Creating function (*internal/abi.SliceType).Kind with type go-func-243(243)
Adding bound method Kind((*internal/abi.SliceType).Kind) to type internal/abi.SliceType
Creating type go-func-(244)
Creating function (*internal/abi.SliceType).Len with type go-func-244(244)
Adding bound method Len((*internal/abi.SliceType).Len) to type internal/abi.SliceType
Creating type go-func-(245)
Creating function (*internal/abi.SliceType).MapType with type go-func-245(245)
Adding bound method MapType((*internal/abi.SliceType).MapType) to type internal/abi.SliceType
Creating type go-func-(246)
Creating function (*internal/abi.SliceType).NumMethod with type go-func-246(246)
Adding bound method NumMethod((*internal/abi.SliceType).NumMethod) to type internal/abi.SliceType
Creating type go-func-(247)
Creating function (*internal/abi.SliceType).Pointers with type go-func-247(247)
Adding bound method Pointers((*internal/abi.SliceType).Pointers) to type internal/abi.SliceType
Creating type go-func-(248)
Creating function (*internal/abi.SliceType).Size with type go-func-248(248)
Adding bound method Size((*internal/abi.SliceType).Size) to type internal/abi.SliceType
Creating type go-func-(249)
Creating function (*internal/abi.SliceType).StructType with type go-func-249(249)
Adding bound method StructType((*internal/abi.SliceType).StructType) to type internal/abi.SliceType
Creating type go-func-(250)
Creating function (*internal/abi.SliceType).Uncommon with type go-func-250(250)
Adding bound method Uncommon((*internal/abi.SliceType).Uncommon) to type internal/abi.SliceType
Creating type go-func-(251)
Creating function (*internal/abi.StructType).Align with type go-func-251(251)
Adding bound method Align((*internal/abi.StructType).Align) to type internal/abi.StructType
Creating type go-func-(252)
Creating function (*internal/abi.StructType).ArrayType with type go-func-252(252)
Adding bound method ArrayType((*internal/abi.StructType).ArrayType) to type internal/abi.StructType
Creating type go-func-(253)
Creating function (*internal/abi.StructType).ChanDir with type go-func-253(253)
Adding bound method ChanDir((*internal/abi.StructType).ChanDir) to type internal/abi.StructType
Creating type go-func-(254)
Creating function (*internal/abi.StructType).Common with type go-func-254(254)
Adding bound method Common((*internal/abi.StructType).Common) to type internal/abi.StructType
Creating type go-func-(255)
Creating function (*internal/abi.StructType).Elem with type go-func-255(255)
Adding bound method Elem((*internal/abi.StructType).Elem) to type internal/abi.StructType
Creating type go-func-(256)
Creating function (*internal/abi.StructType).ExportedMethods with type go-func-256(256)
Adding bound method ExportedMethods((*internal/abi.StructType).ExportedMethods) to type internal/abi.StructType
Creating type go-func-(257)
Creating function (*internal/abi.StructType).FieldAlign with type go-func-257(257)
Adding bound method FieldAlign((*internal/abi.StructType).FieldAlign) to type internal/abi.StructType
Creating type go-func-(258)
Creating function (*internal/abi.StructType).FuncType with type go-func-258(258)
Adding bound method FuncType((*internal/abi.StructType).FuncType) to type internal/abi.StructType
Creating type go-func-(259)
Creating function (*internal/abi.StructType).GcSlice with type go-func-259(259)
Adding bound method GcSlice((*internal/abi.StructType).GcSlice) to type internal/abi.StructType
Creating type go-func-(260)
Creating function (*internal/abi.StructType).HasName with type go-func-260(260)
Adding bound method HasName((*internal/abi.StructType).HasName) to type internal/abi.StructType
Creating type go-func-(261)
Creating function (*internal/abi.StructType).IfaceIndir with type go-func-261(261)
Adding bound method IfaceIndir((*internal/abi.StructType).IfaceIndir) to type internal/abi.StructType
Creating type go-func-(262)
Creating function (*internal/abi.StructType).InterfaceType with type go-func-262(262)
Adding bound method InterfaceType((*internal/abi.StructType).InterfaceType) to type internal/abi.StructType
Creating type go-func-(263)
Creating function (*internal/abi.StructType).IsDirectIface with type go-func-263(263)
Adding bound method IsDirectIface((*internal/abi.StructType).IsDirectIface) to type internal/abi.StructType
Creating type go-func-(264)
Creating function (*internal/abi.StructType).Key with type go-func-264(264)
Adding bound method Key((*internal/abi.StructType).Key) to type internal/abi.StructType
Creating type go-func-(265)
Creating function (*internal/abi.StructType).Kind with type go-func-265(265)
Adding bound method Kind((*internal/abi.StructType).Kind) to type internal/abi.StructType
Creating type go-func-(266)
Creating function (*internal/abi.StructType).Len with type go-func-266(266)
Adding bound method Len((*internal/abi.StructType).Len) to type internal/abi.StructType
Creating type go-func-(267)
Creating function (*internal/abi.StructType).MapType with type go-func-267(267)
Adding bound method MapType((*internal/abi.StructType).MapType) to type internal/abi.StructType
Creating type go-func-(268)
Creating function (*internal/abi.StructType).NumMethod with type go-func-268(268)
Adding bound method NumMethod((*internal/abi.StructType).NumMethod) to type internal/abi.StructType
Creating type go-func-(269)
Creating function (*internal/abi.StructType).Pointers with type go-func-269(269)
Adding bound method Pointers((*internal/abi.StructType).Pointers) to type internal/abi.StructType
Creating type go-func-(270)
Creating function (*internal/abi.StructType).Size with type go-func-270(270)
Adding bound method Size((*internal/abi.StructType).Size) to type internal/abi.StructType
Creating type go-func-(271)
Creating function (*internal/abi.StructType).StructType with type go-func-271(271)
Adding bound method StructType((*internal/abi.StructType).StructType) to type internal/abi.StructType
Creating type go-func-(272)
Creating function (*internal/abi.StructType).Uncommon with type go-func-272(272)
Adding bound method Uncommon((*internal/abi.StructType).Uncommon) to type internal/abi.StructType
Creating type go-func-(273)
Creating function (*internal/abi.SwissMapType).Align with type go-func-273(273)
Adding bound method Align((*internal/abi.SwissMapType).Align) to type internal/abi.SwissMapType
Creating type go-func-(274)
Creating function (*internal/abi.SwissMapType).ArrayType with type go-func-274(274)
Adding bound method ArrayType((*internal/abi.SwissMapType).ArrayType) to type internal/abi.SwissMapType
Creating type go-func-(275)
Creating function (*internal/abi.SwissMapType).ChanDir with type go-func-275(275)
Adding bound method ChanDir((*internal/abi.SwissMapType).ChanDir) to type internal/abi.SwissMapType
Creating type go-func-(276)
Creating function (*internal/abi.SwissMapType).Common with type go-func-276(276)
Adding bound method Common((*internal/abi.SwissMapType).Common) to type internal/abi.SwissMapType
Creating type go-func-(277)
Creating function (*internal/abi.SwissMapType).ExportedMethods with type go-func-277(277)
Adding bound method ExportedMethods((*internal/abi.SwissMapType).ExportedMethods) to type internal/abi.SwissMapType
Creating type go-func-(278)
Creating function (*internal/abi.SwissMapType).FieldAlign with type go-func-278(278)
Adding bound method FieldAlign((*internal/abi.SwissMapType).FieldAlign) to type internal/abi.SwissMapType
Creating type go-func-(279)
Creating function (*internal/abi.SwissMapType).FuncType with type go-func-279(279)
Adding bound method FuncType((*internal/abi.SwissMapType).FuncType) to type internal/abi.SwissMapType
Creating type go-func-(280)
Creating function (*internal/abi.SwissMapType).GcSlice with type go-func-280(280)
Adding bound method GcSlice((*internal/abi.SwissMapType).GcSlice) to type internal/abi.SwissMapType
Creating type go-func-(281)
Creating function (*internal/abi.SwissMapType).HasName with type go-func-281(281)
Adding bound method HasName((*internal/abi.SwissMapType).HasName) to type internal/abi.SwissMapType
Creating type go-func-(282)
Creating function (*internal/abi.SwissMapType).IfaceIndir with type go-func-282(282)
Adding bound method IfaceIndir((*internal/abi.SwissMapType).IfaceIndir) to type internal/abi.SwissMapType
Creating type go-func-(283)
Creating function (*internal/abi.SwissMapType).InterfaceType with type go-func-283(283)
Adding bound method InterfaceType((*internal/abi.SwissMapType).InterfaceType) to type internal/abi.SwissMapType
Creating type go-func-(284)
Creating function (*internal/abi.SwissMapType).IsDirectIface with type go-func-284(284)
Adding bound method IsDirectIface((*internal/abi.SwissMapType).IsDirectIface) to type internal/abi.SwissMapType
Creating type go-func-(285)
Creating function (*internal/abi.SwissMapType).Kind with type go-func-285(285)
Adding bound method Kind((*internal/abi.SwissMapType).Kind) to type internal/abi.SwissMapType
Creating type go-func-(286)
Creating function (*internal/abi.SwissMapType).Len with type go-func-286(286)
Adding bound method Len((*internal/abi.SwissMapType).Len) to type internal/abi.SwissMapType
Creating type go-func-(287)
Creating function (*internal/abi.SwissMapType).MapType with type go-func-287(287)
Adding bound method MapType((*internal/abi.SwissMapType).MapType) to type internal/abi.SwissMapType
Creating type go-func-(288)
Creating function (*internal/abi.SwissMapType).NumMethod with type go-func-288(288)
Adding bound method NumMethod((*internal/abi.SwissMapType).NumMethod) to type internal/abi.SwissMapType
Creating type go-func-(289)
Creating function (*internal/abi.SwissMapType).Pointers with type go-func-289(289)
Adding bound method Pointers((*internal/abi.SwissMapType).Pointers) to type internal/abi.SwissMapType
Creating type go-func-(290)
Creating function (*internal/abi.SwissMapType).Size with type go-func-290(290)
Adding bound method Size((*internal/abi.SwissMapType).Size) to type internal/abi.SwissMapType
Creating type go-func-(291)
Creating function (*internal/abi.SwissMapType).StructType with type go-func-291(291)
Adding bound method StructType((*internal/abi.SwissMapType).StructType) to type internal/abi.SwissMapType
Creating type go-func-(292)
Creating function (*internal/abi.SwissMapType).Uncommon with type go-func-292(292)
Adding bound method Uncommon((*internal/abi.SwissMapType).Uncommon) to type internal/abi.SwissMapType
Creating type internal/poll.FD(293)
Creating type go-struct-(294)
Creating type internal/poll.fdMutex(295)
Creating type go-struct-(296)
Setting underlying struct type for internal/poll.fdMutex to go-struct-296(296)
Creating type internal/poll.SysFile(297)
Creating type go-struct-(298)
Creating type syscall.Iovec(299)
Creating type go-struct-(300)
Setting underlying struct type for syscall.Iovec to go-struct-300(300)
Creating type []syscall.Iovec(301)
Creating type *[]syscall.Iovec(302)
Base of just created pointer type is []syscall.Iovec(301)
Setting underlying struct type for internal/poll.SysFile to go-struct-298(298)
Creating type internal/poll.pollDesc(303)
Creating type go-struct-(304)
Setting underlying struct type for internal/poll.pollDesc to go-struct-304(304)
Setting underlying struct type for internal/poll.FD to go-struct-294(294)
Creating type *internal/poll.FD(305)
Base of just created pointer type is internal/poll.FD(293)
Creating type go-func-(306)
Creating function (*internal/poll.FD).init with type go-func-306(306)
Adding bound method init((*internal/poll.FD).init) to type internal/poll.FD
Creating type internal/reflectlite.Value(307)
Creating type go-struct-(308)
Creating type internal/reflectlite.flag(309)
Setting underlying struct type for internal/reflectlite.Value to go-struct-308(308)
Creating type *internal/reflectlite.Value(310)
Base of just created pointer type is internal/reflectlite.Value(307)
Creating type go-func-(311)
Creating function (*internal/reflectlite.Value).CanSet with type go-func-311(311)
Adding bound method CanSet((*internal/reflectlite.Value).CanSet) to type internal/reflectlite.Value
Creating type go-func-(312)
Creating function (*internal/reflectlite.Value).Elem with type go-func-312(312)
Adding bound method Elem((*internal/reflectlite.Value).Elem) to type internal/reflectlite.Value
Creating type go-func-(313)
Creating function (*internal/reflectlite.Value).IsNil with type go-func-313(313)
Adding bound method IsNil((*internal/reflectlite.Value).IsNil) to type internal/reflectlite.Value
Creating type go-func-(314)
Creating function (*internal/reflectlite.Value).IsValid with type go-func-314(314)
Adding bound method IsValid((*internal/reflectlite.Value).IsValid) to type internal/reflectlite.Value
Creating type go-func-(315)
Creating function (*internal/reflectlite.Value).Kind with type go-func-315(315)
Adding bound method Kind((*internal/reflectlite.Value).Kind) to type internal/reflectlite.Value
Creating type go-func-(316)
Creating function (*internal/reflectlite.Value).Len with type go-func-316(316)
Adding bound method Len((*internal/reflectlite.Value).Len) to type internal/reflectlite.Value
Creating type go-func-(317)
Creating function (*internal/reflectlite.Value).Set with type go-func-317(317)
Adding bound method Set((*internal/reflectlite.Value).Set) to type internal/reflectlite.Value
Creating type internal/reflectlite.Type(1)
Interface type internal/reflectlite.Type has llvm opaque struct named internal/reflectlite.Type
Creating type go-interface(2)
Creating type go-func-(318)
Creating type go-func-(319)
Creating type go-func-(320)
Creating type go-func-(321)
Creating type go-func-(322)
Creating type go-func-(323)
Creating type go-func-(324)
Creating type go-func-(325)
Creating type go-func-(326)
Creating type go-func-(327)
Creating type go-func-(328)
Setting underlying interface type for internal/reflectlite.Type to go-interface2(2)
Creating type go-func-(329)
Creating function (*internal/reflectlite.Value).Type with type go-func-329(329)
Adding bound method Type((*internal/reflectlite.Value).Type) to type internal/reflectlite.Value
Creating type go-func-(330)
Creating function (*internal/reflectlite.Value).assignTo with type go-func-330(330)
Adding bound method assignTo((*internal/reflectlite.Value).assignTo) to type internal/reflectlite.Value
Creating type go-func-(331)
Creating function (*internal/reflectlite.Value).kind with type go-func-331(331)
Adding bound method kind((*internal/reflectlite.Value).kind) to type internal/reflectlite.Value
Creating type go-func-(332)
Creating function (*internal/reflectlite.Value).mustBeAssignable with type go-func-332(332)
Adding bound method mustBeAssignable((*internal/reflectlite.Value).mustBeAssignable) to type internal/reflectlite.Value
Creating type go-func-(333)
Creating function (*internal/reflectlite.Value).mustBeExported with type go-func-333(333)
Adding bound method mustBeExported((*internal/reflectlite.Value).mustBeExported) to type internal/reflectlite.Value
Creating type go-func-(334)
Creating function (*internal/reflectlite.Value).numMethod with type go-func-334(334)
Adding bound method numMethod((*internal/reflectlite.Value).numMethod) to type internal/reflectlite.Value
Creating type go-func-(335)
Creating function (*internal/reflectlite.Value).pointer with type go-func-335(335)
Adding bound method pointer((*internal/reflectlite.Value).pointer) to type internal/reflectlite.Value
Creating type go-func-(336)
Creating function (*internal/reflectlite.Value).ro with type go-func-336(336)
Adding bound method ro((*internal/reflectlite.Value).ro) to type internal/reflectlite.Value
Creating type go-func-(337)
Creating function (*internal/reflectlite.Value).typ with type go-func-337(337)
Adding bound method typ((*internal/reflectlite.Value).typ) to type internal/reflectlite.Value
Creating type io.PipeReader(338)
Creating type go-struct-(339)
Creating type io.pipe(340)
Creating type go-struct-(341)
Creating type sync.Mutex(342)
Creating type go-struct-(343)
Creating type sync.noCopy(344)
Creating type -go-empty-struct(345)
Setting underlying struct type for sync.noCopy to -go-empty-struct(345)
Creating type internal/sync.Mutex(346)
Creating type go-struct-(347)
Setting underlying struct type for internal/sync.Mutex to go-struct-347(347)
Setting underlying struct type for sync.Mutex to go-struct-343(343)
Creating type chan-[]byte(348)
Creating type chan-int(349)
Creating type sync.Once(350)
Creating type go-struct-(351)
Creating type sync/atomic.Uint32(352)
Creating type go-struct-(353)
Creating type sync/atomic.noCopy(354)
Setting underlying struct type for sync/atomic.noCopy to -go-empty-struct(345)
Setting underlying struct type for sync/atomic.Uint32 to go-struct-353(353)
Setting underlying struct type for sync.Once to go-struct-351(351)
Creating type chan--go-empty-struct(355)
Creating type io.onceError(356)
Creating type go-struct-(357)
Creating type error(3)
Interface type error has llvm opaque struct named error
Creating type go-interface(4)
Creating type go-func-(358)
Setting underlying interface type for error to go-interface4(4)
Setting underlying struct type for io.onceError to go-struct-357(357)
Setting underlying struct type for io.pipe to go-struct-341(341)
Setting underlying struct type for io.PipeReader to go-struct-339(339)
Creating type *io.PipeReader(359)
Base of just created pointer type is io.PipeReader(338)
Creating type go-func-(360)
Creating function (*io.PipeReader).closeRead with type go-func-360(360)
Adding bound method closeRead((*io.PipeReader).closeRead) to type io.PipeReader
Creating type go-func-(361)
Creating function (*io.PipeReader).closeWrite with type go-func-361(361)
Adding bound method closeWrite((*io.PipeReader).closeWrite) to type io.PipeReader
Creating type go-func-(362)
Creating function (*io.PipeReader).read with type go-func-362(362)
Adding bound method read((*io.PipeReader).read) to type io.PipeReader
Creating type go-func-(363)
Creating function (*io.PipeReader).readCloseError with type go-func-363(363)
Adding bound method readCloseError((*io.PipeReader).readCloseError) to type io.PipeReader
Creating type go-func-(364)
Creating function (*io.PipeReader).write with type go-func-364(364)
Adding bound method write((*io.PipeReader).write) to type io.PipeReader
Creating type go-func-(365)
Creating function (*io.PipeReader).writeCloseError with type go-func-365(365)
Adding bound method writeCloseError((*io.PipeReader).writeCloseError) to type io.PipeReader
Creating type io/fs.FileMode(366)
Creating type *io/fs.FileMode(367)
Base of just created pointer type is io/fs.FileMode(366)
Creating type go-func-(368)
Creating function (*io/fs.FileMode).IsDir with type go-func-368(368)
Adding bound method IsDir((*io/fs.FileMode).IsDir) to type io/fs.FileMode
Creating type go-func-(369)
Creating function (*io/fs.FileMode).IsRegular with type go-func-369(369)
Adding bound method IsRegular((*io/fs.FileMode).IsRegular) to type io/fs.FileMode
Creating type go-func-(370)
Creating function (*io/fs.FileMode).Perm with type go-func-370(370)
Adding bound method Perm((*io/fs.FileMode).Perm) to type io/fs.FileMode
Creating type go-func-(371)
Creating function (*io/fs.FileMode).String with type go-func-371(371)
Adding bound method String((*io/fs.FileMode).String) to type io/fs.FileMode
Creating type go-func-(372)
Creating function (*io/fs.FileMode).Type with type go-func-372(372)
Adding bound method Type((*io/fs.FileMode).Type) to type io/fs.FileMode
Creating type os.File(373)
Creating type go-struct-(374)
Creating type os.file(375)
Creating type go-struct-(376)
Creating type sync/atomic.Pointer[os.dirInfo](377)
Creating type os.dirInfo(378)
Creating type go-struct-(379)
Setting underlying struct type for os.dirInfo to go-struct-379(379)
Creating type go-struct-(380)
Creating type *os.dirInfo(381)
Base of just created pointer type is os.dirInfo(378)
Creating type *os.dirInfo[0](382)
Setting underlying struct type for sync/atomic.Pointer[os.dirInfo] to go-struct-380(380)
Setting underlying struct type for os.file to go-struct-376(376)
Creating type *os.file(383)
Base of just created pointer type is os.file(375)
Setting underlying struct type for os.File to go-struct-374(374)
Creating type *os.File(384)
Base of just created pointer type is os.File(373)
Creating type go-func-(385)
Creating function (*os.File).close with type go-func-385(385)
Adding bound method close((*os.File).close) to type os.File
Creating type reflect.ChanDir(386)
Creating type *reflect.ChanDir(387)
Base of just created pointer type is reflect.ChanDir(386)
Creating type go-func-(388)
Creating function (*reflect.ChanDir).String with type go-func-388(388)
Adding bound method String((*reflect.ChanDir).String) to type reflect.ChanDir
Creating type reflect.Kind(389)
Creating type *reflect.Kind(390)
Base of just created pointer type is reflect.Kind(389)
Creating type go-func-(391)
Creating function (*reflect.Kind).String with type go-func-391(391)
Adding bound method String((*reflect.Kind).String) to type reflect.Kind
Creating type reflect.Method(392)
Creating type go-struct-(393)
Creating type reflect.Type(5)
Interface type reflect.Type has llvm opaque struct named reflect.Type
Creating type go-interface(6)
Creating type go-func-(394)
Creating type go-func-(395)
Creating type go-func-(396)
Creating type go-func-(397)
Creating type go-func-(398)
Creating type go-func-(399)
Creating type go-func-(400)
Creating type go-func-(401)
Creating type go-func-(402)
Creating type reflect.StructField(403)
Creating type go-struct-(404)
Creating type reflect.StructTag(405)
Creating type []int(406)
Setting underlying struct type for reflect.StructField to go-struct-404(404)
Creating type go-func-(407)
Creating type go-func-(408)
Creating type go-func-(409)
Creating type go-func-(410)
Creating type go-func-(411)
Creating type go-func-(412)
Creating type go-func-(413)
Creating type go-func-(414)
Creating type go-func-(415)
Creating type go-func-(416)
Creating type go-func-(417)
Creating type go-func-(418)
Creating type go-func-(419)
Creating type go-func-(420)
Creating type go-func-(421)
Creating type go-func-(422)
Creating type go-func-(423)
Creating type go-func-(424)
Creating type go-func-(425)
Creating type go-func-(426)
Creating type go-func-(427)
Creating type go-func-(428)
Creating type go-func-(429)
Creating type go-func-(430)
Creating type go-func-(431)
Creating type go-func-(432)
Creating type go-func-(433)
Creating type go-func-(434)
Creating type go-func-(435)
Setting underlying interface type for reflect.Type to go-interface6(6)
Creating type reflect.Value(436)
Creating type go-struct-(437)
Creating type reflect.flag(438)
Setting underlying struct type for reflect.Value to go-struct-437(437)
Setting underlying struct type for reflect.Method to go-struct-393(393)
Creating type *reflect.Method(439)
Base of just created pointer type is reflect.Method(392)
Creating type go-func-(440)
Creating function (*reflect.Method).IsExported with type go-func-440(440)
Adding bound method IsExported((*reflect.Method).IsExported) to type reflect.Method
Creating type *reflect.StructField(441)
Base of just created pointer type is reflect.StructField(403)
Creating type go-func-(442)
Creating function (*reflect.StructField).IsExported with type go-func-442(442)
Adding bound method IsExported((*reflect.StructField).IsExported) to type reflect.StructField
Creating type *reflect.StructTag(443)
Base of just created pointer type is reflect.StructTag(405)
Creating type go-func-(444)
Creating function (*reflect.StructTag).Get with type go-func-444(444)
Adding bound method Get((*reflect.StructTag).Get) to type reflect.StructTag
Creating type go-func-(445)
Creating function (*reflect.StructTag).Lookup with type go-func-445(445)
Adding bound method Lookup((*reflect.StructTag).Lookup) to type reflect.StructTag
Creating type *reflect.Value(446)
Base of just created pointer type is reflect.Value(436)
Creating type go-func-(447)
Creating function (*reflect.Value).Addr with type go-func-447(447)
Adding bound method Addr((*reflect.Value).Addr) to type reflect.Value
Creating type go-func-(448)
Creating function (*reflect.Value).Bool with type go-func-448(448)
Adding bound method Bool((*reflect.Value).Bool) to type reflect.Value
Creating type go-func-(449)
Creating function (*reflect.Value).Bytes with type go-func-449(449)
Adding bound method Bytes((*reflect.Value).Bytes) to type reflect.Value
Creating type []reflect.Value(450)
Creating type go-func-(451)
Creating function (*reflect.Value).Call with type go-func-451(451)
Adding bound method Call((*reflect.Value).Call) to type reflect.Value
Creating type go-func-(452)
Creating function (*reflect.Value).CallSlice with type go-func-452(452)
Adding bound method CallSlice((*reflect.Value).CallSlice) to type reflect.Value
Creating type go-func-(453)
Creating function (*reflect.Value).CanAddr with type go-func-453(453)
Adding bound method CanAddr((*reflect.Value).CanAddr) to type reflect.Value
Creating type go-func-(454)
Creating function (*reflect.Value).CanComplex with type go-func-454(454)
Adding bound method CanComplex((*reflect.Value).CanComplex) to type reflect.Value
Creating type go-func-(455)
Creating function (*reflect.Value).CanConvert with type go-func-455(455)
Adding bound method CanConvert((*reflect.Value).CanConvert) to type reflect.Value
Creating type go-func-(456)
Creating function (*reflect.Value).CanFloat with type go-func-456(456)
Adding bound method CanFloat((*reflect.Value).CanFloat) to type reflect.Value
Creating type go-func-(457)
Creating function (*reflect.Value).CanInt with type go-func-457(457)
Adding bound method CanInt((*reflect.Value).CanInt) to type reflect.Value
Creating type go-func-(458)
Creating function (*reflect.Value).CanInterface with type go-func-458(458)
Adding bound method CanInterface((*reflect.Value).CanInterface) to type reflect.Value
Creating type go-func-(459)
Creating function (*reflect.Value).CanSet with type go-func-459(459)
Adding bound method CanSet((*reflect.Value).CanSet) to type reflect.Value
Creating type go-func-(460)
Creating function (*reflect.Value).CanUint with type go-func-460(460)
Adding bound method CanUint((*reflect.Value).CanUint) to type reflect.Value
Creating type go-func-(461)
Creating function (*reflect.Value).Cap with type go-func-461(461)
Adding bound method Cap((*reflect.Value).Cap) to type reflect.Value
Creating type go-func-(462)
Creating function (*reflect.Value).Clear with type go-func-462(462)
Adding bound method Clear((*reflect.Value).Clear) to type reflect.Value
Creating type go-func-(463)
Creating function (*reflect.Value).Close with type go-func-463(463)
Adding bound method Close((*reflect.Value).Close) to type reflect.Value
Creating type go-func-(464)
Creating function (*reflect.Value).Comparable with type go-func-464(464)
Adding bound method Comparable((*reflect.Value).Comparable) to type reflect.Value
Creating type go-func-(465)
Creating function (*reflect.Value).Complex with type go-func-465(465)
Adding bound method Complex((*reflect.Value).Complex) to type reflect.Value
Creating type go-func-(466)
Creating function (*reflect.Value).Convert with type go-func-466(466)
Adding bound method Convert((*reflect.Value).Convert) to type reflect.Value
Creating type go-func-(467)
Creating function (*reflect.Value).Elem with type go-func-467(467)
Adding bound method Elem((*reflect.Value).Elem) to type reflect.Value
Creating type go-func-(468)
Creating function (*reflect.Value).Equal with type go-func-468(468)
Adding bound method Equal((*reflect.Value).Equal) to type reflect.Value
Creating type go-func-(469)
Creating function (*reflect.Value).Field with type go-func-469(469)
Adding bound method Field((*reflect.Value).Field) to type reflect.Value
Creating type go-func-(470)
Creating function (*reflect.Value).FieldByIndex with type go-func-470(470)
Adding bound method FieldByIndex((*reflect.Value).FieldByIndex) to type reflect.Value
Creating type go-func-(471)
Creating function (*reflect.Value).FieldByIndexErr with type go-func-471(471)
Adding bound method FieldByIndexErr((*reflect.Value).FieldByIndexErr) to type reflect.Value
Creating type go-func-(472)
Creating function (*reflect.Value).FieldByName with type go-func-472(472)
Adding bound method FieldByName((*reflect.Value).FieldByName) to type reflect.Value
Creating type go-func-(473)
Creating type go-func-(474)
Creating function (*reflect.Value).FieldByNameFunc with type go-func-474(474)
Adding bound method FieldByNameFunc((*reflect.Value).FieldByNameFunc) to type reflect.Value
Creating type go-func-(475)
Creating function (*reflect.Value).Float with type go-func-475(475)
Adding bound method Float((*reflect.Value).Float) to type reflect.Value
Creating type go-func-(476)
Creating function (*reflect.Value).Grow with type go-func-476(476)
Adding bound method Grow((*reflect.Value).Grow) to type reflect.Value
Creating type go-func-(477)
Creating function (*reflect.Value).Index with type go-func-477(477)
Adding bound method Index((*reflect.Value).Index) to type reflect.Value
Creating type go-func-(478)
Creating function (*reflect.Value).Int with type go-func-478(478)
Adding bound method Int((*reflect.Value).Int) to type reflect.Value
Creating type go-func-(479)
Creating function (*reflect.Value).Interface with type go-func-479(479)
Adding bound method Interface((*reflect.Value).Interface) to type reflect.Value
Creating type uintptr[2](480)
Creating type go-func-(481)
Creating function (*reflect.Value).InterfaceData with type go-func-481(481)
Adding bound method InterfaceData((*reflect.Value).InterfaceData) to type reflect.Value
Creating type go-func-(482)
Creating function (*reflect.Value).IsNil with type go-func-482(482)
Adding bound method IsNil((*reflect.Value).IsNil) to type reflect.Value
Creating type go-func-(483)
Creating function (*reflect.Value).IsValid with type go-func-483(483)
Adding bound method IsValid((*reflect.Value).IsValid) to type reflect.Value
Creating type go-func-(484)
Creating function (*reflect.Value).IsZero with type go-func-484(484)
Adding bound method IsZero((*reflect.Value).IsZero) to type reflect.Value
Creating type go-func-(485)
Creating function (*reflect.Value).Kind with type go-func-485(485)
Adding bound method Kind((*reflect.Value).Kind) to type reflect.Value
Creating type go-func-(486)
Creating function (*reflect.Value).Len with type go-func-486(486)
Adding bound method Len((*reflect.Value).Len) to type reflect.Value
Creating type go-func-(487)
Creating function (*reflect.Value).MapIndex with type go-func-487(487)
Adding bound method MapIndex((*reflect.Value).MapIndex) to type reflect.Value
Creating type go-func-(488)
Creating function (*reflect.Value).MapKeys with type go-func-488(488)
Adding bound method MapKeys((*reflect.Value).MapKeys) to type reflect.Value
Creating type reflect.MapIter(489)
Creating type go-struct-(490)
Creating type internal/runtime/maps.Iter(491)
Creating type go-struct-(492)
Creating type internal/runtime/maps.Map(493)
Creating type go-struct-(494)
Setting underlying struct type for internal/runtime/maps.Map to go-struct-494(494)
Creating type *internal/runtime/maps.Map(495)
Base of just created pointer type is internal/runtime/maps.Map(493)
Creating type internal/runtime/maps.table(496)
Creating type go-struct-(497)
Creating type internal/runtime/maps.groupsReference(498)
Creating type go-struct-(499)
Setting underlying struct type for internal/runtime/maps.groupsReference to go-struct-499(499)
Setting underlying struct type for internal/runtime/maps.table to go-struct-497(497)
Creating type *internal/runtime/maps.table(500)
Base of just created pointer type is internal/runtime/maps.table(496)
Creating type internal/runtime/maps.groupReference(501)
Creating type go-struct-(502)
Setting underlying struct type for internal/runtime/maps.groupReference to go-struct-502(502)
Setting underlying struct type for internal/runtime/maps.Iter to go-struct-492(492)
Setting underlying struct type for reflect.MapIter to go-struct-490(490)
Creating type *reflect.MapIter(503)
Base of just created pointer type is reflect.MapIter(489)
Creating type go-func-(504)
Creating function (*reflect.Value).MapRange with type go-func-504(504)
Adding bound method MapRange((*reflect.Value).MapRange) to type reflect.Value
Creating type go-func-(505)
Creating function (*reflect.Value).Method with type go-func-505(505)
Adding bound method Method((*reflect.Value).Method) to type reflect.Value
Creating type go-func-(506)
Creating function (*reflect.Value).MethodByName with type go-func-506(506)
Adding bound method MethodByName((*reflect.Value).MethodByName) to type reflect.Value
Creating type go-func-(507)
Creating function (*reflect.Value).NumField with type go-func-507(507)
Adding bound method NumField((*reflect.Value).NumField) to type reflect.Value
Creating type go-func-(508)
Creating function (*reflect.Value).NumMethod with type go-func-508(508)
Adding bound method NumMethod((*reflect.Value).NumMethod) to type reflect.Value
Creating type go-func-(509)
Creating function (*reflect.Value).OverflowComplex with type go-func-509(509)
Adding bound method OverflowComplex((*reflect.Value).OverflowComplex) to type reflect.Value
Creating type go-func-(510)
Creating function (*reflect.Value).OverflowFloat with type go-func-510(510)
Adding bound method OverflowFloat((*reflect.Value).OverflowFloat) to type reflect.Value
Creating type go-func-(511)
Creating function (*reflect.Value).OverflowInt with type go-func-511(511)
Adding bound method OverflowInt((*reflect.Value).OverflowInt) to type reflect.Value
Creating type go-func-(512)
Creating function (*reflect.Value).OverflowUint with type go-func-512(512)
Adding bound method OverflowUint((*reflect.Value).OverflowUint) to type reflect.Value
Creating type go-func-(513)
Creating function (*reflect.Value).Pointer with type go-func-513(513)
Adding bound method Pointer((*reflect.Value).Pointer) to type reflect.Value
Creating type go-func-(514)
Creating function (*reflect.Value).Recv with type go-func-514(514)
Adding bound method Recv((*reflect.Value).Recv) to type reflect.Value
Creating type go-func-(515)
Creating function (*reflect.Value).Send with type go-func-515(515)
Adding bound method Send((*reflect.Value).Send) to type reflect.Value
Creating type iter.Seq[reflect.Value](516)
Creating type go-func-(517)
Creating type go-func-(518)
Setting underlying func type for iter.Seq[reflect.Value] to go-func-518(518)
Return type = void
Creating type go-func-(519)
Creating function (*reflect.Value).Seq with type go-func-519(519)
Adding bound method Seq((*reflect.Value).Seq) to type reflect.Value
Creating type iter.Seq2[reflect.Value, reflect.Value](520)
Creating type go-func-(521)
Creating type go-func-(522)
Setting underlying func type for iter.Seq2[reflect.Value, reflect.Value] to go-func-522(522)
Return type = void
Creating type go-func-(523)
Creating function (*reflect.Value).Seq2 with type go-func-523(523)
Adding bound method Seq2((*reflect.Value).Seq2) to type reflect.Value
Creating type go-func-(524)
Creating function (*reflect.Value).Set with type go-func-524(524)
Adding bound method Set((*reflect.Value).Set) to type reflect.Value
Creating type go-func-(525)
Creating function (*reflect.Value).SetBool with type go-func-525(525)
Adding bound method SetBool((*reflect.Value).SetBool) to type reflect.Value
Creating type go-func-(526)
Creating function (*reflect.Value).SetBytes with type go-func-526(526)
Adding bound method SetBytes((*reflect.Value).SetBytes) to type reflect.Value
Creating type go-func-(527)
Creating function (*reflect.Value).SetCap with type go-func-527(527)
Adding bound method SetCap((*reflect.Value).SetCap) to type reflect.Value
Creating type go-func-(528)
Creating function (*reflect.Value).SetComplex with type go-func-528(528)
Adding bound method SetComplex((*reflect.Value).SetComplex) to type reflect.Value
Creating type go-func-(529)
Creating function (*reflect.Value).SetFloat with type go-func-529(529)
Adding bound method SetFloat((*reflect.Value).SetFloat) to type reflect.Value
Creating type go-func-(530)
Creating function (*reflect.Value).SetInt with type go-func-530(530)
Adding bound method SetInt((*reflect.Value).SetInt) to type reflect.Value
Creating type go-func-(531)
Creating function (*reflect.Value).SetIterKey with type go-func-531(531)
Adding bound method SetIterKey((*reflect.Value).SetIterKey) to type reflect.Value
Creating type go-func-(532)
Creating function (*reflect.Value).SetIterValue with type go-func-532(532)
Adding bound method SetIterValue((*reflect.Value).SetIterValue) to type reflect.Value
Creating type go-func-(533)
Creating function (*reflect.Value).SetLen with type go-func-533(533)
Adding bound method SetLen((*reflect.Value).SetLen) to type reflect.Value
Creating type go-func-(534)
Creating function (*reflect.Value).SetMapIndex with type go-func-534(534)
Adding bound method SetMapIndex((*reflect.Value).SetMapIndex) to type reflect.Value
Creating type go-func-(535)
Creating function (*reflect.Value).SetPointer with type go-func-535(535)
Adding bound method SetPointer((*reflect.Value).SetPointer) to type reflect.Value
Creating type go-func-(536)
Creating function (*reflect.Value).SetString with type go-func-536(536)
Adding bound method SetString((*reflect.Value).SetString) to type reflect.Value
Creating type go-func-(537)
Creating function (*reflect.Value).SetUint with type go-func-537(537)
Adding bound method SetUint((*reflect.Value).SetUint) to type reflect.Value
Creating type go-func-(538)
Creating function (*reflect.Value).SetZero with type go-func-538(538)
Adding bound method SetZero((*reflect.Value).SetZero) to type reflect.Value
Creating type go-func-(539)
Creating function (*reflect.Value).Slice with type go-func-539(539)
Adding bound method Slice((*reflect.Value).Slice) to type reflect.Value
Creating type go-func-(540)
Creating function (*reflect.Value).Slice3 with type go-func-540(540)
Adding bound method Slice3((*reflect.Value).Slice3) to type reflect.Value
Creating type go-func-(541)
Creating function (*reflect.Value).String with type go-func-541(541)
Adding bound method String((*reflect.Value).String) to type reflect.Value
Creating type go-func-(542)
Creating function (*reflect.Value).TryRecv with type go-func-542(542)
Adding bound method TryRecv((*reflect.Value).TryRecv) to type reflect.Value
Creating type go-func-(543)
Creating function (*reflect.Value).TrySend with type go-func-543(543)
Adding bound method TrySend((*reflect.Value).TrySend) to type reflect.Value
Creating type go-func-(544)
Creating function (*reflect.Value).Type with type go-func-544(544)
Adding bound method Type((*reflect.Value).Type) to type reflect.Value
Creating type go-func-(545)
Creating function (*reflect.Value).Uint with type go-func-545(545)
Adding bound method Uint((*reflect.Value).Uint) to type reflect.Value
Creating type go-func-(546)
Creating function (*reflect.Value).UnsafeAddr with type go-func-546(546)
Adding bound method UnsafeAddr((*reflect.Value).UnsafeAddr) to type reflect.Value
Creating type go-func-(547)
Creating function (*reflect.Value).UnsafePointer with type go-func-547(547)
Adding bound method UnsafePointer((*reflect.Value).UnsafePointer) to type reflect.Value
Creating type go-func-(548)
Creating function (*reflect.Value).abiType with type go-func-548(548)
Adding bound method abiType((*reflect.Value).abiType) to type reflect.Value
Creating type go-func-(549)
Creating function (*reflect.Value).abiTypeSlow with type go-func-549(549)
Adding bound method abiTypeSlow((*reflect.Value).abiTypeSlow) to type reflect.Value
Creating type go-func-(550)
Creating function (*reflect.Value).assignTo with type go-func-550(550)
Adding bound method assignTo((*reflect.Value).assignTo) to type reflect.Value
Creating type go-func-(551)
Creating function (*reflect.Value).bytesSlow with type go-func-551(551)
Adding bound method bytesSlow((*reflect.Value).bytesSlow) to type reflect.Value
Creating type go-func-(552)
Creating function (*reflect.Value).call with type go-func-552(552)
Adding bound method call((*reflect.Value).call) to type reflect.Value
Creating type go-func-(553)
Creating function (*reflect.Value).capNonSlice with type go-func-553(553)
Adding bound method capNonSlice((*reflect.Value).capNonSlice) to type reflect.Value
Creating type go-func-(554)
Creating function (*reflect.Value).extendSlice with type go-func-554(554)
Adding bound method extendSlice((*reflect.Value).extendSlice) to type reflect.Value
Creating type go-func-(555)
Creating function (*reflect.Value).grow with type go-func-555(555)
Adding bound method grow((*reflect.Value).grow) to type reflect.Value
Creating type go-func-(556)
Creating function (*reflect.Value).kind with type go-func-556(556)
Adding bound method kind((*reflect.Value).kind) to type reflect.Value
Creating type go-func-(557)
Creating function (*reflect.Value).lenNonSlice with type go-func-557(557)
Adding bound method lenNonSlice((*reflect.Value).lenNonSlice) to type reflect.Value
Creating type go-func-(558)
Creating function (*reflect.Value).mustBe with type go-func-558(558)
Adding bound method mustBe((*reflect.Value).mustBe) to type reflect.Value
Creating type go-func-(559)
Creating function (*reflect.Value).mustBeAssignable with type go-func-559(559)
Adding bound method mustBeAssignable((*reflect.Value).mustBeAssignable) to type reflect.Value
Creating type go-func-(560)
Creating function (*reflect.Value).mustBeAssignableSlow with type go-func-560(560)
Adding bound method mustBeAssignableSlow((*reflect.Value).mustBeAssignableSlow) to type reflect.Value
Creating type go-func-(561)
Creating function (*reflect.Value).mustBeExported with type go-func-561(561)
Adding bound method mustBeExported((*reflect.Value).mustBeExported) to type reflect.Value
Creating type go-func-(562)
Creating function (*reflect.Value).mustBeExportedSlow with type go-func-562(562)
Adding bound method mustBeExportedSlow((*reflect.Value).mustBeExportedSlow) to type reflect.Value
Creating type go-func-(563)
Creating function (*reflect.Value).panicNotBool with type go-func-563(563)
Adding bound method panicNotBool((*reflect.Value).panicNotBool) to type reflect.Value
Creating type go-func-(564)
Creating function (*reflect.Value).panicNotMap with type go-func-564(564)
Adding bound method panicNotMap((*reflect.Value).panicNotMap) to type reflect.Value
Creating type go-func-(565)
Creating function (*reflect.Value).pointer with type go-func-565(565)
Adding bound method pointer((*reflect.Value).pointer) to type reflect.Value
Creating type go-func-(566)
Creating function (*reflect.Value).recv with type go-func-566(566)
Adding bound method recv((*reflect.Value).recv) to type reflect.Value
Creating type go-func-(567)
Creating function (*reflect.Value).ro with type go-func-567(567)
Adding bound method ro((*reflect.Value).ro) to type reflect.Value
Creating type []rune(568)
Creating type go-func-(569)
Creating function (*reflect.Value).runes with type go-func-569(569)
Adding bound method runes((*reflect.Value).runes) to type reflect.Value
Creating type go-func-(570)
Creating function (*reflect.Value).send with type go-func-570(570)
Adding bound method send((*reflect.Value).send) to type reflect.Value
Creating type go-func-(571)
Creating function (*reflect.Value).setRunes with type go-func-571(571)
Adding bound method setRunes((*reflect.Value).setRunes) to type reflect.Value
Creating type go-func-(572)
Creating function (*reflect.Value).stringNonString with type go-func-572(572)
Adding bound method stringNonString((*reflect.Value).stringNonString) to type reflect.Value
Creating type go-func-(573)
Creating function (*reflect.Value).typ with type go-func-573(573)
Adding bound method typ((*reflect.Value).typ) to type reflect.Value
Creating type go-func-(574)
Creating function (*reflect.Value).typeSlow with type go-func-574(574)
Adding bound method typeSlow((*reflect.Value).typeSlow) to type reflect.Value
Creating type runtime.BlockProfileRecord(575)
Creating type go-struct-(576)
Creating type runtime.StackRecord(577)
Creating type go-struct-(578)
Creating type uintptr[32](579)
Setting underlying struct type for runtime.StackRecord to go-struct-578(578)
Setting underlying struct type for runtime.BlockProfileRecord to go-struct-576(576)
Creating type *runtime.BlockProfileRecord(580)
Base of just created pointer type is runtime.BlockProfileRecord(575)
Creating type []uintptr(581)
Creating type go-func-(582)
Creating function (*runtime.BlockProfileRecord).Stack with type go-func-582(582)
Adding bound method Stack((*runtime.BlockProfileRecord).Stack) to type runtime.BlockProfileRecord
Creating type runtime.Cleanup(583)
Creating type go-struct-(584)
Setting underlying struct type for runtime.Cleanup to go-struct-584(584)
Creating type *runtime.Cleanup(585)
Base of just created pointer type is runtime.Cleanup(583)
Creating type go-func-(586)
Creating function (*runtime.Cleanup).Stop with type go-func-586(586)
Adding bound method Stop((*runtime.Cleanup).Stop) to type runtime.Cleanup
Creating type runtime.Pinner(587)
Creating type go-struct-(588)
Creating type runtime.pinner(589)
Creating type go-struct-(590)
Creating type []unsafe.Pointer(591)
Creating type unsafe.Pointer[5](592)
Setting underlying struct type for runtime.pinner to go-struct-590(590)
Creating type *runtime.pinner(593)
Base of just created pointer type is runtime.pinner(589)
Setting underlying struct type for runtime.Pinner to go-struct-588(588)
Creating type *runtime.Pinner(594)
Base of just created pointer type is runtime.Pinner(587)
Creating type go-func-(595)
Creating function (*runtime.Pinner).unpin with type go-func-595(595)
Adding bound method unpin((*runtime.Pinner).unpin) to type runtime.Pinner
Creating type syscall.Errno(596)
Creating type *syscall.Errno(597)
Base of just created pointer type is syscall.Errno(596)
Creating type go-func-(598)
Creating function (*syscall.Errno).Error with type go-func-598(598)
Adding bound method Error((*syscall.Errno).Error) to type syscall.Errno
Creating type go-func-(599)
Creating function (*syscall.Errno).Is with type go-func-599(599)
Adding bound method Is((*syscall.Errno).Is) to type syscall.Errno
Creating type go-func-(600)
Creating function (*syscall.Errno).Temporary with type go-func-600(600)
Adding bound method Temporary((*syscall.Errno).Temporary) to type syscall.Errno
Creating type go-func-(601)
Creating function (*syscall.Errno).Timeout with type go-func-601(601)
Adding bound method Timeout((*syscall.Errno).Timeout) to type syscall.Errno
Creating type syscall.Signal(602)
Creating type *syscall.Signal(603)
Base of just created pointer type is syscall.Signal(602)
Creating type go-func-(604)
Creating function (*syscall.Signal).Signal with type go-func-604(604)
Adding bound method Signal((*syscall.Signal).Signal) to type syscall.Signal
Creating type go-func-(605)
Creating function (*syscall.Signal).String with type go-func-605(605)
Adding bound method String((*syscall.Signal).String) to type syscall.Signal
Creating type syscall.WaitStatus(606)
Creating type *syscall.WaitStatus(607)
Base of just created pointer type is syscall.WaitStatus(606)
Creating type go-func-(608)
Creating function (*syscall.WaitStatus).Continued with type go-func-608(608)
Adding bound method Continued((*syscall.WaitStatus).Continued) to type syscall.WaitStatus
Creating type go-func-(609)
Creating function (*syscall.WaitStatus).CoreDump with type go-func-609(609)
Adding bound method CoreDump((*syscall.WaitStatus).CoreDump) to type syscall.WaitStatus
Creating type go-func-(610)
Creating function (*syscall.WaitStatus).ExitStatus with type go-func-610(610)
Adding bound method ExitStatus((*syscall.WaitStatus).ExitStatus) to type syscall.WaitStatus
Creating type go-func-(611)
Creating function (*syscall.WaitStatus).Exited with type go-func-611(611)
Adding bound method Exited((*syscall.WaitStatus).Exited) to type syscall.WaitStatus
Creating type go-func-(612)
Creating function (*syscall.WaitStatus).Signal with type go-func-612(612)
Adding bound method Signal((*syscall.WaitStatus).Signal) to type syscall.WaitStatus
Creating type go-func-(613)
Creating function (*syscall.WaitStatus).Signaled with type go-func-613(613)
Adding bound method Signaled((*syscall.WaitStatus).Signaled) to type syscall.WaitStatus
Creating type go-func-(614)
Creating function (*syscall.WaitStatus).StopSignal with type go-func-614(614)
Adding bound method StopSignal((*syscall.WaitStatus).StopSignal) to type syscall.WaitStatus
Creating type go-func-(615)
Creating function (*syscall.WaitStatus).Stopped with type go-func-615(615)
Adding bound method Stopped((*syscall.WaitStatus).Stopped) to type syscall.WaitStatus
Creating type go-func-(616)
Creating function (*syscall.WaitStatus).TrapCause with type go-func-616(616)
Adding bound method TrapCause((*syscall.WaitStatus).TrapCause) to type syscall.WaitStatus
Creating type time.Duration(617)
Creating type *time.Duration(618)
Base of just created pointer type is time.Duration(617)
Creating type go-func-(619)
Creating function (*time.Duration).Abs with type go-func-619(619)
Adding bound method Abs((*time.Duration).Abs) to type time.Duration
Creating type go-func-(620)
Creating function (*time.Duration).Hours with type go-func-620(620)
Adding bound method Hours((*time.Duration).Hours) to type time.Duration
Creating type go-func-(621)
Creating function (*time.Duration).Microseconds with type go-func-621(621)
Adding bound method Microseconds((*time.Duration).Microseconds) to type time.Duration
Creating type go-func-(622)
Creating function (*time.Duration).Milliseconds with type go-func-622(622)
Adding bound method Milliseconds((*time.Duration).Milliseconds) to type time.Duration
Creating type go-func-(623)
Creating function (*time.Duration).Minutes with type go-func-623(623)
Adding bound method Minutes((*time.Duration).Minutes) to type time.Duration
Creating type go-func-(624)
Creating function (*time.Duration).Nanoseconds with type go-func-624(624)
Adding bound method Nanoseconds((*time.Duration).Nanoseconds) to type time.Duration
Creating type go-func-(625)
Creating function (*time.Duration).Round with type go-func-625(625)
Adding bound method Round((*time.Duration).Round) to type time.Duration
Creating type go-func-(626)
Creating function (*time.Duration).Seconds with type go-func-626(626)
Adding bound method Seconds((*time.Duration).Seconds) to type time.Duration
Creating type go-func-(627)
Creating function (*time.Duration).String with type go-func-627(627)
Adding bound method String((*time.Duration).String) to type time.Duration
Creating type go-func-(628)
Creating function (*time.Duration).Truncate with type go-func-628(628)
Adding bound method Truncate((*time.Duration).Truncate) to type time.Duration
Creating type byte[32](629)
Creating type *byte[32](630)
Base of just created pointer type is byte[32](629)
Creating type go-func-(631)
Creating function (*time.Duration).format with type go-func-631(631)
Adding bound method format((*time.Duration).format) to type time.Duration
Creating type time.Month(632)
Creating type *time.Month(633)
Base of just created pointer type is time.Month(632)
Creating type go-func-(634)
Creating function (*time.Month).String with type go-func-634(634)
Adding bound method String((*time.Month).String) to type time.Month
Creating type time.Time(635)
Creating type go-struct-(636)
Creating type time.Location(637)
Creating type go-struct-(638)
Creating type time.zone(639)
Creating type go-struct-(640)
Setting underlying struct type for time.zone to go-struct-640(640)
Creating type []time.zone(641)
Creating type time.zoneTrans(642)
Creating type go-struct-(643)
Setting underlying struct type for time.zoneTrans to go-struct-643(643)
Creating type []time.zoneTrans(644)
Creating type *time.zone(645)
Base of just created pointer type is time.zone(639)
Setting underlying struct type for time.Location to go-struct-638(638)
Creating type *time.Location(646)
Base of just created pointer type is time.Location(637)
Setting underlying struct type for time.Time to go-struct-636(636)
Creating type *time.Time(647)
Base of just created pointer type is time.Time(635)
Creating type go-func-(648)
Creating function (*time.Time).Add with type go-func-648(648)
Adding bound method Add((*time.Time).Add) to type time.Time
Creating type go-func-(649)
Creating function (*time.Time).AddDate with type go-func-649(649)
Adding bound method AddDate((*time.Time).AddDate) to type time.Time
Creating type go-func-(650)
Creating function (*time.Time).After with type go-func-650(650)
Adding bound method After((*time.Time).After) to type time.Time
Creating type go-func-(651)
Creating function (*time.Time).AppendBinary with type go-func-651(651)
Adding bound method AppendBinary((*time.Time).AppendBinary) to type time.Time
Creating type go-func-(652)
Creating function (*time.Time).AppendFormat with type go-func-652(652)
Adding bound method AppendFormat((*time.Time).AppendFormat) to type time.Time
Creating type go-func-(653)
Creating function (*time.Time).AppendText with type go-func-653(653)
Adding bound method AppendText((*time.Time).AppendText) to type time.Time
Creating type go-func-(654)
Creating function (*time.Time).Before with type go-func-654(654)
Adding bound method Before((*time.Time).Before) to type time.Time
Creating type go-func-(655)
Creating function (*time.Time).Clock with type go-func-655(655)
Adding bound method Clock((*time.Time).Clock) to type time.Time
Creating type go-func-(656)
Creating function (*time.Time).Compare with type go-func-656(656)
Adding bound method Compare((*time.Time).Compare) to type time.Time
Creating type go-func-(657)
Creating function (*time.Time).Date with type go-func-657(657)
Adding bound method Date((*time.Time).Date) to type time.Time
Creating type go-func-(658)
Creating function (*time.Time).Day with type go-func-658(658)
Adding bound method Day((*time.Time).Day) to type time.Time
Creating type go-func-(659)
Creating function (*time.Time).Equal with type go-func-659(659)
Adding bound method Equal((*time.Time).Equal) to type time.Time
Creating type go-func-(660)
Creating function (*time.Time).Format with type go-func-660(660)
Adding bound method Format((*time.Time).Format) to type time.Time
Creating type go-func-(661)
Creating function (*time.Time).GoString with type go-func-661(661)
Adding bound method GoString((*time.Time).GoString) to type time.Time
Creating type go-func-(662)
Creating function (*time.Time).GobEncode with type go-func-662(662)
Adding bound method GobEncode((*time.Time).GobEncode) to type time.Time
Creating type go-func-(663)
Creating function (*time.Time).Hour with type go-func-663(663)
Adding bound method Hour((*time.Time).Hour) to type time.Time
Creating type go-func-(664)
Creating function (*time.Time).ISOWeek with type go-func-664(664)
Adding bound method ISOWeek((*time.Time).ISOWeek) to type time.Time
Creating type go-func-(665)
Creating function (*time.Time).In with type go-func-665(665)
Adding bound method In((*time.Time).In) to type time.Time
Creating type go-func-(666)
Creating function (*time.Time).IsDST with type go-func-666(666)
Adding bound method IsDST((*time.Time).IsDST) to type time.Time
Creating type go-func-(667)
Creating function (*time.Time).IsZero with type go-func-667(667)
Adding bound method IsZero((*time.Time).IsZero) to type time.Time
Creating type go-func-(668)
Creating function (*time.Time).Local with type go-func-668(668)
Adding bound method Local((*time.Time).Local) to type time.Time
Creating type go-func-(669)
Creating function (*time.Time).Location with type go-func-669(669)
Adding bound method Location((*time.Time).Location) to type time.Time
Creating type go-func-(670)
Creating function (*time.Time).MarshalBinary with type go-func-670(670)
Adding bound method MarshalBinary((*time.Time).MarshalBinary) to type time.Time
Creating type go-func-(671)
Creating function (*time.Time).MarshalJSON with type go-func-671(671)
Adding bound method MarshalJSON((*time.Time).MarshalJSON) to type time.Time
Creating type go-func-(672)
Creating function (*time.Time).MarshalText with type go-func-672(672)
Adding bound method MarshalText((*time.Time).MarshalText) to type time.Time
Creating type go-func-(673)
Creating function (*time.Time).Minute with type go-func-673(673)
Adding bound method Minute((*time.Time).Minute) to type time.Time
Creating type go-func-(674)
Creating function (*time.Time).Month with type go-func-674(674)
Adding bound method Month((*time.Time).Month) to type time.Time
Creating type go-func-(675)
Creating function (*time.Time).Nanosecond with type go-func-675(675)
Adding bound method Nanosecond((*time.Time).Nanosecond) to type time.Time
Creating type go-func-(676)
Creating function (*time.Time).Round with type go-func-676(676)
Adding bound method Round((*time.Time).Round) to type time.Time
Creating type go-func-(677)
Creating function (*time.Time).Second with type go-func-677(677)
Adding bound method Second((*time.Time).Second) to type time.Time
Creating type go-func-(678)
Creating function (*time.Time).String with type go-func-678(678)
Adding bound method String((*time.Time).String) to type time.Time
Creating type go-func-(679)
Creating function (*time.Time).Sub with type go-func-679(679)
Adding bound method Sub((*time.Time).Sub) to type time.Time
Creating type go-func-(680)
Creating function (*time.Time).Truncate with type go-func-680(680)
Adding bound method Truncate((*time.Time).Truncate) to type time.Time
Creating type go-func-(681)
Creating function (*time.Time).UTC with type go-func-681(681)
Adding bound method UTC((*time.Time).UTC) to type time.Time
Creating type go-func-(682)
Creating function (*time.Time).Unix with type go-func-682(682)
Adding bound method Unix((*time.Time).Unix) to type time.Time
Creating type go-func-(683)
Creating function (*time.Time).UnixMicro with type go-func-683(683)
Adding bound method UnixMicro((*time.Time).UnixMicro) to type time.Time
Creating type go-func-(684)
Creating function (*time.Time).UnixMilli with type go-func-684(684)
Adding bound method UnixMilli((*time.Time).UnixMilli) to type time.Time
Creating type go-func-(685)
Creating function (*time.Time).UnixNano with type go-func-685(685)
Adding bound method UnixNano((*time.Time).UnixNano) to type time.Time
Creating type time.Weekday(686)
Creating type go-func-(687)
Creating function (*time.Time).Weekday with type go-func-687(687)
Adding bound method Weekday((*time.Time).Weekday) to type time.Time
Creating type go-func-(688)
Creating function (*time.Time).Year with type go-func-688(688)
Adding bound method Year((*time.Time).Year) to type time.Time
Creating type go-func-(689)
Creating function (*time.Time).YearDay with type go-func-689(689)
Adding bound method YearDay((*time.Time).YearDay) to type time.Time
Creating type go-func-(690)
Creating function (*time.Time).Zone with type go-func-690(690)
Adding bound method Zone((*time.Time).Zone) to type time.Time
Creating type go-func-(691)
Creating function (*time.Time).ZoneBounds with type go-func-691(691)
Adding bound method ZoneBounds((*time.Time).ZoneBounds) to type time.Time
Creating type time.absSeconds(692)
Creating type go-func-(693)
Creating function (*time.Time).absSec with type go-func-693(693)
Adding bound method absSec((*time.Time).absSec) to type time.Time
Creating type go-func-(694)
Creating function (*time.Time).appendFormat with type go-func-694(694)
Adding bound method appendFormat((*time.Time).appendFormat) to type time.Time
Creating type go-func-(695)
Creating function (*time.Time).appendFormatRFC3339 with type go-func-695(695)
Adding bound method appendFormatRFC3339((*time.Time).appendFormatRFC3339) to type time.Time
Creating type go-func-(696)
Creating function (*time.Time).appendStrictRFC3339 with type go-func-696(696)
Adding bound method appendStrictRFC3339((*time.Time).appendStrictRFC3339) to type time.Time
Creating type go-func-(697)
Creating function (*time.Time).appendTo with type go-func-697(697)
Adding bound method appendTo((*time.Time).appendTo) to type time.Time
Creating type go-func-(698)
Creating function (*time.Time).locabs with type go-func-698(698)
Adding bound method locabs((*time.Time).locabs) to type time.Time
Creating type *time.Weekday(699)
Base of just created pointer type is time.Weekday(686)
Creating type go-func-(700)
Creating function (*time.Weekday).String with type go-func-700(700)
Adding bound method String((*time.Weekday).String) to type time.Weekday
Creating type unicode.SpecialCase(701)
Creating type unicode.CaseRange(702)
Creating type go-struct-(703)
Creating type unicode.d(704)
Creating type rune[3](705)
Setting underlying array type for unicode.d to rune[3](705)
Creating type *rune(706)
Base of just created pointer type is rune(13)
Setting underlying struct type for unicode.CaseRange to go-struct-703(703)
Creating type []unicode.CaseRange(707)
Setting underlying slice type for unicode.SpecialCase to []unicode.CaseRange(707)
Creating type *unicode.CaseRange(708)
Base of just created pointer type is unicode.CaseRange(702)
Creating type *unicode.SpecialCase(709)
Base of just created pointer type is unicode.SpecialCase(701)
Creating type go-func-(710)
Creating function (*unicode.SpecialCase).ToLower with type go-func-710(710)
Adding bound method ToLower((*unicode.SpecialCase).ToLower) to type unicode.SpecialCase
Creating type go-func-(711)
Creating function (*unicode.SpecialCase).ToTitle with type go-func-711(711)
Adding bound method ToTitle((*unicode.SpecialCase).ToTitle) to type unicode.SpecialCase
Creating type go-func-(712)
Creating function (*unicode.SpecialCase).ToUpper with type go-func-712(712)
Adding bound method ToUpper((*unicode.SpecialCase).ToUpper) to type unicode.SpecialCase
Creating type go-func-(713)
Creating function (internal/reflectlite.Value).kind with type go-func-713(713)
Skip adding synthetic bound method with non-pointer receiver
Creating type go-func-(714)
Creating function (internal/reflectlite.Value).mustBeAssignable with type go-func-714(714)
Skip adding synthetic bound method with non-pointer receiver
Creating type go-func-(715)
Creating function (internal/reflectlite.Value).mustBeExported with type go-func-715(715)
Skip adding synthetic bound method with non-pointer receiver
Creating type go-func-(716)
Creating function (internal/reflectlite.Value).ro with type go-func-716(716)
Skip adding synthetic bound method with non-pointer receiver
Creating type go-func-(717)
Creating function (os.File).close with type go-func-717(717)
Skip adding synthetic bound method with non-pointer receiver
Creating type go-func-(718)
Creating function (reflect.Value).kind with type go-func-718(718)
Skip adding synthetic bound method with non-pointer receiver
Creating type go-func-(719)
Creating function (reflect.Value).mustBe with type go-func-719(719)
Skip adding synthetic bound method with non-pointer receiver
Creating type go-func-(720)
Creating function (reflect.Value).mustBeAssignable with type go-func-720(720)
Skip adding synthetic bound method with non-pointer receiver
Creating type go-func-(721)
Creating function (reflect.Value).mustBeAssignableSlow with type go-func-721(721)
Skip adding synthetic bound method with non-pointer receiver
Creating type go-func-(722)
Creating function (reflect.Value).mustBeExported with type go-func-722(722)
Skip adding synthetic bound method with non-pointer receiver
Creating type go-func-(723)
Creating function (reflect.Value).mustBeExportedSlow with type go-func-723(723)
Skip adding synthetic bound method with non-pointer receiver
Creating type go-func-(724)
Creating function (reflect.Value).panicNotMap with type go-func-724(724)
Skip adding synthetic bound method with non-pointer receiver
Creating type go-func-(725)
Creating function (reflect.Value).ro with type go-func-725(725)
Skip adding synthetic bound method with non-pointer receiver
Creating type go-func-(726)
Creating function (runtime.Pinner).unpin with type go-func-726(726)
Skip adding synthetic bound method with non-pointer receiver
Creating type go-func-(727)
Creating function command-line-arguments.init with type go-func-727(727)
Creating type go-func-(728)
Creating function command-line-arguments.main with type go-func-728(728)
Creating type go-func-(729)
Creating function unsafe.init with type go-func-729(729)

ADDING instructions to (*internal/abi.ArrayType).Align
Creating type **internal/abi.ArrayType(730)
Base of just created pointer type is *internal/abi.ArrayType(49)
Added instruction: [0] t0 = Alloc local info(name: t, type: *internal/abi.ArrayType, on stack), RESULT **internal/abi.ArrayType
Added no value instruction: [1] *t0 = receiver: t *internal/abi.ArrayType
Added instruction: [2] t1 = *t0, RESULT *internal/abi.ArrayType
Added instruction: [3] t2 = &t1.[#0], RESULT *internal/abi.Type
Creating type go-func-(731)
Creating function (*internal/abi.Type).Align with type go-func-731(731)
Adding bound method Align((*internal/abi.Type).Align) to type internal/abi.Type
Added instruction: [4] t3 = Call static (*internal/abi.Type).Align(t2), RESULT int
Added no value instruction: [5] return ()
FINISHED adding instructions to (*internal/abi.ArrayType).Align
    entry: (predecessors:  successors:  not reachable
        [0] t0 = Alloc local info(name: t, type: *internal/abi.ArrayType, on stack), RESULT **internal/abi.ArrayType
        [1] *t0 = receiver: t *internal/abi.ArrayType
        [2] t1 = *t0, RESULT *internal/abi.ArrayType
        [3] t2 = &t1.[#0], RESULT *internal/abi.Type
        [4] t3 = Call static (*internal/abi.Type).Align(t2), RESULT int
        [5] return (t3)


ADDING instructions to (*internal/abi.ArrayType).ArrayType
Added instruction: [0] t0 = Alloc local info(name: t, type: *internal/abi.ArrayType, on stack), RESULT **internal/abi.ArrayType
Added no value instruction: [1] *t0 = receiver: t *internal/abi.ArrayType
Added instruction: [2] t1 = *t0, RESULT *internal/abi.ArrayType
Added instruction: [3] t2 = &t1.[#0], RESULT *internal/abi.Type
Creating type go-func-(732)
Creating function (*internal/abi.Type).ArrayType with type go-func-732(732)
Adding bound method ArrayType((*internal/abi.Type).ArrayType) to type internal/abi.Type
Added instruction: [4] t3 = Call static (*internal/abi.Type).ArrayType(t2), RESULT *internal/abi.ArrayType
Added no value instruction: [5] return ()
FINISHED adding instructions to (*internal/abi.ArrayType).ArrayType
    entry: (predecessors:  successors:  not reachable
        [0] t0 = Alloc local info(name: t, type: *internal/abi.ArrayType, on stack), RESULT **internal/abi.ArrayType
        [1] *t0 = receiver: t *internal/abi.ArrayType
        [2] t1 = *t0, RESULT *internal/abi.ArrayType
        [3] t2 = &t1.[#0], RESULT *internal/abi.Type
        [4] t3 = Call static (*internal/abi.Type).ArrayType(t2), RESULT *internal/abi.ArrayType
        [5] return (t3)


ADDING instructions to (*internal/abi.ArrayType).ChanDir
Added instruction: [0] t0 = Alloc local info(name: t, type: *internal/abi.ArrayType, on stack), RESULT **internal/abi.ArrayType
Added no value instruction: [1] *t0 = receiver: t *internal/abi.ArrayType
Added instruction: [2] t1 = *t0, RESULT *internal/abi.ArrayType
Added instruction: [3] t2 = &t1.[#0], RESULT *internal/abi.Type
Creating type go-func-(733)
Creating function (*internal/abi.Type).ChanDir with type go-func-733(733)
Adding bound method ChanDir((*internal/abi.Type).ChanDir) to type internal/abi.Type
Added instruction: [4] t3 = Call static (*internal/abi.Type).ChanDir(t2), RESULT internal/abi.ChanDir
Added no value instruction: [5] return ()
FINISHED adding instructions to (*internal/abi.ArrayType).ChanDir
    entry: (predecessors:  successors:  not reachable
        [0] t0 = Alloc local info(name: t, type: *internal/abi.ArrayType, on stack), RESULT **internal/abi.ArrayType
        [1] *t0 = receiver: t *internal/abi.ArrayType
        [2] t1 = *t0, RESULT *internal/abi.ArrayType
        [3] t2 = &t1.[#0], RESULT *internal/abi.Type
        [4] t3 = Call static (*internal/abi.Type).ChanDir(t2), RESULT internal/abi.ChanDir
        [5] return (t3)


ADDING instructions to (*internal/abi.ArrayType).Common
Added instruction: [0] t0 = Alloc local info(name: t, type: *internal/abi.ArrayType, on stack), RESULT **internal/abi.ArrayType
Added no value instruction: [1] *t0 = receiver: t *internal/abi.ArrayType
Added instruction: [2] t1 = *t0, RESULT *internal/abi.ArrayType
Added instruction: [3] t2 = &t1.[#0], RESULT *internal/abi.Type
Creating type go-func-(734)
Creating function (*internal/abi.Type).Common with type go-func-734(734)
Adding bound method Common((*internal/abi.Type).Common) to type internal/abi.Type
Added instruction: [4] t3 = Call static (*internal/abi.Type).Common(t2), RESULT *internal/abi.Type
Added no value instruction: [5] return ()
FINISHED adding instructions to (*internal/abi.ArrayType).Common
    entry: (predecessors:  successors:  not reachable
        [0] t0 = Alloc local info(name: t, type: *internal/abi.ArrayType, on stack), RESULT **internal/abi.ArrayType
        [1] *t0 = receiver: t *internal/abi.ArrayType
        [2] t1 = *t0, RESULT *internal/abi.ArrayType
        [3] t2 = &t1.[#0], RESULT *internal/abi.Type
        [4] t3 = Call static (*internal/abi.Type).Common(t2), RESULT *internal/abi.Type
        [5] return (t3)


ADDING instructions to (*internal/abi.ArrayType).ExportedMethods
Added instruction: [0] t0 = Alloc local info(name: t, type: *internal/abi.ArrayType, on stack), RESULT **internal/abi.ArrayType
Added no value instruction: [1] *t0 = receiver: t *internal/abi.ArrayType
Added instruction: [2] t1 = *t0, RESULT *internal/abi.ArrayType
Added instruction: [3] t2 = &t1.[#0], RESULT *internal/abi.Type
Creating type go-func-(735)
Creating function (*internal/abi.Type).ExportedMethods with type go-func-735(735)
Adding bound method ExportedMethods((*internal/abi.Type).ExportedMethods) to type internal/abi.Type
Added instruction: [4] t3 = Call static (*internal/abi.Type).ExportedMethods(t2), RESULT []internal/abi.Method
Added no value instruction: [5] return ()
FINISHED adding instructions to (*internal/abi.ArrayType).ExportedMethods
    entry: (predecessors:  successors:  not reachable
        [0] t0 = Alloc local info(name: t, type: *internal/abi.ArrayType, on stack), RESULT **internal/abi.ArrayType
        [1] *t0 = receiver: t *internal/abi.ArrayType
        [2] t1 = *t0, RESULT *internal/abi.ArrayType
        [3] t2 = &t1.[#0], RESULT *internal/abi.Type
        [4] t3 = Call static (*internal/abi.Type).ExportedMethods(t2), RESULT []internal/abi.Method
        [5] return (t3)


ADDING instructions to (*internal/abi.ArrayType).FieldAlign
Added instruction: [0] t0 = Alloc local info(name: t, type: *internal/abi.ArrayType, on stack), RESULT **internal/abi.ArrayType
Added no value instruction: [1] *t0 = receiver: t *internal/abi.ArrayType
Added instruction: [2] t1 = *t0, RESULT *internal/abi.ArrayType
Added instruction: [3] t2 = &t1.[#0], RESULT *internal/abi.Type
Creating type go-func-(736)
Creating function (*internal/abi.Type).FieldAlign with type go-func-736(736)
Adding bound method FieldAlign((*internal/abi.Type).FieldAlign) to type internal/abi.Type
Added instruction: [4] t3 = Call static (*internal/abi.Type).FieldAlign(t2), RESULT int
Added no value instruction: [5] return ()
FINISHED adding instructions to (*internal/abi.ArrayType).FieldAlign
    entry: (predecessors:  successors:  not reachable
        [0] t0 = Alloc local info(name: t, type: *internal/abi.ArrayType, on stack), RESULT **internal/abi.ArrayType
        [1] *t0 = receiver: t *internal/abi.ArrayType
        [2] t1 = *t0, RESULT *internal/abi.ArrayType
        [3] t2 = &t1.[#0], RESULT *internal/abi.Type
        [4] t3 = Call static (*internal/abi.Type).FieldAlign(t2), RESULT int
        [5] return (t3)


ADDING instructions to (*internal/abi.ArrayType).FuncType
Added instruction: [0] t0 = Alloc local info(name: t, type: *internal/abi.ArrayType, on stack), RESULT **internal/abi.ArrayType
Added no value instruction: [1] *t0 = receiver: t *internal/abi.ArrayType
Added instruction: [2] t1 = *t0, RESULT *internal/abi.ArrayType
Added instruction: [3] t2 = &t1.[#0], RESULT *internal/abi.Type
Creating type go-func-(737)
Creating function (*internal/abi.Type).FuncType with type go-func-737(737)
Adding bound method FuncType((*internal/abi.Type).FuncType) to type internal/abi.Type
Added instruction: [4] t3 = Call static (*internal/abi.Type).FuncType(t2), RESULT *internal/abi.FuncType
Added no value instruction: [5] return ()
FINISHED adding instructions to (*internal/abi.ArrayType).FuncType
    entry: (predecessors:  successors:  not reachable
        [0] t0 = Alloc local info(name: t, type: *internal/abi.ArrayType, on stack), RESULT **internal/abi.ArrayType
        [1] *t0 = receiver: t *internal/abi.ArrayType
        [2] t1 = *t0, RESULT *internal/abi.ArrayType
        [3] t2 = &t1.[#0], RESULT *internal/abi.Type
        [4] t3 = Call static (*internal/abi.Type).FuncType(t2), RESULT *internal/abi.FuncType
        [5] return (t3)


ADDING instructions to (*internal/abi.ArrayType).GcSlice
Added instruction: [0] t0 = Alloc local info(name: t, type: *internal/abi.ArrayType, on stack), RESULT **internal/abi.ArrayType
Added no value instruction: [1] *t0 = receiver: t *internal/abi.ArrayType
Added instruction: [2] t1 = *t0, RESULT *internal/abi.ArrayType
Added instruction: [3] t2 = &t1.[#0], RESULT *internal/abi.Type
Creating type go-func-(738)
Creating function (*internal/abi.Type).GcSlice with type go-func-738(738)
Adding bound method GcSlice((*internal/abi.Type).GcSlice) to type internal/abi.Type
Added instruction: [4] t3 = Call static (*internal/abi.Type).GcSlice(t2,parameter: begin uintptr,parameter: end uintptr), RESULT []byte
Added no value instruction: [5] return ()
FINISHED adding instructions to (*internal/abi.ArrayType).GcSlice
    entry: (predecessors:  successors:  not reachable
        [0] t0 = Alloc local info(name: t, type: *internal/abi.ArrayType, on stack), RESULT **internal/abi.ArrayType
        [1] *t0 = receiver: t *internal/abi.ArrayType
        [2] t1 = *t0, RESULT *internal/abi.ArrayType
        [3] t2 = &t1.[#0], RESULT *internal/abi.Type
        [4] t3 = Call static (*internal/abi.Type).GcSlice(t2,parameter: begin uintptr,parameter: end uintptr), RESULT []byte
        [5] return (t3)


ADDING instructions to (*internal/abi.ArrayType).HasName
Added instruction: [0] t0 = Alloc local info(name: t, type: *internal/abi.ArrayType, on stack), RESULT **internal/abi.ArrayType
Added no value instruction: [1] *t0 = receiver: t *internal/abi.ArrayType
Added instruction: [2] t1 = *t0, RESULT *internal/abi.ArrayType
Added instruction: [3] t2 = &t1.[#0], RESULT *internal/abi.Type
Creating type go-func-(739)
Creating function (*internal/abi.Type).HasName with type go-func-739(739)
Adding bound method HasName((*internal/abi.Type).HasName) to type internal/abi.Type
Added instruction: [4] t3 = Call static (*internal/abi.Type).HasName(t2), RESULT bool
Added no value instruction: [5] return ()
FINISHED adding instructions to (*internal/abi.ArrayType).HasName
    entry: (predecessors:  successors:  not reachable
        [0] t0 = Alloc local info(name: t, type: *internal/abi.ArrayType, on stack), RESULT **internal/abi.ArrayType
        [1] *t0 = receiver: t *internal/abi.ArrayType
        [2] t1 = *t0, RESULT *internal/abi.ArrayType
        [3] t2 = &t1.[#0], RESULT *internal/abi.Type
        [4] t3 = Call static (*internal/abi.Type).HasName(t2), RESULT bool
        [5] return (t3)


ADDING instructions to (*internal/abi.ArrayType).IfaceIndir
Added instruction: [0] t0 = Alloc local info(name: t, type: *internal/abi.ArrayType, on stack), RESULT **internal/abi.ArrayType
Added no value instruction: [1] *t0 = receiver: t *internal/abi.ArrayType
Added instruction: [2] t1 = *t0, RESULT *internal/abi.ArrayType
Added instruction: [3] t2 = &t1.[#0], RESULT *internal/abi.Type
Creating type go-func-(740)
Creating function (*internal/abi.Type).IfaceIndir with type go-func-740(740)
Adding bound method IfaceIndir((*internal/abi.Type).IfaceIndir) to type internal/abi.Type
Added instruction: [4] t3 = Call static (*internal/abi.Type).IfaceIndir(t2), RESULT bool
Added no value instruction: [5] return ()
FINISHED adding instructions to (*internal/abi.ArrayType).IfaceIndir
    entry: (predecessors:  successors:  not reachable
        [0] t0 = Alloc local info(name: t, type: *internal/abi.ArrayType, on stack), RESULT **internal/abi.ArrayType
        [1] *t0 = receiver: t *internal/abi.ArrayType
        [2] t1 = *t0, RESULT *internal/abi.ArrayType
        [3] t2 = &t1.[#0], RESULT *internal/abi.Type
        [4] t3 = Call static (*internal/abi.Type).IfaceIndir(t2), RESULT bool
        [5] return (t3)


ADDING instructions to (*internal/abi.ArrayType).InterfaceType
Added instruction: [0] t0 = Alloc local info(name: t, type: *internal/abi.ArrayType, on stack), RESULT **internal/abi.ArrayType
Added no value instruction: [1] *t0 = receiver: t *internal/abi.ArrayType
Added instruction: [2] t1 = *t0, RESULT *internal/abi.ArrayType
Added instruction: [3] t2 = &t1.[#0], RESULT *internal/abi.Type
Creating type go-func-(741)
Creating function (*internal/abi.Type).InterfaceType with type go-func-741(741)
Adding bound method InterfaceType((*internal/abi.Type).InterfaceType) to type internal/abi.Type
Added instruction: [4] t3 = Call static (*internal/abi.Type).InterfaceType(t2), RESULT *internal/abi.InterfaceType
Added no value instruction: [5] return ()
FINISHED adding instructions to (*internal/abi.ArrayType).InterfaceType
    entry: (predecessors:  successors:  not reachable
        [0] t0 = Alloc local info(name: t, type: *internal/abi.ArrayType, on stack), RESULT **internal/abi.ArrayType
        [1] *t0 = receiver: t *internal/abi.ArrayType
        [2] t1 = *t0, RESULT *internal/abi.ArrayType
        [3] t2 = &t1.[#0], RESULT *internal/abi.Type
        [4] t3 = Call static (*internal/abi.Type).InterfaceType(t2), RESULT *internal/abi.InterfaceType
        [5] return (t3)


ADDING instructions to (*internal/abi.ArrayType).IsDirectIface
Added instruction: [0] t0 = Alloc local info(name: t, type: *internal/abi.ArrayType, on stack), RESULT **internal/abi.ArrayType
Added no value instruction: [1] *t0 = receiver: t *internal/abi.ArrayType
Added instruction: [2] t1 = *t0, RESULT *internal/abi.ArrayType
Added instruction: [3] t2 = &t1.[#0], RESULT *internal/abi.Type
Creating type go-func-(742)
Creating function (*internal/abi.Type).IsDirectIface with type go-func-742(742)
Adding bound method IsDirectIface((*internal/abi.Type).IsDirectIface) to type internal/abi.Type
Added instruction: [4] t3 = Call static (*internal/abi.Type).IsDirectIface(t2), RESULT bool
Added no value instruction: [5] return ()
FINISHED adding instructions to (*internal/abi.ArrayType).IsDirectIface
    entry: (predecessors:  successors:  not reachable
        [0] t0 = Alloc local info(name: t, type: *internal/abi.ArrayType, on stack), RESULT **internal/abi.ArrayType
        [1] *t0 = receiver: t *internal/abi.ArrayType
        [2] t1 = *t0, RESULT *internal/abi.ArrayType
        [3] t2 = &t1.[#0], RESULT *internal/abi.Type
        [4] t3 = Call static (*internal/abi.Type).IsDirectIface(t2), RESULT bool
        [5] return (t3)


ADDING instructions to (*internal/abi.ArrayType).Key
Added instruction: [0] t0 = Alloc local info(name: t, type: *internal/abi.ArrayType, on stack), RESULT **internal/abi.ArrayType
Added no value instruction: [1] *t0 = receiver: t *internal/abi.ArrayType
Added instruction: [2] t1 = *t0, RESULT *internal/abi.ArrayType
Added instruction: [3] t2 = &t1.[#0], RESULT *internal/abi.Type
Creating type go-func-(743)
Creating function (*internal/abi.Type).Key with type go-func-743(743)
Adding bound method Key((*internal/abi.Type).Key) to type internal/abi.Type
Added instruction: [4] t3 = Call static (*internal/abi.Type).Key(t2), RESULT *internal/abi.Type
Added no value instruction: [5] return ()
FINISHED adding instructions to (*internal/abi.ArrayType).Key
    entry: (predecessors:  successors:  not reachable
        [0] t0 = Alloc local info(name: t, type: *internal/abi.ArrayType, on stack), RESULT **internal/abi.ArrayType
        [1] *t0 = receiver: t *internal/abi.ArrayType
        [2] t1 = *t0, RESULT *internal/abi.ArrayType
        [3] t2 = &t1.[#0], RESULT *internal/abi.Type
        [4] t3 = Call static (*internal/abi.Type).Key(t2), RESULT *internal/abi.Type
        [5] return (t3)


ADDING instructions to (*internal/abi.ArrayType).Kind
Added instruction: [0] t0 = Alloc local info(name: t, type: *internal/abi.ArrayType, on stack), RESULT **internal/abi.ArrayType
Added no value instruction: [1] *t0 = receiver: t *internal/abi.ArrayType
Added instruction: [2] t1 = *t0, RESULT *internal/abi.ArrayType
Added instruction: [3] t2 = &t1.[#0], RESULT *internal/abi.Type
Creating type go-func-(744)
Creating function (*internal/abi.Type).Kind with type go-func-744(744)
Adding bound method Kind((*internal/abi.Type).Kind) to type internal/abi.Type
Added instruction: [4] t3 = Call static (*internal/abi.Type).Kind(t2), RESULT internal/abi.Kind
Added no value instruction: [5] return ()
FINISHED adding instructions to (*internal/abi.ArrayType).Kind
    entry: (predecessors:  successors:  not reachable
        [0] t0 = Alloc local info(name: t, type: *internal/abi.ArrayType, on stack), RESULT **internal/abi.ArrayType
        [1] *t0 = receiver: t *internal/abi.ArrayType
        [2] t1 = *t0, RESULT *internal/abi.ArrayType
        [3] t2 = &t1.[#0], RESULT *internal/abi.Type
        [4] t3 = Call static (*internal/abi.Type).Kind(t2), RESULT internal/abi.Kind
        [5] return (t3)


ADDING instructions to (*internal/abi.ArrayType).MapType
Added instruction: [0] t0 = Alloc local info(name: t, type: *internal/abi.ArrayType, on stack), RESULT **internal/abi.ArrayType
Added no value instruction: [1] *t0 = receiver: t *internal/abi.ArrayType
Added instruction: [2] t1 = *t0, RESULT *internal/abi.ArrayType
Added instruction: [3] t2 = &t1.[#0], RESULT *internal/abi.Type
Creating type go-func-(745)
Creating function (*internal/abi.Type).MapType with type go-func-745(745)
Adding bound method MapType((*internal/abi.Type).MapType) to type internal/abi.Type
Added instruction: [4] t3 = Call static (*internal/abi.Type).MapType(t2), RESULT *internal/abi.SwissMapType
Added no value instruction: [5] return ()
FINISHED adding instructions to (*internal/abi.ArrayType).MapType
    entry: (predecessors:  successors:  not reachable
        [0] t0 = Alloc local info(name: t, type: *internal/abi.ArrayType, on stack), RESULT **internal/abi.ArrayType
        [1] *t0 = receiver: t *internal/abi.ArrayType
        [2] t1 = *t0, RESULT *internal/abi.ArrayType
        [3] t2 = &t1.[#0], RESULT *internal/abi.Type
        [4] t3 = Call static (*internal/abi.Type).MapType(t2), RESULT *internal/abi.SwissMapType
        [5] return (t3)


ADDING instructions to (*internal/abi.ArrayType).NumMethod
Added instruction: [0] t0 = Alloc local info(name: t, type: *internal/abi.ArrayType, on stack), RESULT **internal/abi.ArrayType
Added no value instruction: [1] *t0 = receiver: t *internal/abi.ArrayType
Added instruction: [2] t1 = *t0, RESULT *internal/abi.ArrayType
Added instruction: [3] t2 = &t1.[#0], RESULT *internal/abi.Type
Creating type go-func-(746)
Creating function (*internal/abi.Type).NumMethod with type go-func-746(746)
Adding bound method NumMethod((*internal/abi.Type).NumMethod) to type internal/abi.Type
Added instruction: [4] t3 = Call static (*internal/abi.Type).NumMethod(t2), RESULT int
Added no value instruction: [5] return ()
FINISHED adding instructions to (*internal/abi.ArrayType).NumMethod
    entry: (predecessors:  successors:  not reachable
        [0] t0 = Alloc local info(name: t, type: *internal/abi.ArrayType, on stack), RESULT **internal/abi.ArrayType
        [1] *t0 = receiver: t *internal/abi.ArrayType
        [2] t1 = *t0, RESULT *internal/abi.ArrayType
        [3] t2 = &t1.[#0], RESULT *internal/abi.Type
        [4] t3 = Call static (*internal/abi.Type).NumMethod(t2), RESULT int
        [5] return (t3)


ADDING instructions to (*internal/abi.ArrayType).Pointers
Added instruction: [0] t0 = Alloc local info(name: t, type: *internal/abi.ArrayType, on stack), RESULT **internal/abi.ArrayType
Added no value instruction: [1] *t0 = receiver: t *internal/abi.ArrayType
Added instruction: [2] t1 = *t0, RESULT *internal/abi.ArrayType
Added instruction: [3] t2 = &t1.[#0], RESULT *internal/abi.Type
Creating type go-func-(747)
Creating function (*internal/abi.Type).Pointers with type go-func-747(747)
Adding bound method Pointers((*internal/abi.Type).Pointers) to type internal/abi.Type
Added instruction: [4] t3 = Call static (*internal/abi.Type).Pointers(t2), RESULT bool
Added no value instruction: [5] return ()
FINISHED adding instructions to (*internal/abi.ArrayType).Pointers
    entry: (predecessors:  successors:  not reachable
        [0] t0 = Alloc local info(name: t, type: *internal/abi.ArrayType, on stack), RESULT **internal/abi.ArrayType
        [1] *t0 = receiver: t *internal/abi.ArrayType
        [2] t1 = *t0, RESULT *internal/abi.ArrayType
        [3] t2 = &t1.[#0], RESULT *internal/abi.Type
        [4] t3 = Call static (*internal/abi.Type).Pointers(t2), RESULT bool
        [5] return (t3)


ADDING instructions to (*internal/abi.ArrayType).Size
Added instruction: [0] t0 = Alloc local info(name: t, type: *internal/abi.ArrayType, on stack), RESULT **internal/abi.ArrayType
Added no value instruction: [1] *t0 = receiver: t *internal/abi.ArrayType
Added instruction: [2] t1 = *t0, RESULT *internal/abi.ArrayType
Added instruction: [3] t2 = &t1.[#0], RESULT *internal/abi.Type
Creating type go-func-(748)
Creating function (*internal/abi.Type).Size with type go-func-748(748)
Adding bound method Size((*internal/abi.Type).Size) to type internal/abi.Type
Added instruction: [4] t3 = Call static (*internal/abi.Type).Size(t2), RESULT uintptr
Added no value instruction: [5] return ()
FINISHED adding instructions to (*internal/abi.ArrayType).Size
    entry: (predecessors:  successors:  not reachable
        [0] t0 = Alloc local info(name: t, type: *internal/abi.ArrayType, on stack), RESULT **internal/abi.ArrayType
        [1] *t0 = receiver: t *internal/abi.ArrayType
        [2] t1 = *t0, RESULT *internal/abi.ArrayType
        [3] t2 = &t1.[#0], RESULT *internal/abi.Type
        [4] t3 = Call static (*internal/abi.Type).Size(t2), RESULT uintptr
        [5] return (t3)


ADDING instructions to (*internal/abi.ArrayType).StructType
Added instruction: [0] t0 = Alloc local info(name: t, type: *internal/abi.ArrayType, on stack), RESULT **internal/abi.ArrayType
Added no value instruction: [1] *t0 = receiver: t *internal/abi.ArrayType
Added instruction: [2] t1 = *t0, RESULT *internal/abi.ArrayType
Added instruction: [3] t2 = &t1.[#0], RESULT *internal/abi.Type
Creating type go-func-(749)
Creating function (*internal/abi.Type).StructType with type go-func-749(749)
Adding bound method StructType((*internal/abi.Type).StructType) to type internal/abi.Type
Added instruction: [4] t3 = Call static (*internal/abi.Type).StructType(t2), RESULT *internal/abi.StructType
Added no value instruction: [5] return ()
FINISHED adding instructions to (*internal/abi.ArrayType).StructType
    entry: (predecessors:  successors:  not reachable
        [0] t0 = Alloc local info(name: t, type: *internal/abi.ArrayType, on stack), RESULT **internal/abi.ArrayType
        [1] *t0 = receiver: t *internal/abi.ArrayType
        [2] t1 = *t0, RESULT *internal/abi.ArrayType
        [3] t2 = &t1.[#0], RESULT *internal/abi.Type
        [4] t3 = Call static (*internal/abi.Type).StructType(t2), RESULT *internal/abi.StructType
        [5] return (t3)


ADDING instructions to (*internal/abi.ArrayType).Uncommon
Added instruction: [0] t0 = Alloc local info(name: t, type: *internal/abi.ArrayType, on stack), RESULT **internal/abi.ArrayType
Added no value instruction: [1] *t0 = receiver: t *internal/abi.ArrayType
Added instruction: [2] t1 = *t0, RESULT *internal/abi.ArrayType
Added instruction: [3] t2 = &t1.[#0], RESULT *internal/abi.Type
Creating type go-func-(750)
Creating function (*internal/abi.Type).Uncommon with type go-func-750(750)
Adding bound method Uncommon((*internal/abi.Type).Uncommon) to type internal/abi.Type
Added instruction: [4] t3 = Call static (*internal/abi.Type).Uncommon(t2), RESULT *internal/abi.UncommonType
Added no value instruction: [5] return ()
FINISHED adding instructions to (*internal/abi.ArrayType).Uncommon
    entry: (predecessors:  successors:  not reachable
        [0] t0 = Alloc local info(name: t, type: *internal/abi.ArrayType, on stack), RESULT **internal/abi.ArrayType
        [1] *t0 = receiver: t *internal/abi.ArrayType
        [2] t1 = *t0, RESULT *internal/abi.ArrayType
        [3] t2 = &t1.[#0], RESULT *internal/abi.Type
        [4] t3 = Call static (*internal/abi.Type).Uncommon(t2), RESULT *internal/abi.UncommonType
        [5] return (t3)


ADDING instructions to (*internal/abi.ChanType).Align
Creating type **internal/abi.ChanType(751)
Base of just created pointer type is *internal/abi.ChanType(102)
Added instruction: [0] t0 = Alloc local info(name: t, type: *internal/abi.ChanType, on stack), RESULT **internal/abi.ChanType
Added no value instruction: [1] *t0 = receiver: t *internal/abi.ChanType
Added instruction: [2] t1 = *t0, RESULT *internal/abi.ChanType
Added instruction: [3] t2 = &t1.[#0], RESULT *internal/abi.Type
Added instruction: [4] t3 = Call static (*internal/abi.Type).Align(t2), RESULT int
Added no value instruction: [5] return ()
FINISHED adding instructions to (*internal/abi.ChanType).Align
    entry: (predecessors:  successors:  not reachable
        [0] t0 = Alloc local info(name: t, type: *internal/abi.ChanType, on stack), RESULT **internal/abi.ChanType
        [1] *t0 = receiver: t *internal/abi.ChanType
        [2] t1 = *t0, RESULT *internal/abi.ChanType
        [3] t2 = &t1.[#0], RESULT *internal/abi.Type
        [4] t3 = Call static (*internal/abi.Type).Align(t2), RESULT int
        [5] return (t3)


ADDING instructions to (*internal/abi.ChanType).ArrayType
Added instruction: [0] t0 = Alloc local info(name: t, type: *internal/abi.ChanType, on stack), RESULT **internal/abi.ChanType
Added no value instruction: [1] *t0 = receiver: t *internal/abi.ChanType
Added instruction: [2] t1 = *t0, RESULT *internal/abi.ChanType
Added instruction: [3] t2 = &t1.[#0], RESULT *internal/abi.Type
Added instruction: [4] t3 = Call static (*internal/abi.Type).ArrayType(t2), RESULT *internal/abi.ArrayType
Added no value instruction: [5] return ()
FINISHED adding instructions to (*internal/abi.ChanType).ArrayType
    entry: (predecessors:  successors:  not reachable
        [0] t0 = Alloc local info(name: t, type: *internal/abi.ChanType, on stack), RESULT **internal/abi.ChanType
        [1] *t0 = receiver: t *internal/abi.ChanType
        [2] t1 = *t0, RESULT *internal/abi.ChanType
        [3] t2 = &t1.[#0], RESULT *internal/abi.Type
        [4] t3 = Call static (*internal/abi.Type).ArrayType(t2), RESULT *internal/abi.ArrayType
        [5] return (t3)


ADDING instructions to (*internal/abi.ChanType).ChanDir
Added instruction: [0] t0 = Alloc local info(name: t, type: *internal/abi.ChanType, on stack), RESULT **internal/abi.ChanType
Added no value instruction: [1] *t0 = receiver: t *internal/abi.ChanType
Added instruction: [2] t1 = *t0, RESULT *internal/abi.ChanType
Added instruction: [3] t2 = &t1.[#0], RESULT *internal/abi.Type
Added instruction: [4] t3 = Call static (*internal/abi.Type).ChanDir(t2), RESULT internal/abi.ChanDir
Added no value instruction: [5] return ()
FINISHED adding instructions to (*internal/abi.ChanType).ChanDir
    entry: (predecessors:  successors:  not reachable
        [0] t0 = Alloc local info(name: t, type: *internal/abi.ChanType, on stack), RESULT **internal/abi.ChanType
        [1] *t0 = receiver: t *internal/abi.ChanType
        [2] t1 = *t0, RESULT *internal/abi.ChanType
        [3] t2 = &t1.[#0], RESULT *internal/abi.Type
        [4] t3 = Call static (*internal/abi.Type).ChanDir(t2), RESULT internal/abi.ChanDir
        [5] return (t3)


ADDING instructions to (*internal/abi.ChanType).Common
Added instruction: [0] t0 = Alloc local info(name: t, type: *internal/abi.ChanType, on stack), RESULT **internal/abi.ChanType
Added no value instruction: [1] *t0 = receiver: t *internal/abi.ChanType
Added instruction: [2] t1 = *t0, RESULT *internal/abi.ChanType
Added instruction: [3] t2 = &t1.[#0], RESULT *internal/abi.Type
Added instruction: [4] t3 = Call static (*internal/abi.Type).Common(t2), RESULT *internal/abi.Type
Added no value instruction: [5] return ()
FINISHED adding instructions to (*internal/abi.ChanType).Common
    entry: (predecessors:  successors:  not reachable
        [0] t0 = Alloc local info(name: t, type: *internal/abi.ChanType, on stack), RESULT **internal/abi.ChanType
        [1] *t0 = receiver: t *internal/abi.ChanType
        [2] t1 = *t0, RESULT *internal/abi.ChanType
        [3] t2 = &t1.[#0], RESULT *internal/abi.Type
        [4] t3 = Call static (*internal/abi.Type).Common(t2), RESULT *internal/abi.Type
        [5] return (t3)


ADDING instructions to (*internal/abi.ChanType).ExportedMethods
Added instruction: [0] t0 = Alloc local info(name: t, type: *internal/abi.ChanType, on stack), RESULT **internal/abi.ChanType
Added no value instruction: [1] *t0 = receiver: t *internal/abi.ChanType
Added instruction: [2] t1 = *t0, RESULT *internal/abi.ChanType
Added instruction: [3] t2 = &t1.[#0], RESULT *internal/abi.Type
Added instruction: [4] t3 = Call static (*internal/abi.Type).ExportedMethods(t2), RESULT []internal/abi.Method
Added no value instruction: [5] return ()
FINISHED adding instructions to (*internal/abi.ChanType).ExportedMethods
    entry: (predecessors:  successors:  not reachable
        [0] t0 = Alloc local info(name: t, type: *internal/abi.ChanType, on stack), RESULT **internal/abi.ChanType
        [1] *t0 = receiver: t *internal/abi.ChanType
        [2] t1 = *t0, RESULT *internal/abi.ChanType
        [3] t2 = &t1.[#0], RESULT *internal/abi.Type
        [4] t3 = Call static (*internal/abi.Type).ExportedMethods(t2), RESULT []internal/abi.Method
        [5] return (t3)


ADDING instructions to (*internal/abi.ChanType).FieldAlign
Added instruction: [0] t0 = Alloc local info(name: t, type: *internal/abi.ChanType, on stack), RESULT **internal/abi.ChanType
Added no value instruction: [1] *t0 = receiver: t *internal/abi.ChanType
Added instruction: [2] t1 = *t0, RESULT *internal/abi.ChanType
Added instruction: [3] t2 = &t1.[#0], RESULT *internal/abi.Type
Added instruction: [4] t3 = Call static (*internal/abi.Type).FieldAlign(t2), RESULT int
Added no value instruction: [5] return ()
FINISHED adding instructions to (*internal/abi.ChanType).FieldAlign
    entry: (predecessors:  successors:  not reachable
        [0] t0 = Alloc local info(name: t, type: *internal/abi.ChanType, on stack), RESULT **internal/abi.ChanType
        [1] *t0 = receiver: t *internal/abi.ChanType
        [2] t1 = *t0, RESULT *internal/abi.ChanType
        [3] t2 = &t1.[#0], RESULT *internal/abi.Type
        [4] t3 = Call static (*internal/abi.Type).FieldAlign(t2), RESULT int
        [5] return (t3)


ADDING instructions to (*internal/abi.ChanType).FuncType
Added instruction: [0] t0 = Alloc local info(name: t, type: *internal/abi.ChanType, on stack), RESULT **internal/abi.ChanType
Added no value instruction: [1] *t0 = receiver: t *internal/abi.ChanType
Added instruction: [2] t1 = *t0, RESULT *internal/abi.ChanType
Added instruction: [3] t2 = &t1.[#0], RESULT *internal/abi.Type
Added instruction: [4] t3 = Call static (*internal/abi.Type).FuncType(t2), RESULT *internal/abi.FuncType
Added no value instruction: [5] return ()
FINISHED adding instructions to (*internal/abi.ChanType).FuncType
    entry: (predecessors:  successors:  not reachable
        [0] t0 = Alloc local info(name: t, type: *internal/abi.ChanType, on stack), RESULT **internal/abi.ChanType
        [1] *t0 = receiver: t *internal/abi.ChanType
        [2] t1 = *t0, RESULT *internal/abi.ChanType
        [3] t2 = &t1.[#0], RESULT *internal/abi.Type
        [4] t3 = Call static (*internal/abi.Type).FuncType(t2), RESULT *internal/abi.FuncType
        [5] return (t3)


ADDING instructions to (*internal/abi.ChanType).GcSlice
Added instruction: [0] t0 = Alloc local info(name: t, type: *internal/abi.ChanType, on stack), RESULT **internal/abi.ChanType
Added no value instruction: [1] *t0 = receiver: t *internal/abi.ChanType
Added instruction: [2] t1 = *t0, RESULT *internal/abi.ChanType
Added instruction: [3] t2 = &t1.[#0], RESULT *internal/abi.Type
Added instruction: [4] t3 = Call static (*internal/abi.Type).GcSlice(t2,parameter: begin uintptr,parameter: end uintptr), RESULT []byte
Added no value instruction: [5] return ()
FINISHED adding instructions to (*internal/abi.ChanType).GcSlice
    entry: (predecessors:  successors:  not reachable
        [0] t0 = Alloc local info(name: t, type: *internal/abi.ChanType, on stack), RESULT **internal/abi.ChanType
        [1] *t0 = receiver: t *internal/abi.ChanType
        [2] t1 = *t0, RESULT *internal/abi.ChanType
        [3] t2 = &t1.[#0], RESULT *internal/abi.Type
        [4] t3 = Call static (*internal/abi.Type).GcSlice(t2,parameter: begin uintptr,parameter: end uintptr), RESULT []byte
        [5] return (t3)


ADDING instructions to (*internal/abi.ChanType).HasName
Added instruction: [0] t0 = Alloc local info(name: t, type: *internal/abi.ChanType, on stack), RESULT **internal/abi.ChanType
Added no value instruction: [1] *t0 = receiver: t *internal/abi.ChanType
Added instruction: [2] t1 = *t0, RESULT *internal/abi.ChanType
Added instruction: [3] t2 = &t1.[#0], RESULT *internal/abi.Type
Added instruction: [4] t3 = Call static (*internal/abi.Type).HasName(t2), RESULT bool
Added no value instruction: [5] return ()
FINISHED adding instructions to (*internal/abi.ChanType).HasName
    entry: (predecessors:  successors:  not reachable
        [0] t0 = Alloc local info(name: t, type: *internal/abi.ChanType, on stack), RESULT **internal/abi.ChanType
        [1] *t0 = receiver: t *internal/abi.ChanType
        [2] t1 = *t0, RESULT *internal/abi.ChanType
        [3] t2 = &t1.[#0], RESULT *internal/abi.Type
        [4] t3 = Call static (*internal/abi.Type).HasName(t2), RESULT bool
        [5] return (t3)


ADDING instructions to (*internal/abi.ChanType).IfaceIndir
Added instruction: [0] t0 = Alloc local info(name: t, type: *internal/abi.ChanType, on stack), RESULT **internal/abi.ChanType
Added no value instruction: [1] *t0 = receiver: t *internal/abi.ChanType
Added instruction: [2] t1 = *t0, RESULT *internal/abi.ChanType
Added instruction: [3] t2 = &t1.[#0], RESULT *internal/abi.Type
Added instruction: [4] t3 = Call static (*internal/abi.Type).IfaceIndir(t2), RESULT bool
Added no value instruction: [5] return ()
FINISHED adding instructions to (*internal/abi.ChanType).IfaceIndir
    entry: (predecessors:  successors:  not reachable
        [0] t0 = Alloc local info(name: t, type: *internal/abi.ChanType, on stack), RESULT **internal/abi.ChanType
        [1] *t0 = receiver: t *internal/abi.ChanType
        [2] t1 = *t0, RESULT *internal/abi.ChanType
        [3] t2 = &t1.[#0], RESULT *internal/abi.Type
        [4] t3 = Call static (*internal/abi.Type).IfaceIndir(t2), RESULT bool
        [5] return (t3)


ADDING instructions to (*internal/abi.ChanType).InterfaceType
Added instruction: [0] t0 = Alloc local info(name: t, type: *internal/abi.ChanType, on stack), RESULT **internal/abi.ChanType
Added no value instruction: [1] *t0 = receiver: t *internal/abi.ChanType
Added instruction: [2] t1 = *t0, RESULT *internal/abi.ChanType
Added instruction: [3] t2 = &t1.[#0], RESULT *internal/abi.Type
Added instruction: [4] t3 = Call static (*internal/abi.Type).InterfaceType(t2), RESULT *internal/abi.InterfaceType
Added no value instruction: [5] return ()
FINISHED adding instructions to (*internal/abi.ChanType).InterfaceType
    entry: (predecessors:  successors:  not reachable
        [0] t0 = Alloc local info(name: t, type: *internal/abi.ChanType, on stack), RESULT **internal/abi.ChanType
        [1] *t0 = receiver: t *internal/abi.ChanType
        [2] t1 = *t0, RESULT *internal/abi.ChanType
        [3] t2 = &t1.[#0], RESULT *internal/abi.Type
        [4] t3 = Call static (*internal/abi.Type).InterfaceType(t2), RESULT *internal/abi.InterfaceType
        [5] return (t3)


ADDING instructions to (*internal/abi.ChanType).IsDirectIface
Added instruction: [0] t0 = Alloc local info(name: t, type: *internal/abi.ChanType, on stack), RESULT **internal/abi.ChanType
Added no value instruction: [1] *t0 = receiver: t *internal/abi.ChanType
Added instruction: [2] t1 = *t0, RESULT *internal/abi.ChanType
Added instruction: [3] t2 = &t1.[#0], RESULT *internal/abi.Type
Added instruction: [4] t3 = Call static (*internal/abi.Type).IsDirectIface(t2), RESULT bool
Added no value instruction: [5] return ()
FINISHED adding instructions to (*internal/abi.ChanType).IsDirectIface
    entry: (predecessors:  successors:  not reachable
        [0] t0 = Alloc local info(name: t, type: *internal/abi.ChanType, on stack), RESULT **internal/abi.ChanType
        [1] *t0 = receiver: t *internal/abi.ChanType
        [2] t1 = *t0, RESULT *internal/abi.ChanType
        [3] t2 = &t1.[#0], RESULT *internal/abi.Type
        [4] t3 = Call static (*internal/abi.Type).IsDirectIface(t2), RESULT bool
        [5] return (t3)


ADDING instructions to (*internal/abi.ChanType).Key
Added instruction: [0] t0 = Alloc local info(name: t, type: *internal/abi.ChanType, on stack), RESULT **internal/abi.ChanType
Added no value instruction: [1] *t0 = receiver: t *internal/abi.ChanType
Added instruction: [2] t1 = *t0, RESULT *internal/abi.ChanType
Added instruction: [3] t2 = &t1.[#0], RESULT *internal/abi.Type
Added instruction: [4] t3 = Call static (*internal/abi.Type).Key(t2), RESULT *internal/abi.Type
Added no value instruction: [5] return ()
FINISHED adding instructions to (*internal/abi.ChanType).Key
    entry: (predecessors:  successors:  not reachable
        [0] t0 = Alloc local info(name: t, type: *internal/abi.ChanType, on stack), RESULT **internal/abi.ChanType
        [1] *t0 = receiver: t *internal/abi.ChanType
        [2] t1 = *t0, RESULT *internal/abi.ChanType
        [3] t2 = &t1.[#0], RESULT *internal/abi.Type
        [4] t3 = Call static (*internal/abi.Type).Key(t2), RESULT *internal/abi.Type
        [5] return (t3)


ADDING instructions to (*internal/abi.ChanType).Kind
Added instruction: [0] t0 = Alloc local info(name: t, type: *internal/abi.ChanType, on stack), RESULT **internal/abi.ChanType
Added no value instruction: [1] *t0 = receiver: t *internal/abi.ChanType
Added instruction: [2] t1 = *t0, RESULT *internal/abi.ChanType
Added instruction: [3] t2 = &t1.[#0], RESULT *internal/abi.Type
Added instruction: [4] t3 = Call static (*internal/abi.Type).Kind(t2), RESULT internal/abi.Kind
Added no value instruction: [5] return ()
FINISHED adding instructions to (*internal/abi.ChanType).Kind
    entry: (predecessors:  successors:  not reachable
        [0] t0 = Alloc local info(name: t, type: *internal/abi.ChanType, on stack), RESULT **internal/abi.ChanType
        [1] *t0 = receiver: t *internal/abi.ChanType
        [2] t1 = *t0, RESULT *internal/abi.ChanType
        [3] t2 = &t1.[#0], RESULT *internal/abi.Type
        [4] t3 = Call static (*internal/abi.Type).Kind(t2), RESULT internal/abi.Kind
        [5] return (t3)


ADDING instructions to (*internal/abi.ChanType).Len
Added instruction: [0] t0 = Alloc local info(name: t, type: *internal/abi.ChanType, on stack), RESULT **internal/abi.ChanType
Added no value instruction: [1] *t0 = receiver: t *internal/abi.ChanType
Added instruction: [2] t1 = *t0, RESULT *internal/abi.ChanType
Added instruction: [3] t2 = &t1.[#0], RESULT *internal/abi.Type
Creating type go-func-(752)
Creating function (*internal/abi.Type).Len with type go-func-752(752)
Adding bound method Len((*internal/abi.Type).Len) to type internal/abi.Type
Added instruction: [4] t3 = Call static (*internal/abi.Type).Len(t2), RESULT int
Added no value instruction: [5] return ()
FINISHED adding instructions to (*internal/abi.ChanType).Len
    entry: (predecessors:  successors:  not reachable
        [0] t0 = Alloc local info(name: t, type: *internal/abi.ChanType, on stack), RESULT **internal/abi.ChanType
        [1] *t0 = receiver: t *internal/abi.ChanType
        [2] t1 = *t0, RESULT *internal/abi.ChanType
        [3] t2 = &t1.[#0], RESULT *internal/abi.Type
        [4] t3 = Call static (*internal/abi.Type).Len(t2), RESULT int
        [5] return (t3)


ADDING instructions to (*internal/abi.ChanType).MapType
Added instruction: [0] t0 = Alloc local info(name: t, type: *internal/abi.ChanType, on stack), RESULT **internal/abi.ChanType
Added no value instruction: [1] *t0 = receiver: t *internal/abi.ChanType
Added instruction: [2] t1 = *t0, RESULT *internal/abi.ChanType
Added instruction: [3] t2 = &t1.[#0], RESULT *internal/abi.Type
Added instruction: [4] t3 = Call static (*internal/abi.Type).MapType(t2), RESULT *internal/abi.SwissMapType
Added no value instruction: [5] return ()
FINISHED adding instructions to (*internal/abi.ChanType).MapType
    entry: (predecessors:  successors:  not reachable
        [0] t0 = Alloc local info(name: t, type: *internal/abi.ChanType, on stack), RESULT **internal/abi.ChanType
        [1] *t0 = receiver: t *internal/abi.ChanType
        [2] t1 = *t0, RESULT *internal/abi.ChanType
        [3] t2 = &t1.[#0], RESULT *internal/abi.Type
        [4] t3 = Call static (*internal/abi.Type).MapType(t2), RESULT *internal/abi.SwissMapType
        [5] return (t3)


ADDING instructions to (*internal/abi.ChanType).NumMethod
Added instruction: [0] t0 = Alloc local info(name: t, type: *internal/abi.ChanType, on stack), RESULT **internal/abi.ChanType
Added no value instruction: [1] *t0 = receiver: t *internal/abi.ChanType
Added instruction: [2] t1 = *t0, RESULT *internal/abi.ChanType
Added instruction: [3] t2 = &t1.[#0], RESULT *internal/abi.Type
Added instruction: [4] t3 = Call static (*internal/abi.Type).NumMethod(t2), RESULT int
Added no value instruction: [5] return ()
FINISHED adding instructions to (*internal/abi.ChanType).NumMethod
    entry: (predecessors:  successors:  not reachable
        [0] t0 = Alloc local info(name: t, type: *internal/abi.ChanType, on stack), RESULT **internal/abi.ChanType
        [1] *t0 = receiver: t *internal/abi.ChanType
        [2] t1 = *t0, RESULT *internal/abi.ChanType
        [3] t2 = &t1.[#0], RESULT *internal/abi.Type
        [4] t3 = Call static (*internal/abi.Type).NumMethod(t2), RESULT int
        [5] return (t3)


ADDING instructions to (*internal/abi.ChanType).Pointers
Added instruction: [0] t0 = Alloc local info(name: t, type: *internal/abi.ChanType, on stack), RESULT **internal/abi.ChanType
Added no value instruction: [1] *t0 = receiver: t *internal/abi.ChanType
Added instruction: [2] t1 = *t0, RESULT *internal/abi.ChanType
Added instruction: [3] t2 = &t1.[#0], RESULT *internal/abi.Type
Added instruction: [4] t3 = Call static (*internal/abi.Type).Pointers(t2), RESULT bool
Added no value instruction: [5] return ()
FINISHED adding instructions to (*internal/abi.ChanType).Pointers
    entry: (predecessors:  successors:  not reachable
        [0] t0 = Alloc local info(name: t, type: *internal/abi.ChanType, on stack), RESULT **internal/abi.ChanType
        [1] *t0 = receiver: t *internal/abi.ChanType
        [2] t1 = *t0, RESULT *internal/abi.ChanType
        [3] t2 = &t1.[#0], RESULT *internal/abi.Type
        [4] t3 = Call static (*internal/abi.Type).Pointers(t2), RESULT bool
        [5] return (t3)


ADDING instructions to (*internal/abi.ChanType).Size
Added instruction: [0] t0 = Alloc local info(name: t, type: *internal/abi.ChanType, on stack), RESULT **internal/abi.ChanType
Added no value instruction: [1] *t0 = receiver: t *internal/abi.ChanType
Added instruction: [2] t1 = *t0, RESULT *internal/abi.ChanType
Added instruction: [3] t2 = &t1.[#0], RESULT *internal/abi.Type
Added instruction: [4] t3 = Call static (*internal/abi.Type).Size(t2), RESULT uintptr
Added no value instruction: [5] return ()
FINISHED adding instructions to (*internal/abi.ChanType).Size
    entry: (predecessors:  successors:  not reachable
        [0] t0 = Alloc local info(name: t, type: *internal/abi.ChanType, on stack), RESULT **internal/abi.ChanType
        [1] *t0 = receiver: t *internal/abi.ChanType
        [2] t1 = *t0, RESULT *internal/abi.ChanType
        [3] t2 = &t1.[#0], RESULT *internal/abi.Type
        [4] t3 = Call static (*internal/abi.Type).Size(t2), RESULT uintptr
        [5] return (t3)


ADDING instructions to (*internal/abi.ChanType).StructType
Added instruction: [0] t0 = Alloc local info(name: t, type: *internal/abi.ChanType, on stack), RESULT **internal/abi.ChanType
Added no value instruction: [1] *t0 = receiver: t *internal/abi.ChanType
Added instruction: [2] t1 = *t0, RESULT *internal/abi.ChanType
Added instruction: [3] t2 = &t1.[#0], RESULT *internal/abi.Type
Added instruction: [4] t3 = Call static (*internal/abi.Type).StructType(t2), RESULT *internal/abi.StructType
Added no value instruction: [5] return ()
FINISHED adding instructions to (*internal/abi.ChanType).StructType
    entry: (predecessors:  successors:  not reachable
        [0] t0 = Alloc local info(name: t, type: *internal/abi.ChanType, on stack), RESULT **internal/abi.ChanType
        [1] *t0 = receiver: t *internal/abi.ChanType
        [2] t1 = *t0, RESULT *internal/abi.ChanType
        [3] t2 = &t1.[#0], RESULT *internal/abi.Type
        [4] t3 = Call static (*internal/abi.Type).StructType(t2), RESULT *internal/abi.StructType
        [5] return (t3)


ADDING instructions to (*internal/abi.ChanType).Uncommon
Added instruction: [0] t0 = Alloc local info(name: t, type: *internal/abi.ChanType, on stack), RESULT **internal/abi.ChanType
Added no value instruction: [1] *t0 = receiver: t *internal/abi.ChanType
Added instruction: [2] t1 = *t0, RESULT *internal/abi.ChanType
Added instruction: [3] t2 = &t1.[#0], RESULT *internal/abi.Type
Added instruction: [4] t3 = Call static (*internal/abi.Type).Uncommon(t2), RESULT *internal/abi.UncommonType
Added no value instruction: [5] return ()
FINISHED adding instructions to (*internal/abi.ChanType).Uncommon
    entry: (predecessors:  successors:  not reachable
        [0] t0 = Alloc local info(name: t, type: *internal/abi.ChanType, on stack), RESULT **internal/abi.ChanType
        [1] *t0 = receiver: t *internal/abi.ChanType
        [2] t1 = *t0, RESULT *internal/abi.ChanType
        [3] t2 = &t1.[#0], RESULT *internal/abi.Type
        [4] t3 = Call static (*internal/abi.Type).Uncommon(t2), RESULT *internal/abi.UncommonType
        [5] return (t3)


ADDING instructions to (*internal/abi.FuncType).Align
Creating type **internal/abi.FuncType(753)
Base of just created pointer type is *internal/abi.FuncType(63)
Added instruction: [0] t0 = Alloc local info(name: t, type: *internal/abi.FuncType, on stack), RESULT **internal/abi.FuncType
Added no value instruction: [1] *t0 = receiver: t *internal/abi.FuncType
Added instruction: [2] t1 = *t0, RESULT *internal/abi.FuncType
Added instruction: [3] t2 = &t1.[#0], RESULT *internal/abi.Type
Added instruction: [4] t3 = Call static (*internal/abi.Type).Align(t2), RESULT int
Added no value instruction: [5] return ()
FINISHED adding instructions to (*internal/abi.FuncType).Align
    entry: (predecessors:  successors:  not reachable
        [0] t0 = Alloc local info(name: t, type: *internal/abi.FuncType, on stack), RESULT **internal/abi.FuncType
        [1] *t0 = receiver: t *internal/abi.FuncType
        [2] t1 = *t0, RESULT *internal/abi.FuncType
        [3] t2 = &t1.[#0], RESULT *internal/abi.Type
        [4] t3 = Call static (*internal/abi.Type).Align(t2), RESULT int
        [5] return (t3)


ADDING instructions to (*internal/abi.FuncType).ArrayType
Added instruction: [0] t0 = Alloc local info(name: t, type: *internal/abi.FuncType, on stack), RESULT **internal/abi.FuncType
Added no value instruction: [1] *t0 = receiver: t *internal/abi.FuncType
Added instruction: [2] t1 = *t0, RESULT *internal/abi.FuncType
Added instruction: [3] t2 = &t1.[#0], RESULT *internal/abi.Type
Added instruction: [4] t3 = Call static (*internal/abi.Type).ArrayType(t2), RESULT *internal/abi.ArrayType
Added no value instruction: [5] return ()
FINISHED adding instructions to (*internal/abi.FuncType).ArrayType
    entry: (predecessors:  successors:  not reachable
        [0] t0 = Alloc local info(name: t, type: *internal/abi.FuncType, on stack), RESULT **internal/abi.FuncType
        [1] *t0 = receiver: t *internal/abi.FuncType
        [2] t1 = *t0, RESULT *internal/abi.FuncType
        [3] t2 = &t1.[#0], RESULT *internal/abi.Type
        [4] t3 = Call static (*internal/abi.Type).ArrayType(t2), RESULT *internal/abi.ArrayType
        [5] return (t3)


ADDING instructions to (*internal/abi.FuncType).ChanDir
Added instruction: [0] t0 = Alloc local info(name: t, type: *internal/abi.FuncType, on stack), RESULT **internal/abi.FuncType
Added no value instruction: [1] *t0 = receiver: t *internal/abi.FuncType
Added instruction: [2] t1 = *t0, RESULT *internal/abi.FuncType
Added instruction: [3] t2 = &t1.[#0], RESULT *internal/abi.Type
Added instruction: [4] t3 = Call static (*internal/abi.Type).ChanDir(t2), RESULT internal/abi.ChanDir
Added no value instruction: [5] return ()
FINISHED adding instructions to (*internal/abi.FuncType).ChanDir
    entry: (predecessors:  successors:  not reachable
        [0] t0 = Alloc local info(name: t, type: *internal/abi.FuncType, on stack), RESULT **internal/abi.FuncType
        [1] *t0 = receiver: t *internal/abi.FuncType
        [2] t1 = *t0, RESULT *internal/abi.FuncType
        [3] t2 = &t1.[#0], RESULT *internal/abi.Type
        [4] t3 = Call static (*internal/abi.Type).ChanDir(t2), RESULT internal/abi.ChanDir
        [5] return (t3)


ADDING instructions to (*internal/abi.FuncType).Common
Added instruction: [0] t0 = Alloc local info(name: t, type: *internal/abi.FuncType, on stack), RESULT **internal/abi.FuncType
Added no value instruction: [1] *t0 = receiver: t *internal/abi.FuncType
Added instruction: [2] t1 = *t0, RESULT *internal/abi.FuncType
Added instruction: [3] t2 = &t1.[#0], RESULT *internal/abi.Type
Added instruction: [4] t3 = Call static (*internal/abi.Type).Common(t2), RESULT *internal/abi.Type
Added no value instruction: [5] return ()
FINISHED adding instructions to (*internal/abi.FuncType).Common
    entry: (predecessors:  successors:  not reachable
        [0] t0 = Alloc local info(name: t, type: *internal/abi.FuncType, on stack), RESULT **internal/abi.FuncType
        [1] *t0 = receiver: t *internal/abi.FuncType
        [2] t1 = *t0, RESULT *internal/abi.FuncType
        [3] t2 = &t1.[#0], RESULT *internal/abi.Type
        [4] t3 = Call static (*internal/abi.Type).Common(t2), RESULT *internal/abi.Type
        [5] return (t3)


ADDING instructions to (*internal/abi.FuncType).Elem
Added instruction: [0] t0 = Alloc local info(name: t, type: *internal/abi.FuncType, on stack), RESULT **internal/abi.FuncType
Added no value instruction: [1] *t0 = receiver: t *internal/abi.FuncType
Added instruction: [2] t1 = *t0, RESULT *internal/abi.FuncType
Added instruction: [3] t2 = &t1.[#0], RESULT *internal/abi.Type
Creating type go-func-(754)
Creating function (*internal/abi.Type).Elem with type go-func-754(754)
Adding bound method Elem((*internal/abi.Type).Elem) to type internal/abi.Type
Added instruction: [4] t3 = Call static (*internal/abi.Type).Elem(t2), RESULT *internal/abi.Type
Added no value instruction: [5] return ()
FINISHED adding instructions to (*internal/abi.FuncType).Elem
    entry: (predecessors:  successors:  not reachable
        [0] t0 = Alloc local info(name: t, type: *internal/abi.FuncType, on stack), RESULT **internal/abi.FuncType
        [1] *t0 = receiver: t *internal/abi.FuncType
        [2] t1 = *t0, RESULT *internal/abi.FuncType
        [3] t2 = &t1.[#0], RESULT *internal/abi.Type
        [4] t3 = Call static (*internal/abi.Type).Elem(t2), RESULT *internal/abi.Type
        [5] return (t3)


ADDING instructions to (*internal/abi.FuncType).ExportedMethods
Added instruction: [0] t0 = Alloc local info(name: t, type: *internal/abi.FuncType, on stack), RESULT **internal/abi.FuncType
Added no value instruction: [1] *t0 = receiver: t *internal/abi.FuncType
Added instruction: [2] t1 = *t0, RESULT *internal/abi.FuncType
Added instruction: [3] t2 = &t1.[#0], RESULT *internal/abi.Type
Added instruction: [4] t3 = Call static (*internal/abi.Type).ExportedMethods(t2), RESULT []internal/abi.Method
Added no value instruction: [5] return ()
FINISHED adding instructions to (*internal/abi.FuncType).ExportedMethods
    entry: (predecessors:  successors:  not reachable
        [0] t0 = Alloc local info(name: t, type: *internal/abi.FuncType, on stack), RESULT **internal/abi.FuncType
        [1] *t0 = receiver: t *internal/abi.FuncType
        [2] t1 = *t0, RESULT *internal/abi.FuncType
        [3] t2 = &t1.[#0], RESULT *internal/abi.Type
        [4] t3 = Call static (*internal/abi.Type).ExportedMethods(t2), RESULT []internal/abi.Method
        [5] return (t3)


ADDING instructions to (*internal/abi.FuncType).FieldAlign
Added instruction: [0] t0 = Alloc local info(name: t, type: *internal/abi.FuncType, on stack), RESULT **internal/abi.FuncType
Added no value instruction: [1] *t0 = receiver: t *internal/abi.FuncType
Added instruction: [2] t1 = *t0, RESULT *internal/abi.FuncType
Added instruction: [3] t2 = &t1.[#0], RESULT *internal/abi.Type
Added instruction: [4] t3 = Call static (*internal/abi.Type).FieldAlign(t2), RESULT int
Added no value instruction: [5] return ()
FINISHED adding instructions to (*internal/abi.FuncType).FieldAlign
    entry: (predecessors:  successors:  not reachable
        [0] t0 = Alloc local info(name: t, type: *internal/abi.FuncType, on stack), RESULT **internal/abi.FuncType
        [1] *t0 = receiver: t *internal/abi.FuncType
        [2] t1 = *t0, RESULT *internal/abi.FuncType
        [3] t2 = &t1.[#0], RESULT *internal/abi.Type
        [4] t3 = Call static (*internal/abi.Type).FieldAlign(t2), RESULT int
        [5] return (t3)


ADDING instructions to (*internal/abi.FuncType).FuncType
Added instruction: [0] t0 = Alloc local info(name: t, type: *internal/abi.FuncType, on stack), RESULT **internal/abi.FuncType
Added no value instruction: [1] *t0 = receiver: t *internal/abi.FuncType
Added instruction: [2] t1 = *t0, RESULT *internal/abi.FuncType
Added instruction: [3] t2 = &t1.[#0], RESULT *internal/abi.Type
Added instruction: [4] t3 = Call static (*internal/abi.Type).FuncType(t2), RESULT *internal/abi.FuncType
Added no value instruction: [5] return ()
FINISHED adding instructions to (*internal/abi.FuncType).FuncType
    entry: (predecessors:  successors:  not reachable
        [0] t0 = Alloc local info(name: t, type: *internal/abi.FuncType, on stack), RESULT **internal/abi.FuncType
        [1] *t0 = receiver: t *internal/abi.FuncType
        [2] t1 = *t0, RESULT *internal/abi.FuncType
        [3] t2 = &t1.[#0], RESULT *internal/abi.Type
        [4] t3 = Call static (*internal/abi.Type).FuncType(t2), RESULT *internal/abi.FuncType
        [5] return (t3)


ADDING instructions to (*internal/abi.FuncType).GcSlice
Added instruction: [0] t0 = Alloc local info(name: t, type: *internal/abi.FuncType, on stack), RESULT **internal/abi.FuncType
Added no value instruction: [1] *t0 = receiver: t *internal/abi.FuncType
Added instruction: [2] t1 = *t0, RESULT *internal/abi.FuncType
Added instruction: [3] t2 = &t1.[#0], RESULT *internal/abi.Type
Added instruction: [4] t3 = Call static (*internal/abi.Type).GcSlice(t2,parameter: begin uintptr,parameter: end uintptr), RESULT []byte
Added no value instruction: [5] return ()
FINISHED adding instructions to (*internal/abi.FuncType).GcSlice
    entry: (predecessors:  successors:  not reachable
        [0] t0 = Alloc local info(name: t, type: *internal/abi.FuncType, on stack), RESULT **internal/abi.FuncType
        [1] *t0 = receiver: t *internal/abi.FuncType
        [2] t1 = *t0, RESULT *internal/abi.FuncType
        [3] t2 = &t1.[#0], RESULT *internal/abi.Type
        [4] t3 = Call static (*internal/abi.Type).GcSlice(t2,parameter: begin uintptr,parameter: end uintptr), RESULT []byte
        [5] return (t3)


ADDING instructions to (*internal/abi.FuncType).HasName
Added instruction: [0] t0 = Alloc local info(name: t, type: *internal/abi.FuncType, on stack), RESULT **internal/abi.FuncType
Added no value instruction: [1] *t0 = receiver: t *internal/abi.FuncType
Added instruction: [2] t1 = *t0, RESULT *internal/abi.FuncType
Added instruction: [3] t2 = &t1.[#0], RESULT *internal/abi.Type
Added instruction: [4] t3 = Call static (*internal/abi.Type).HasName(t2), RESULT bool
Added no value instruction: [5] return ()
FINISHED adding instructions to (*internal/abi.FuncType).HasName
    entry: (predecessors:  successors:  not reachable
        [0] t0 = Alloc local info(name: t, type: *internal/abi.FuncType, on stack), RESULT **internal/abi.FuncType
        [1] *t0 = receiver: t *internal/abi.FuncType
        [2] t1 = *t0, RESULT *internal/abi.FuncType
        [3] t2 = &t1.[#0], RESULT *internal/abi.Type
        [4] t3 = Call static (*internal/abi.Type).HasName(t2), RESULT bool
        [5] return (t3)


ADDING instructions to (*internal/abi.FuncType).IfaceIndir
Added instruction: [0] t0 = Alloc local info(name: t, type: *internal/abi.FuncType, on stack), RESULT **internal/abi.FuncType
Added no value instruction: [1] *t0 = receiver: t *internal/abi.FuncType
Added instruction: [2] t1 = *t0, RESULT *internal/abi.FuncType
Added instruction: [3] t2 = &t1.[#0], RESULT *internal/abi.Type
Added instruction: [4] t3 = Call static (*internal/abi.Type).IfaceIndir(t2), RESULT bool
Added no value instruction: [5] return ()
FINISHED adding instructions to (*internal/abi.FuncType).IfaceIndir
    entry: (predecessors:  successors:  not reachable
        [0] t0 = Alloc local info(name: t, type: *internal/abi.FuncType, on stack), RESULT **internal/abi.FuncType
        [1] *t0 = receiver: t *internal/abi.FuncType
        [2] t1 = *t0, RESULT *internal/abi.FuncType
        [3] t2 = &t1.[#0], RESULT *internal/abi.Type
        [4] t3 = Call static (*internal/abi.Type).IfaceIndir(t2), RESULT bool
        [5] return (t3)


ADDING instructions to (*internal/abi.FuncType).InterfaceType
Added instruction: [0] t0 = Alloc local info(name: t, type: *internal/abi.FuncType, on stack), RESULT **internal/abi.FuncType
Added no value instruction: [1] *t0 = receiver: t *internal/abi.FuncType
Added instruction: [2] t1 = *t0, RESULT *internal/abi.FuncType
Added instruction: [3] t2 = &t1.[#0], RESULT *internal/abi.Type
Added instruction: [4] t3 = Call static (*internal/abi.Type).InterfaceType(t2), RESULT *internal/abi.InterfaceType
Added no value instruction: [5] return ()
FINISHED adding instructions to (*internal/abi.FuncType).InterfaceType
    entry: (predecessors:  successors:  not reachable
        [0] t0 = Alloc local info(name: t, type: *internal/abi.FuncType, on stack), RESULT **internal/abi.FuncType
        [1] *t0 = receiver: t *internal/abi.FuncType
        [2] t1 = *t0, RESULT *internal/abi.FuncType
        [3] t2 = &t1.[#0], RESULT *internal/abi.Type
        [4] t3 = Call static (*internal/abi.Type).InterfaceType(t2), RESULT *internal/abi.InterfaceType
        [5] return (t3)


ADDING instructions to (*internal/abi.FuncType).IsDirectIface
Added instruction: [0] t0 = Alloc local info(name: t, type: *internal/abi.FuncType, on stack), RESULT **internal/abi.FuncType
Added no value instruction: [1] *t0 = receiver: t *internal/abi.FuncType
Added instruction: [2] t1 = *t0, RESULT *internal/abi.FuncType
Added instruction: [3] t2 = &t1.[#0], RESULT *internal/abi.Type
Added instruction: [4] t3 = Call static (*internal/abi.Type).IsDirectIface(t2), RESULT bool
Added no value instruction: [5] return ()
FINISHED adding instructions to (*internal/abi.FuncType).IsDirectIface
    entry: (predecessors:  successors:  not reachable
        [0] t0 = Alloc local info(name: t, type: *internal/abi.FuncType, on stack), RESULT **internal/abi.FuncType
        [1] *t0 = receiver: t *internal/abi.FuncType
        [2] t1 = *t0, RESULT *internal/abi.FuncType
        [3] t2 = &t1.[#0], RESULT *internal/abi.Type
        [4] t3 = Call static (*internal/abi.Type).IsDirectIface(t2), RESULT bool
        [5] return (t3)


ADDING instructions to (*internal/abi.FuncType).Key
Added instruction: [0] t0 = Alloc local info(name: t, type: *internal/abi.FuncType, on stack), RESULT **internal/abi.FuncType
Added no value instruction: [1] *t0 = receiver: t *internal/abi.FuncType
Added instruction: [2] t1 = *t0, RESULT *internal/abi.FuncType
Added instruction: [3] t2 = &t1.[#0], RESULT *internal/abi.Type
Added instruction: [4] t3 = Call static (*internal/abi.Type).Key(t2), RESULT *internal/abi.Type
Added no value instruction: [5] return ()
FINISHED adding instructions to (*internal/abi.FuncType).Key
    entry: (predecessors:  successors:  not reachable
        [0] t0 = Alloc local info(name: t, type: *internal/abi.FuncType, on stack), RESULT **internal/abi.FuncType
        [1] *t0 = receiver: t *internal/abi.FuncType
        [2] t1 = *t0, RESULT *internal/abi.FuncType
        [3] t2 = &t1.[#0], RESULT *internal/abi.Type
        [4] t3 = Call static (*internal/abi.Type).Key(t2), RESULT *internal/abi.Type
        [5] return (t3)


ADDING instructions to (*internal/abi.FuncType).Kind
Added instruction: [0] t0 = Alloc local info(name: t, type: *internal/abi.FuncType, on stack), RESULT **internal/abi.FuncType
Added no value instruction: [1] *t0 = receiver: t *internal/abi.FuncType
Added instruction: [2] t1 = *t0, RESULT *internal/abi.FuncType
Added instruction: [3] t2 = &t1.[#0], RESULT *internal/abi.Type
Added instruction: [4] t3 = Call static (*internal/abi.Type).Kind(t2), RESULT internal/abi.Kind
Added no value instruction: [5] return ()
FINISHED adding instructions to (*internal/abi.FuncType).Kind
    entry: (predecessors:  successors:  not reachable
        [0] t0 = Alloc local info(name: t, type: *internal/abi.FuncType, on stack), RESULT **internal/abi.FuncType
        [1] *t0 = receiver: t *internal/abi.FuncType
        [2] t1 = *t0, RESULT *internal/abi.FuncType
        [3] t2 = &t1.[#0], RESULT *internal/abi.Type
        [4] t3 = Call static (*internal/abi.Type).Kind(t2), RESULT internal/abi.Kind
        [5] return (t3)


ADDING instructions to (*internal/abi.FuncType).Len
Added instruction: [0] t0 = Alloc local info(name: t, type: *internal/abi.FuncType, on stack), RESULT **internal/abi.FuncType
Added no value instruction: [1] *t0 = receiver: t *internal/abi.FuncType
Added instruction: [2] t1 = *t0, RESULT *internal/abi.FuncType
Added instruction: [3] t2 = &t1.[#0], RESULT *internal/abi.Type
Added instruction: [4] t3 = Call static (*internal/abi.Type).Len(t2), RESULT int
Added no value instruction: [5] return ()
FINISHED adding instructions to (*internal/abi.FuncType).Len
    entry: (predecessors:  successors:  not reachable
        [0] t0 = Alloc local info(name: t, type: *internal/abi.FuncType, on stack), RESULT **internal/abi.FuncType
        [1] *t0 = receiver: t *internal/abi.FuncType
        [2] t1 = *t0, RESULT *internal/abi.FuncType
        [3] t2 = &t1.[#0], RESULT *internal/abi.Type
        [4] t3 = Call static (*internal/abi.Type).Len(t2), RESULT int
        [5] return (t3)


ADDING instructions to (*internal/abi.FuncType).MapType
Added instruction: [0] t0 = Alloc local info(name: t, type: *internal/abi.FuncType, on stack), RESULT **internal/abi.FuncType
Added no value instruction: [1] *t0 = receiver: t *internal/abi.FuncType
Added instruction: [2] t1 = *t0, RESULT *internal/abi.FuncType
Added instruction: [3] t2 = &t1.[#0], RESULT *internal/abi.Type
Added instruction: [4] t3 = Call static (*internal/abi.Type).MapType(t2), RESULT *internal/abi.SwissMapType
Added no value instruction: [5] return ()
FINISHED adding instructions to (*internal/abi.FuncType).MapType
    entry: (predecessors:  successors:  not reachable
        [0] t0 = Alloc local info(name: t, type: *internal/abi.FuncType, on stack), RESULT **internal/abi.FuncType
        [1] *t0 = receiver: t *internal/abi.FuncType
        [2] t1 = *t0, RESULT *internal/abi.FuncType
        [3] t2 = &t1.[#0], RESULT *internal/abi.Type
        [4] t3 = Call static (*internal/abi.Type).MapType(t2), RESULT *internal/abi.SwissMapType
        [5] return (t3)


ADDING instructions to (*internal/abi.FuncType).NumMethod
Added instruction: [0] t0 = Alloc local info(name: t, type: *internal/abi.FuncType, on stack), RESULT **internal/abi.FuncType
Added no value instruction: [1] *t0 = receiver: t *internal/abi.FuncType
Added instruction: [2] t1 = *t0, RESULT *internal/abi.FuncType
Added instruction: [3] t2 = &t1.[#0], RESULT *internal/abi.Type
Added instruction: [4] t3 = Call static (*internal/abi.Type).NumMethod(t2), RESULT int
Added no value instruction: [5] return ()
FINISHED adding instructions to (*internal/abi.FuncType).NumMethod
    entry: (predecessors:  successors:  not reachable
        [0] t0 = Alloc local info(name: t, type: *internal/abi.FuncType, on stack), RESULT **internal/abi.FuncType
        [1] *t0 = receiver: t *internal/abi.FuncType
        [2] t1 = *t0, RESULT *internal/abi.FuncType
        [3] t2 = &t1.[#0], RESULT *internal/abi.Type
        [4] t3 = Call static (*internal/abi.Type).NumMethod(t2), RESULT int
        [5] return (t3)


ADDING instructions to (*internal/abi.FuncType).Pointers
Added instruction: [0] t0 = Alloc local info(name: t, type: *internal/abi.FuncType, on stack), RESULT **internal/abi.FuncType
Added no value instruction: [1] *t0 = receiver: t *internal/abi.FuncType
Added instruction: [2] t1 = *t0, RESULT *internal/abi.FuncType
Added instruction: [3] t2 = &t1.[#0], RESULT *internal/abi.Type
Added instruction: [4] t3 = Call static (*internal/abi.Type).Pointers(t2), RESULT bool
Added no value instruction: [5] return ()
FINISHED adding instructions to (*internal/abi.FuncType).Pointers
    entry: (predecessors:  successors:  not reachable
        [0] t0 = Alloc local info(name: t, type: *internal/abi.FuncType, on stack), RESULT **internal/abi.FuncType
        [1] *t0 = receiver: t *internal/abi.FuncType
        [2] t1 = *t0, RESULT *internal/abi.FuncType
        [3] t2 = &t1.[#0], RESULT *internal/abi.Type
        [4] t3 = Call static (*internal/abi.Type).Pointers(t2), RESULT bool
        [5] return (t3)


ADDING instructions to (*internal/abi.FuncType).Size
Added instruction: [0] t0 = Alloc local info(name: t, type: *internal/abi.FuncType, on stack), RESULT **internal/abi.FuncType
Added no value instruction: [1] *t0 = receiver: t *internal/abi.FuncType
Added instruction: [2] t1 = *t0, RESULT *internal/abi.FuncType
Added instruction: [3] t2 = &t1.[#0], RESULT *internal/abi.Type
Added instruction: [4] t3 = Call static (*internal/abi.Type).Size(t2), RESULT uintptr
Added no value instruction: [5] return ()
FINISHED adding instructions to (*internal/abi.FuncType).Size
    entry: (predecessors:  successors:  not reachable
        [0] t0 = Alloc local info(name: t, type: *internal/abi.FuncType, on stack), RESULT **internal/abi.FuncType
        [1] *t0 = receiver: t *internal/abi.FuncType
        [2] t1 = *t0, RESULT *internal/abi.FuncType
        [3] t2 = &t1.[#0], RESULT *internal/abi.Type
        [4] t3 = Call static (*internal/abi.Type).Size(t2), RESULT uintptr
        [5] return (t3)


ADDING instructions to (*internal/abi.FuncType).StructType
Added instruction: [0] t0 = Alloc local info(name: t, type: *internal/abi.FuncType, on stack), RESULT **internal/abi.FuncType
Added no value instruction: [1] *t0 = receiver: t *internal/abi.FuncType
Added instruction: [2] t1 = *t0, RESULT *internal/abi.FuncType
Added instruction: [3] t2 = &t1.[#0], RESULT *internal/abi.Type
Added instruction: [4] t3 = Call static (*internal/abi.Type).StructType(t2), RESULT *internal/abi.StructType
Added no value instruction: [5] return ()
FINISHED adding instructions to (*internal/abi.FuncType).StructType
    entry: (predecessors:  successors:  not reachable
        [0] t0 = Alloc local info(name: t, type: *internal/abi.FuncType, on stack), RESULT **internal/abi.FuncType
        [1] *t0 = receiver: t *internal/abi.FuncType
        [2] t1 = *t0, RESULT *internal/abi.FuncType
        [3] t2 = &t1.[#0], RESULT *internal/abi.Type
        [4] t3 = Call static (*internal/abi.Type).StructType(t2), RESULT *internal/abi.StructType
        [5] return (t3)


ADDING instructions to (*internal/abi.FuncType).Uncommon
Added instruction: [0] t0 = Alloc local info(name: t, type: *internal/abi.FuncType, on stack), RESULT **internal/abi.FuncType
Added no value instruction: [1] *t0 = receiver: t *internal/abi.FuncType
Added instruction: [2] t1 = *t0, RESULT *internal/abi.FuncType
Added instruction: [3] t2 = &t1.[#0], RESULT *internal/abi.Type
Added instruction: [4] t3 = Call static (*internal/abi.Type).Uncommon(t2), RESULT *internal/abi.UncommonType
Added no value instruction: [5] return ()
FINISHED adding instructions to (*internal/abi.FuncType).Uncommon
    entry: (predecessors:  successors:  not reachable
        [0] t0 = Alloc local info(name: t, type: *internal/abi.FuncType, on stack), RESULT **internal/abi.FuncType
        [1] *t0 = receiver: t *internal/abi.FuncType
        [2] t1 = *t0, RESULT *internal/abi.FuncType
        [3] t2 = &t1.[#0], RESULT *internal/abi.Type
        [4] t3 = Call static (*internal/abi.Type).Uncommon(t2), RESULT *internal/abi.UncommonType
        [5] return (t3)


ADDING instructions to (*internal/abi.InterfaceType).Align
Creating type **internal/abi.InterfaceType(755)
Base of just created pointer type is *internal/abi.InterfaceType(76)
Added instruction: [0] t0 = Alloc local info(name: t, type: *internal/abi.InterfaceType, on stack), RESULT **internal/abi.InterfaceType
Added no value instruction: [1] *t0 = receiver: t *internal/abi.InterfaceType
Added instruction: [2] t1 = *t0, RESULT *internal/abi.InterfaceType
Added instruction: [3] t2 = &t1.[#0], RESULT *internal/abi.Type
Added instruction: [4] t3 = Call static (*internal/abi.Type).Align(t2), RESULT int
Added no value instruction: [5] return ()
FINISHED adding instructions to (*internal/abi.InterfaceType).Align
    entry: (predecessors:  successors:  not reachable
        [0] t0 = Alloc local info(name: t, type: *internal/abi.InterfaceType, on stack), RESULT **internal/abi.InterfaceType
        [1] *t0 = receiver: t *internal/abi.InterfaceType
        [2] t1 = *t0, RESULT *internal/abi.InterfaceType
        [3] t2 = &t1.[#0], RESULT *internal/abi.Type
        [4] t3 = Call static (*internal/abi.Type).Align(t2), RESULT int
        [5] return (t3)


ADDING instructions to (*internal/abi.InterfaceType).ArrayType
Added instruction: [0] t0 = Alloc local info(name: t, type: *internal/abi.InterfaceType, on stack), RESULT **internal/abi.InterfaceType
Added no value instruction: [1] *t0 = receiver: t *internal/abi.InterfaceType
Added instruction: [2] t1 = *t0, RESULT *internal/abi.InterfaceType
Added instruction: [3] t2 = &t1.[#0], RESULT *internal/abi.Type
Added instruction: [4] t3 = Call static (*internal/abi.Type).ArrayType(t2), RESULT *internal/abi.ArrayType
Added no value instruction: [5] return ()
FINISHED adding instructions to (*internal/abi.InterfaceType).ArrayType
    entry: (predecessors:  successors:  not reachable
        [0] t0 = Alloc local info(name: t, type: *internal/abi.InterfaceType, on stack), RESULT **internal/abi.InterfaceType
        [1] *t0 = receiver: t *internal/abi.InterfaceType
        [2] t1 = *t0, RESULT *internal/abi.InterfaceType
        [3] t2 = &t1.[#0], RESULT *internal/abi.Type
        [4] t3 = Call static (*internal/abi.Type).ArrayType(t2), RESULT *internal/abi.ArrayType
        [5] return (t3)


ADDING instructions to (*internal/abi.InterfaceType).ChanDir
Added instruction: [0] t0 = Alloc local info(name: t, type: *internal/abi.InterfaceType, on stack), RESULT **internal/abi.InterfaceType
Added no value instruction: [1] *t0 = receiver: t *internal/abi.InterfaceType
Added instruction: [2] t1 = *t0, RESULT *internal/abi.InterfaceType
Added instruction: [3] t2 = &t1.[#0], RESULT *internal/abi.Type
Added instruction: [4] t3 = Call static (*internal/abi.Type).ChanDir(t2), RESULT internal/abi.ChanDir
Added no value instruction: [5] return ()
FINISHED adding instructions to (*internal/abi.InterfaceType).ChanDir
    entry: (predecessors:  successors:  not reachable
        [0] t0 = Alloc local info(name: t, type: *internal/abi.InterfaceType, on stack), RESULT **internal/abi.InterfaceType
        [1] *t0 = receiver: t *internal/abi.InterfaceType
        [2] t1 = *t0, RESULT *internal/abi.InterfaceType
        [3] t2 = &t1.[#0], RESULT *internal/abi.Type
        [4] t3 = Call static (*internal/abi.Type).ChanDir(t2), RESULT internal/abi.ChanDir
        [5] return (t3)


ADDING instructions to (*internal/abi.InterfaceType).Common
Added instruction: [0] t0 = Alloc local info(name: t, type: *internal/abi.InterfaceType, on stack), RESULT **internal/abi.InterfaceType
Added no value instruction: [1] *t0 = receiver: t *internal/abi.InterfaceType
Added instruction: [2] t1 = *t0, RESULT *internal/abi.InterfaceType
Added instruction: [3] t2 = &t1.[#0], RESULT *internal/abi.Type
Added instruction: [4] t3 = Call static (*internal/abi.Type).Common(t2), RESULT *internal/abi.Type
Added no value instruction: [5] return ()
FINISHED adding instructions to (*internal/abi.InterfaceType).Common
    entry: (predecessors:  successors:  not reachable
        [0] t0 = Alloc local info(name: t, type: *internal/abi.InterfaceType, on stack), RESULT **internal/abi.InterfaceType
        [1] *t0 = receiver: t *internal/abi.InterfaceType
        [2] t1 = *t0, RESULT *internal/abi.InterfaceType
        [3] t2 = &t1.[#0], RESULT *internal/abi.Type
        [4] t3 = Call static (*internal/abi.Type).Common(t2), RESULT *internal/abi.Type
        [5] return (t3)


ADDING instructions to (*internal/abi.InterfaceType).Elem
Added instruction: [0] t0 = Alloc local info(name: t, type: *internal/abi.InterfaceType, on stack), RESULT **internal/abi.InterfaceType
Added no value instruction: [1] *t0 = receiver: t *internal/abi.InterfaceType
Added instruction: [2] t1 = *t0, RESULT *internal/abi.InterfaceType
Added instruction: [3] t2 = &t1.[#0], RESULT *internal/abi.Type
Added instruction: [4] t3 = Call static (*internal/abi.Type).Elem(t2), RESULT *internal/abi.Type
Added no value instruction: [5] return ()
FINISHED adding instructions to (*internal/abi.InterfaceType).Elem
    entry: (predecessors:  successors:  not reachable
        [0] t0 = Alloc local info(name: t, type: *internal/abi.InterfaceType, on stack), RESULT **internal/abi.InterfaceType
        [1] *t0 = receiver: t *internal/abi.InterfaceType
        [2] t1 = *t0, RESULT *internal/abi.InterfaceType
        [3] t2 = &t1.[#0], RESULT *internal/abi.Type
        [4] t3 = Call static (*internal/abi.Type).Elem(t2), RESULT *internal/abi.Type
        [5] return (t3)


ADDING instructions to (*internal/abi.InterfaceType).ExportedMethods
Added instruction: [0] t0 = Alloc local info(name: t, type: *internal/abi.InterfaceType, on stack), RESULT **internal/abi.InterfaceType
Added no value instruction: [1] *t0 = receiver: t *internal/abi.InterfaceType
Added instruction: [2] t1 = *t0, RESULT *internal/abi.InterfaceType
Added instruction: [3] t2 = &t1.[#0], RESULT *internal/abi.Type
Added instruction: [4] t3 = Call static (*internal/abi.Type).ExportedMethods(t2), RESULT []internal/abi.Method
Added no value instruction: [5] return ()
FINISHED adding instructions to (*internal/abi.InterfaceType).ExportedMethods
    entry: (predecessors:  successors:  not reachable
        [0] t0 = Alloc local info(name: t, type: *internal/abi.InterfaceType, on stack), RESULT **internal/abi.InterfaceType
        [1] *t0 = receiver: t *internal/abi.InterfaceType
        [2] t1 = *t0, RESULT *internal/abi.InterfaceType
        [3] t2 = &t1.[#0], RESULT *internal/abi.Type
        [4] t3 = Call static (*internal/abi.Type).ExportedMethods(t2), RESULT []internal/abi.Method
        [5] return (t3)


ADDING instructions to (*internal/abi.InterfaceType).FieldAlign
Added instruction: [0] t0 = Alloc local info(name: t, type: *internal/abi.InterfaceType, on stack), RESULT **internal/abi.InterfaceType
Added no value instruction: [1] *t0 = receiver: t *internal/abi.InterfaceType
Added instruction: [2] t1 = *t0, RESULT *internal/abi.InterfaceType
Added instruction: [3] t2 = &t1.[#0], RESULT *internal/abi.Type
Added instruction: [4] t3 = Call static (*internal/abi.Type).FieldAlign(t2), RESULT int
Added no value instruction: [5] return ()
FINISHED adding instructions to (*internal/abi.InterfaceType).FieldAlign
    entry: (predecessors:  successors:  not reachable
        [0] t0 = Alloc local info(name: t, type: *internal/abi.InterfaceType, on stack), RESULT **internal/abi.InterfaceType
        [1] *t0 = receiver: t *internal/abi.InterfaceType
        [2] t1 = *t0, RESULT *internal/abi.InterfaceType
        [3] t2 = &t1.[#0], RESULT *internal/abi.Type
        [4] t3 = Call static (*internal/abi.Type).FieldAlign(t2), RESULT int
        [5] return (t3)


ADDING instructions to (*internal/abi.InterfaceType).FuncType
Added instruction: [0] t0 = Alloc local info(name: t, type: *internal/abi.InterfaceType, on stack), RESULT **internal/abi.InterfaceType
Added no value instruction: [1] *t0 = receiver: t *internal/abi.InterfaceType
Added instruction: [2] t1 = *t0, RESULT *internal/abi.InterfaceType
Added instruction: [3] t2 = &t1.[#0], RESULT *internal/abi.Type
Added instruction: [4] t3 = Call static (*internal/abi.Type).FuncType(t2), RESULT *internal/abi.FuncType
Added no value instruction: [5] return ()
FINISHED adding instructions to (*internal/abi.InterfaceType).FuncType
    entry: (predecessors:  successors:  not reachable
        [0] t0 = Alloc local info(name: t, type: *internal/abi.InterfaceType, on stack), RESULT **internal/abi.InterfaceType
        [1] *t0 = receiver: t *internal/abi.InterfaceType
        [2] t1 = *t0, RESULT *internal/abi.InterfaceType
        [3] t2 = &t1.[#0], RESULT *internal/abi.Type
        [4] t3 = Call static (*internal/abi.Type).FuncType(t2), RESULT *internal/abi.FuncType
        [5] return (t3)


ADDING instructions to (*internal/abi.InterfaceType).GcSlice
Added instruction: [0] t0 = Alloc local info(name: t, type: *internal/abi.InterfaceType, on stack), RESULT **internal/abi.InterfaceType
Added no value instruction: [1] *t0 = receiver: t *internal/abi.InterfaceType
Added instruction: [2] t1 = *t0, RESULT *internal/abi.InterfaceType
Added instruction: [3] t2 = &t1.[#0], RESULT *internal/abi.Type
Added instruction: [4] t3 = Call static (*internal/abi.Type).GcSlice(t2,parameter: begin uintptr,parameter: end uintptr), RESULT []byte
Added no value instruction: [5] return ()
FINISHED adding instructions to (*internal/abi.InterfaceType).GcSlice
    entry: (predecessors:  successors:  not reachable
        [0] t0 = Alloc local info(name: t, type: *internal/abi.InterfaceType, on stack), RESULT **internal/abi.InterfaceType
        [1] *t0 = receiver: t *internal/abi.InterfaceType
        [2] t1 = *t0, RESULT *internal/abi.InterfaceType
        [3] t2 = &t1.[#0], RESULT *internal/abi.Type
        [4] t3 = Call static (*internal/abi.Type).GcSlice(t2,parameter: begin uintptr,parameter: end uintptr), RESULT []byte
        [5] return (t3)


ADDING instructions to (*internal/abi.InterfaceType).HasName
Added instruction: [0] t0 = Alloc local info(name: t, type: *internal/abi.InterfaceType, on stack), RESULT **internal/abi.InterfaceType
Added no value instruction: [1] *t0 = receiver: t *internal/abi.InterfaceType
Added instruction: [2] t1 = *t0, RESULT *internal/abi.InterfaceType
Added instruction: [3] t2 = &t1.[#0], RESULT *internal/abi.Type
Added instruction: [4] t3 = Call static (*internal/abi.Type).HasName(t2), RESULT bool
Added no value instruction: [5] return ()
FINISHED adding instructions to (*internal/abi.InterfaceType).HasName
    entry: (predecessors:  successors:  not reachable
        [0] t0 = Alloc local info(name: t, type: *internal/abi.InterfaceType, on stack), RESULT **internal/abi.InterfaceType
        [1] *t0 = receiver: t *internal/abi.InterfaceType
        [2] t1 = *t0, RESULT *internal/abi.InterfaceType
        [3] t2 = &t1.[#0], RESULT *internal/abi.Type
        [4] t3 = Call static (*internal/abi.Type).HasName(t2), RESULT bool
        [5] return (t3)


ADDING instructions to (*internal/abi.InterfaceType).IfaceIndir
Added instruction: [0] t0 = Alloc local info(name: t, type: *internal/abi.InterfaceType, on stack), RESULT **internal/abi.InterfaceType
Added no value instruction: [1] *t0 = receiver: t *internal/abi.InterfaceType
Added instruction: [2] t1 = *t0, RESULT *internal/abi.InterfaceType
Added instruction: [3] t2 = &t1.[#0], RESULT *internal/abi.Type
Added instruction: [4] t3 = Call static (*internal/abi.Type).IfaceIndir(t2), RESULT bool
Added no value instruction: [5] return ()
FINISHED adding instructions to (*internal/abi.InterfaceType).IfaceIndir
    entry: (predecessors:  successors:  not reachable
        [0] t0 = Alloc local info(name: t, type: *internal/abi.InterfaceType, on stack), RESULT **internal/abi.InterfaceType
        [1] *t0 = receiver: t *internal/abi.InterfaceType
        [2] t1 = *t0, RESULT *internal/abi.InterfaceType
        [3] t2 = &t1.[#0], RESULT *internal/abi.Type
        [4] t3 = Call static (*internal/abi.Type).IfaceIndir(t2), RESULT bool
        [5] return (t3)


ADDING instructions to (*internal/abi.InterfaceType).InterfaceType
Added instruction: [0] t0 = Alloc local info(name: t, type: *internal/abi.InterfaceType, on stack), RESULT **internal/abi.InterfaceType
Added no value instruction: [1] *t0 = receiver: t *internal/abi.InterfaceType
Added instruction: [2] t1 = *t0, RESULT *internal/abi.InterfaceType
Added instruction: [3] t2 = &t1.[#0], RESULT *internal/abi.Type
Added instruction: [4] t3 = Call static (*internal/abi.Type).InterfaceType(t2), RESULT *internal/abi.InterfaceType
Added no value instruction: [5] return ()
FINISHED adding instructions to (*internal/abi.InterfaceType).InterfaceType
    entry: (predecessors:  successors:  not reachable
        [0] t0 = Alloc local info(name: t, type: *internal/abi.InterfaceType, on stack), RESULT **internal/abi.InterfaceType
        [1] *t0 = receiver: t *internal/abi.InterfaceType
        [2] t1 = *t0, RESULT *internal/abi.InterfaceType
        [3] t2 = &t1.[#0], RESULT *internal/abi.Type
        [4] t3 = Call static (*internal/abi.Type).InterfaceType(t2), RESULT *internal/abi.InterfaceType
        [5] return (t3)


ADDING instructions to (*internal/abi.InterfaceType).IsDirectIface
Added instruction: [0] t0 = Alloc local info(name: t, type: *internal/abi.InterfaceType, on stack), RESULT **internal/abi.InterfaceType
Added no value instruction: [1] *t0 = receiver: t *internal/abi.InterfaceType
Added instruction: [2] t1 = *t0, RESULT *internal/abi.InterfaceType
Added instruction: [3] t2 = &t1.[#0], RESULT *internal/abi.Type
Added instruction: [4] t3 = Call static (*internal/abi.Type).IsDirectIface(t2), RESULT bool
Added no value instruction: [5] return ()
FINISHED adding instructions to (*internal/abi.InterfaceType).IsDirectIface
    entry: (predecessors:  successors:  not reachable
        [0] t0 = Alloc local info(name: t, type: *internal/abi.InterfaceType, on stack), RESULT **internal/abi.InterfaceType
        [1] *t0 = receiver: t *internal/abi.InterfaceType
        [2] t1 = *t0, RESULT *internal/abi.InterfaceType
        [3] t2 = &t1.[#0], RESULT *internal/abi.Type
        [4] t3 = Call static (*internal/abi.Type).IsDirectIface(t2), RESULT bool
        [5] return (t3)


ADDING instructions to (*internal/abi.InterfaceType).Key
Added instruction: [0] t0 = Alloc local info(name: t, type: *internal/abi.InterfaceType, on stack), RESULT **internal/abi.InterfaceType
Added no value instruction: [1] *t0 = receiver: t *internal/abi.InterfaceType
Added instruction: [2] t1 = *t0, RESULT *internal/abi.InterfaceType
Added instruction: [3] t2 = &t1.[#0], RESULT *internal/abi.Type
Added instruction: [4] t3 = Call static (*internal/abi.Type).Key(t2), RESULT *internal/abi.Type
Added no value instruction: [5] return ()
FINISHED adding instructions to (*internal/abi.InterfaceType).Key
    entry: (predecessors:  successors:  not reachable
        [0] t0 = Alloc local info(name: t, type: *internal/abi.InterfaceType, on stack), RESULT **internal/abi.InterfaceType
        [1] *t0 = receiver: t *internal/abi.InterfaceType
        [2] t1 = *t0, RESULT *internal/abi.InterfaceType
        [3] t2 = &t1.[#0], RESULT *internal/abi.Type
        [4] t3 = Call static (*internal/abi.Type).Key(t2), RESULT *internal/abi.Type
        [5] return (t3)


ADDING instructions to (*internal/abi.InterfaceType).Kind
Added instruction: [0] t0 = Alloc local info(name: t, type: *internal/abi.InterfaceType, on stack), RESULT **internal/abi.InterfaceType
Added no value instruction: [1] *t0 = receiver: t *internal/abi.InterfaceType
Added instruction: [2] t1 = *t0, RESULT *internal/abi.InterfaceType
Added instruction: [3] t2 = &t1.[#0], RESULT *internal/abi.Type
Added instruction: [4] t3 = Call static (*internal/abi.Type).Kind(t2), RESULT internal/abi.Kind
Added no value instruction: [5] return ()
FINISHED adding instructions to (*internal/abi.InterfaceType).Kind
    entry: (predecessors:  successors:  not reachable
        [0] t0 = Alloc local info(name: t, type: *internal/abi.InterfaceType, on stack), RESULT **internal/abi.InterfaceType
        [1] *t0 = receiver: t *internal/abi.InterfaceType
        [2] t1 = *t0, RESULT *internal/abi.InterfaceType
        [3] t2 = &t1.[#0], RESULT *internal/abi.Type
        [4] t3 = Call static (*internal/abi.Type).Kind(t2), RESULT internal/abi.Kind
        [5] return (t3)


ADDING instructions to (*internal/abi.InterfaceType).Len
Added instruction: [0] t0 = Alloc local info(name: t, type: *internal/abi.InterfaceType, on stack), RESULT **internal/abi.InterfaceType
Added no value instruction: [1] *t0 = receiver: t *internal/abi.InterfaceType
Added instruction: [2] t1 = *t0, RESULT *internal/abi.InterfaceType
Added instruction: [3] t2 = &t1.[#0], RESULT *internal/abi.Type
Added instruction: [4] t3 = Call static (*internal/abi.Type).Len(t2), RESULT int
Added no value instruction: [5] return ()
FINISHED adding instructions to (*internal/abi.InterfaceType).Len
    entry: (predecessors:  successors:  not reachable
        [0] t0 = Alloc local info(name: t, type: *internal/abi.InterfaceType, on stack), RESULT **internal/abi.InterfaceType
        [1] *t0 = receiver: t *internal/abi.InterfaceType
        [2] t1 = *t0, RESULT *internal/abi.InterfaceType
        [3] t2 = &t1.[#0], RESULT *internal/abi.Type
        [4] t3 = Call static (*internal/abi.Type).Len(t2), RESULT int
        [5] return (t3)


ADDING instructions to (*internal/abi.InterfaceType).MapType
Added instruction: [0] t0 = Alloc local info(name: t, type: *internal/abi.InterfaceType, on stack), RESULT **internal/abi.InterfaceType
Added no value instruction: [1] *t0 = receiver: t *internal/abi.InterfaceType
Added instruction: [2] t1 = *t0, RESULT *internal/abi.InterfaceType
Added instruction: [3] t2 = &t1.[#0], RESULT *internal/abi.Type
Added instruction: [4] t3 = Call static (*internal/abi.Type).MapType(t2), RESULT *internal/abi.SwissMapType
Added no value instruction: [5] return ()
FINISHED adding instructions to (*internal/abi.InterfaceType).MapType
    entry: (predecessors:  successors:  not reachable
        [0] t0 = Alloc local info(name: t, type: *internal/abi.InterfaceType, on stack), RESULT **internal/abi.InterfaceType
        [1] *t0 = receiver: t *internal/abi.InterfaceType
        [2] t1 = *t0, RESULT *internal/abi.InterfaceType
        [3] t2 = &t1.[#0], RESULT *internal/abi.Type
        [4] t3 = Call static (*internal/abi.Type).MapType(t2), RESULT *internal/abi.SwissMapType
        [5] return (t3)


ADDING instructions to (*internal/abi.InterfaceType).Pointers
Added instruction: [0] t0 = Alloc local info(name: t, type: *internal/abi.InterfaceType, on stack), RESULT **internal/abi.InterfaceType
Added no value instruction: [1] *t0 = receiver: t *internal/abi.InterfaceType
Added instruction: [2] t1 = *t0, RESULT *internal/abi.InterfaceType
Added instruction: [3] t2 = &t1.[#0], RESULT *internal/abi.Type
Added instruction: [4] t3 = Call static (*internal/abi.Type).Pointers(t2), RESULT bool
Added no value instruction: [5] return ()
FINISHED adding instructions to (*internal/abi.InterfaceType).Pointers
    entry: (predecessors:  successors:  not reachable
        [0] t0 = Alloc local info(name: t, type: *internal/abi.InterfaceType, on stack), RESULT **internal/abi.InterfaceType
        [1] *t0 = receiver: t *internal/abi.InterfaceType
        [2] t1 = *t0, RESULT *internal/abi.InterfaceType
        [3] t2 = &t1.[#0], RESULT *internal/abi.Type
        [4] t3 = Call static (*internal/abi.Type).Pointers(t2), RESULT bool
        [5] return (t3)


ADDING instructions to (*internal/abi.InterfaceType).Size
Added instruction: [0] t0 = Alloc local info(name: t, type: *internal/abi.InterfaceType, on stack), RESULT **internal/abi.InterfaceType
Added no value instruction: [1] *t0 = receiver: t *internal/abi.InterfaceType
Added instruction: [2] t1 = *t0, RESULT *internal/abi.InterfaceType
Added instruction: [3] t2 = &t1.[#0], RESULT *internal/abi.Type
Added instruction: [4] t3 = Call static (*internal/abi.Type).Size(t2), RESULT uintptr
Added no value instruction: [5] return ()
FINISHED adding instructions to (*internal/abi.InterfaceType).Size
    entry: (predecessors:  successors:  not reachable
        [0] t0 = Alloc local info(name: t, type: *internal/abi.InterfaceType, on stack), RESULT **internal/abi.InterfaceType
        [1] *t0 = receiver: t *internal/abi.InterfaceType
        [2] t1 = *t0, RESULT *internal/abi.InterfaceType
        [3] t2 = &t1.[#0], RESULT *internal/abi.Type
        [4] t3 = Call static (*internal/abi.Type).Size(t2), RESULT uintptr
        [5] return (t3)


ADDING instructions to (*internal/abi.InterfaceType).StructType
Added instruction: [0] t0 = Alloc local info(name: t, type: *internal/abi.InterfaceType, on stack), RESULT **internal/abi.InterfaceType
Added no value instruction: [1] *t0 = receiver: t *internal/abi.InterfaceType
Added instruction: [2] t1 = *t0, RESULT *internal/abi.InterfaceType
Added instruction: [3] t2 = &t1.[#0], RESULT *internal/abi.Type
Added instruction: [4] t3 = Call static (*internal/abi.Type).StructType(t2), RESULT *internal/abi.StructType
Added no value instruction: [5] return ()
FINISHED adding instructions to (*internal/abi.InterfaceType).StructType
    entry: (predecessors:  successors:  not reachable
        [0] t0 = Alloc local info(name: t, type: *internal/abi.InterfaceType, on stack), RESULT **internal/abi.InterfaceType
        [1] *t0 = receiver: t *internal/abi.InterfaceType
        [2] t1 = *t0, RESULT *internal/abi.InterfaceType
        [3] t2 = &t1.[#0], RESULT *internal/abi.Type
        [4] t3 = Call static (*internal/abi.Type).StructType(t2), RESULT *internal/abi.StructType
        [5] return (t3)


ADDING instructions to (*internal/abi.InterfaceType).Uncommon
Added instruction: [0] t0 = Alloc local info(name: t, type: *internal/abi.InterfaceType, on stack), RESULT **internal/abi.InterfaceType
Added no value instruction: [1] *t0 = receiver: t *internal/abi.InterfaceType
Added instruction: [2] t1 = *t0, RESULT *internal/abi.InterfaceType
Added instruction: [3] t2 = &t1.[#0], RESULT *internal/abi.Type
Added instruction: [4] t3 = Call static (*internal/abi.Type).Uncommon(t2), RESULT *internal/abi.UncommonType
Added no value instruction: [5] return ()
FINISHED adding instructions to (*internal/abi.InterfaceType).Uncommon
    entry: (predecessors:  successors:  not reachable
        [0] t0 = Alloc local info(name: t, type: *internal/abi.InterfaceType, on stack), RESULT **internal/abi.InterfaceType
        [1] *t0 = receiver: t *internal/abi.InterfaceType
        [2] t1 = *t0, RESULT *internal/abi.InterfaceType
        [3] t2 = &t1.[#0], RESULT *internal/abi.Type
        [4] t3 = Call static (*internal/abi.Type).Uncommon(t2), RESULT *internal/abi.UncommonType
        [5] return (t3)


ADDING instructions to (*internal/abi.Kind).String
Creating type **internal/abi.Kind(756)
Base of just created pointer type is *internal/abi.Kind(167)
Added instruction: [0] t0 = Alloc local info(name: k, type: *internal/abi.Kind, on stack), RESULT **internal/abi.Kind
Added no value instruction: [1] *t0 = receiver: k *internal/abi.Kind
Added instruction: [2] t1 = *t0, RESULT *internal/abi.Kind
Added instruction: [3] t2 = Call builtin (t1,'internal/abi.Kind' :-go-string-,'String' :-go-string-), RESULT *internal/abi.Kind
Added instruction: [4] t3 = *t2, RESULT internal/abi.Kind
Creating type go-func-(757)
Creating function (internal/abi.Kind).String with type go-func-757(757)
Replacing existing synthetic bound method with concrete bound method
Added instruction: [5] t4 = Call static (internal/abi.Kind).String(t3), RESULT -go-string-
Added no value instruction: [6] return ()
FINISHED adding instructions to (*internal/abi.Kind).String
    entry: (predecessors:  successors:  not reachable
        [0] t0 = Alloc local info(name: k, type: *internal/abi.Kind, on stack), RESULT **internal/abi.Kind
        [1] *t0 = receiver: k *internal/abi.Kind
        [2] t1 = *t0, RESULT *internal/abi.Kind
        [3] t2 = Call builtin (t1,'internal/abi.Kind' :-go-string-,'String' :-go-string-), RESULT *internal/abi.Kind
        [4] t3 = *t2, RESULT internal/abi.Kind
        [5] t4 = Call static (internal/abi.Kind).String(t3), RESULT -go-string-
        [6] return (t4)


ADDING instructions to (*internal/abi.Name).Data
Creating type **internal/abi.Name(758)
Base of just created pointer type is *internal/abi.Name(169)
Added instruction: [0] t0 = Alloc local info(name: n, type: *internal/abi.Name, on stack), RESULT **internal/abi.Name
Added no value instruction: [1] *t0 = receiver: n *internal/abi.Name
Added instruction: [2] t1 = *t0, RESULT *internal/abi.Name
Added instruction: [3] t2 = Call builtin (t1,'internal/abi.Name' :-go-string-,'Data' :-go-string-), RESULT *internal/abi.Name
Added instruction: [4] t3 = *t2, RESULT internal/abi.Name{
    Bytes *byte
}

Creating type go-func-(759)
Creating function (internal/abi.Name).Data with type go-func-759(759)
Replacing existing synthetic bound method with concrete bound method
Added instruction: [5] t4 = Call static (internal/abi.Name).Data(t3,parameter: off int), RESULT *byte
Added no value instruction: [6] return ()
FINISHED adding instructions to (*internal/abi.Name).Data
    entry: (predecessors:  successors:  not reachable
        [0] t0 = Alloc local info(name: n, type: *internal/abi.Name, on stack), RESULT **internal/abi.Name
        [1] *t0 = receiver: n *internal/abi.Name
        [2] t1 = *t0, RESULT *internal/abi.Name
        [3] t2 = Call builtin (t1,'internal/abi.Name' :-go-string-,'Data' :-go-string-), RESULT *internal/abi.Name
        [4] t3 = *t2, RESULT internal/abi.Name{
    Bytes *byte
}

        [5] t4 = Call static (internal/abi.Name).Data(t3,parameter: off int), RESULT *byte
        [6] return (t4)


ADDING instructions to (*internal/abi.Name).DataChecked
Added instruction: [0] t0 = Alloc local info(name: n, type: *internal/abi.Name, on stack), RESULT **internal/abi.Name
Added no value instruction: [1] *t0 = receiver: n *internal/abi.Name
Added instruction: [2] t1 = *t0, RESULT *internal/abi.Name
Added instruction: [3] t2 = Call builtin (t1,'internal/abi.Name' :-go-string-,'DataChecked' :-go-string-), RESULT *internal/abi.Name
Added instruction: [4] t3 = *t2, RESULT internal/abi.Name{
    Bytes *byte
}

Creating type go-func-(760)
Creating function (internal/abi.Name).DataChecked with type go-func-760(760)
Replacing existing synthetic bound method with concrete bound method
Added instruction: [5] t4 = Call static (internal/abi.Name).DataChecked(t3,parameter: off int,parameter: whySafe -go-string-), RESULT *byte
Added no value instruction: [6] return ()
FINISHED adding instructions to (*internal/abi.Name).DataChecked
    entry: (predecessors:  successors:  not reachable
        [0] t0 = Alloc local info(name: n, type: *internal/abi.Name, on stack), RESULT **internal/abi.Name
        [1] *t0 = receiver: n *internal/abi.Name
        [2] t1 = *t0, RESULT *internal/abi.Name
        [3] t2 = Call builtin (t1,'internal/abi.Name' :-go-string-,'DataChecked' :-go-string-), RESULT *internal/abi.Name
        [4] t3 = *t2, RESULT internal/abi.Name{
    Bytes *byte
}

        [5] t4 = Call static (internal/abi.Name).DataChecked(t3,parameter: off int,parameter: whySafe -go-string-), RESULT *byte
        [6] return (t4)


ADDING instructions to (*internal/abi.Name).HasTag
Added instruction: [0] t0 = Alloc local info(name: n, type: *internal/abi.Name, on stack), RESULT **internal/abi.Name
Added no value instruction: [1] *t0 = receiver: n *internal/abi.Name
Added instruction: [2] t1 = *t0, RESULT *internal/abi.Name
Added instruction: [3] t2 = Call builtin (t1,'internal/abi.Name' :-go-string-,'HasTag' :-go-string-), RESULT *internal/abi.Name
Added instruction: [4] t3 = *t2, RESULT internal/abi.Name{
    Bytes *byte
}

Creating type go-func-(761)
Creating function (internal/abi.Name).HasTag with type go-func-761(761)
Replacing existing synthetic bound method with concrete bound method
Added instruction: [5] t4 = Call static (internal/abi.Name).HasTag(t3), RESULT bool
Added no value instruction: [6] return ()
FINISHED adding instructions to (*internal/abi.Name).HasTag
    entry: (predecessors:  successors:  not reachable
        [0] t0 = Alloc local info(name: n, type: *internal/abi.Name, on stack), RESULT **internal/abi.Name
        [1] *t0 = receiver: n *internal/abi.Name
        [2] t1 = *t0, RESULT *internal/abi.Name
        [3] t2 = Call builtin (t1,'internal/abi.Name' :-go-string-,'HasTag' :-go-string-), RESULT *internal/abi.Name
        [4] t3 = *t2, RESULT internal/abi.Name{
    Bytes *byte
}

        [5] t4 = Call static (internal/abi.Name).HasTag(t3), RESULT bool
        [6] return (t4)


ADDING instructions to (*internal/abi.Name).IsBlank
Added instruction: [0] t0 = Alloc local info(name: n, type: *internal/abi.Name, on stack), RESULT **internal/abi.Name
Added no value instruction: [1] *t0 = receiver: n *internal/abi.Name
Added instruction: [2] t1 = *t0, RESULT *internal/abi.Name
Added instruction: [3] t2 = Call builtin (t1,'internal/abi.Name' :-go-string-,'IsBlank' :-go-string-), RESULT *internal/abi.Name
Added instruction: [4] t3 = *t2, RESULT internal/abi.Name{
    Bytes *byte
}

Creating type go-func-(762)
Creating function (internal/abi.Name).IsBlank with type go-func-762(762)
Replacing existing synthetic bound method with concrete bound method
Added instruction: [5] t4 = Call static (internal/abi.Name).IsBlank(t3), RESULT bool
Added no value instruction: [6] return ()
FINISHED adding instructions to (*internal/abi.Name).IsBlank
    entry: (predecessors:  successors:  not reachable
        [0] t0 = Alloc local info(name: n, type: *internal/abi.Name, on stack), RESULT **internal/abi.Name
        [1] *t0 = receiver: n *internal/abi.Name
        [2] t1 = *t0, RESULT *internal/abi.Name
        [3] t2 = Call builtin (t1,'internal/abi.Name' :-go-string-,'IsBlank' :-go-string-), RESULT *internal/abi.Name
        [4] t3 = *t2, RESULT internal/abi.Name{
    Bytes *byte
}

        [5] t4 = Call static (internal/abi.Name).IsBlank(t3), RESULT bool
        [6] return (t4)


ADDING instructions to (*internal/abi.Name).IsEmbedded
Added instruction: [0] t0 = Alloc local info(name: n, type: *internal/abi.Name, on stack), RESULT **internal/abi.Name
Added no value instruction: [1] *t0 = receiver: n *internal/abi.Name
Added instruction: [2] t1 = *t0, RESULT *internal/abi.Name
Added instruction: [3] t2 = Call builtin (t1,'internal/abi.Name' :-go-string-,'IsEmbedded' :-go-string-), RESULT *internal/abi.Name
Added instruction: [4] t3 = *t2, RESULT internal/abi.Name{
    Bytes *byte
}

Creating type go-func-(763)
Creating function (internal/abi.Name).IsEmbedded with type go-func-763(763)
Replacing existing synthetic bound method with concrete bound method
Added instruction: [5] t4 = Call static (internal/abi.Name).IsEmbedded(t3), RESULT bool
Added no value instruction: [6] return ()
FINISHED adding instructions to (*internal/abi.Name).IsEmbedded
    entry: (predecessors:  successors:  not reachable
        [0] t0 = Alloc local info(name: n, type: *internal/abi.Name, on stack), RESULT **internal/abi.Name
        [1] *t0 = receiver: n *internal/abi.Name
        [2] t1 = *t0, RESULT *internal/abi.Name
        [3] t2 = Call builtin (t1,'internal/abi.Name' :-go-string-,'IsEmbedded' :-go-string-), RESULT *internal/abi.Name
        [4] t3 = *t2, RESULT internal/abi.Name{
    Bytes *byte
}

        [5] t4 = Call static (internal/abi.Name).IsEmbedded(t3), RESULT bool
        [6] return (t4)


ADDING instructions to (*internal/abi.Name).IsExported
Added instruction: [0] t0 = Alloc local info(name: n, type: *internal/abi.Name, on stack), RESULT **internal/abi.Name
Added no value instruction: [1] *t0 = receiver: n *internal/abi.Name
Added instruction: [2] t1 = *t0, RESULT *internal/abi.Name
Added instruction: [3] t2 = Call builtin (t1,'internal/abi.Name' :-go-string-,'IsExported' :-go-string-), RESULT *internal/abi.Name
Added instruction: [4] t3 = *t2, RESULT internal/abi.Name{
    Bytes *byte
}

Creating type go-func-(764)
Creating function (internal/abi.Name).IsExported with type go-func-764(764)
Replacing existing synthetic bound method with concrete bound method
Added instruction: [5] t4 = Call static (internal/abi.Name).IsExported(t3), RESULT bool
Added no value instruction: [6] return ()
FINISHED adding instructions to (*internal/abi.Name).IsExported
    entry: (predecessors:  successors:  not reachable
        [0] t0 = Alloc local info(name: n, type: *internal/abi.Name, on stack), RESULT **internal/abi.Name
        [1] *t0 = receiver: n *internal/abi.Name
        [2] t1 = *t0, RESULT *internal/abi.Name
        [3] t2 = Call builtin (t1,'internal/abi.Name' :-go-string-,'IsExported' :-go-string-), RESULT *internal/abi.Name
        [4] t3 = *t2, RESULT internal/abi.Name{
    Bytes *byte
}

        [5] t4 = Call static (internal/abi.Name).IsExported(t3), RESULT bool
        [6] return (t4)


ADDING instructions to (*internal/abi.Name).Name
Added instruction: [0] t0 = Alloc local info(name: n, type: *internal/abi.Name, on stack), RESULT **internal/abi.Name
Added no value instruction: [1] *t0 = receiver: n *internal/abi.Name
Added instruction: [2] t1 = *t0, RESULT *internal/abi.Name
Added instruction: [3] t2 = Call builtin (t1,'internal/abi.Name' :-go-string-,'Name' :-go-string-), RESULT *internal/abi.Name
Added instruction: [4] t3 = *t2, RESULT internal/abi.Name{
    Bytes *byte
}

Creating type go-func-(765)
Creating function (internal/abi.Name).Name with type go-func-765(765)
Replacing existing synthetic bound method with concrete bound method
Added instruction: [5] t4 = Call static (internal/abi.Name).Name(t3), RESULT -go-string-
Added no value instruction: [6] return ()
FINISHED adding instructions to (*internal/abi.Name).Name
    entry: (predecessors:  successors:  not reachable
        [0] t0 = Alloc local info(name: n, type: *internal/abi.Name, on stack), RESULT **internal/abi.Name
        [1] *t0 = receiver: n *internal/abi.Name
        [2] t1 = *t0, RESULT *internal/abi.Name
        [3] t2 = Call builtin (t1,'internal/abi.Name' :-go-string-,'Name' :-go-string-), RESULT *internal/abi.Name
        [4] t3 = *t2, RESULT internal/abi.Name{
    Bytes *byte
}

        [5] t4 = Call static (internal/abi.Name).Name(t3), RESULT -go-string-
        [6] return (t4)


ADDING instructions to (*internal/abi.Name).ReadVarint
Added instruction: [0] t0 = Alloc local info(name: n, type: *internal/abi.Name, on stack), RESULT **internal/abi.Name
Added no value instruction: [1] *t0 = receiver: n *internal/abi.Name
Added instruction: [2] t1 = *t0, RESULT *internal/abi.Name
Added instruction: [3] t2 = Call builtin (t1,'internal/abi.Name' :-go-string-,'ReadVarint' :-go-string-), RESULT *internal/abi.Name
Added instruction: [4] t3 = *t2, RESULT internal/abi.Name{
    Bytes *byte
}

Creating type go-func-(766)
Creating function (internal/abi.Name).ReadVarint with type go-func-766(766)
Replacing existing synthetic bound method with concrete bound method
Creating type (int, int)-Ret-Type(767)
Creating type *(int, int)-Ret-Type(768)
Base of just created pointer type is (int, int)-Ret-Type(767)
Added instruction: [5] t4 = Call static (internal/abi.Name).ReadVarint(t3,parameter: off int), RESULT *(int, int)-Ret-Type
Added instruction: [6] t5 = extract  field 0 from t4, RESULT int
Added instruction: [7] t6 = extract  field 1 from t4, RESULT int
Added no value instruction: [8] return ()
FINISHED adding instructions to (*internal/abi.Name).ReadVarint
    entry: (predecessors:  successors:  not reachable
        [0] t0 = Alloc local info(name: n, type: *internal/abi.Name, on stack), RESULT **internal/abi.Name
        [1] *t0 = receiver: n *internal/abi.Name
        [2] t1 = *t0, RESULT *internal/abi.Name
        [3] t2 = Call builtin (t1,'internal/abi.Name' :-go-string-,'ReadVarint' :-go-string-), RESULT *internal/abi.Name
        [4] t3 = *t2, RESULT internal/abi.Name{
    Bytes *byte
}

        [5] t4 = Call static (internal/abi.Name).ReadVarint(t3,parameter: off int), RESULT *(int, int)-Ret-Type
        [6] t5 = extract  field 0 from t4, RESULT int
        [7] t6 = extract  field 1 from t4, RESULT int
        [8] return (t5,t6)


ADDING instructions to (*internal/abi.Name).Tag
Added instruction: [0] t0 = Alloc local info(name: n, type: *internal/abi.Name, on stack), RESULT **internal/abi.Name
Added no value instruction: [1] *t0 = receiver: n *internal/abi.Name
Added instruction: [2] t1 = *t0, RESULT *internal/abi.Name
Added instruction: [3] t2 = Call builtin (t1,'internal/abi.Name' :-go-string-,'Tag' :-go-string-), RESULT *internal/abi.Name
Added instruction: [4] t3 = *t2, RESULT internal/abi.Name{
    Bytes *byte
}

Creating type go-func-(769)
Creating function (internal/abi.Name).Tag with type go-func-769(769)
Replacing existing synthetic bound method with concrete bound method
Added instruction: [5] t4 = Call static (internal/abi.Name).Tag(t3), RESULT -go-string-
Added no value instruction: [6] return ()
FINISHED adding instructions to (*internal/abi.Name).Tag
    entry: (predecessors:  successors:  not reachable
        [0] t0 = Alloc local info(name: n, type: *internal/abi.Name, on stack), RESULT **internal/abi.Name
        [1] *t0 = receiver: n *internal/abi.Name
        [2] t1 = *t0, RESULT *internal/abi.Name
        [3] t2 = Call builtin (t1,'internal/abi.Name' :-go-string-,'Tag' :-go-string-), RESULT *internal/abi.Name
        [4] t3 = *t2, RESULT internal/abi.Name{
    Bytes *byte
}

        [5] t4 = Call static (internal/abi.Name).Tag(t3), RESULT -go-string-
        [6] return (t4)


ADDING instructions to (*internal/abi.OldMapType).Align
Creating type **internal/abi.OldMapType(770)
Base of just created pointer type is *internal/abi.OldMapType(182)
Added instruction: [0] t0 = Alloc local info(name: t, type: *internal/abi.OldMapType, on stack), RESULT **internal/abi.OldMapType
Added no value instruction: [1] *t0 = receiver: t *internal/abi.OldMapType
Added instruction: [2] t1 = *t0, RESULT *internal/abi.OldMapType
Added instruction: [3] t2 = &t1.[#0], RESULT *internal/abi.Type
Added instruction: [4] t3 = Call static (*internal/abi.Type).Align(t2), RESULT int
Added no value instruction: [5] return ()
FINISHED adding instructions to (*internal/abi.OldMapType).Align
    entry: (predecessors:  successors:  not reachable
        [0] t0 = Alloc local info(name: t, type: *internal/abi.OldMapType, on stack), RESULT **internal/abi.OldMapType
        [1] *t0 = receiver: t *internal/abi.OldMapType
        [2] t1 = *t0, RESULT *internal/abi.OldMapType
        [3] t2 = &t1.[#0], RESULT *internal/abi.Type
        [4] t3 = Call static (*internal/abi.Type).Align(t2), RESULT int
        [5] return (t3)


ADDING instructions to (*internal/abi.OldMapType).ArrayType
Added instruction: [0] t0 = Alloc local info(name: t, type: *internal/abi.OldMapType, on stack), RESULT **internal/abi.OldMapType
Added no value instruction: [1] *t0 = receiver: t *internal/abi.OldMapType
Added instruction: [2] t1 = *t0, RESULT *internal/abi.OldMapType
Added instruction: [3] t2 = &t1.[#0], RESULT *internal/abi.Type
Added instruction: [4] t3 = Call static (*internal/abi.Type).ArrayType(t2), RESULT *internal/abi.ArrayType
Added no value instruction: [5] return ()
FINISHED adding instructions to (*internal/abi.OldMapType).ArrayType
    entry: (predecessors:  successors:  not reachable
        [0] t0 = Alloc local info(name: t, type: *internal/abi.OldMapType, on stack), RESULT **internal/abi.OldMapType
        [1] *t0 = receiver: t *internal/abi.OldMapType
        [2] t1 = *t0, RESULT *internal/abi.OldMapType
        [3] t2 = &t1.[#0], RESULT *internal/abi.Type
        [4] t3 = Call static (*internal/abi.Type).ArrayType(t2), RESULT *internal/abi.ArrayType
        [5] return (t3)


ADDING instructions to (*internal/abi.OldMapType).ChanDir
Added instruction: [0] t0 = Alloc local info(name: t, type: *internal/abi.OldMapType, on stack), RESULT **internal/abi.OldMapType
Added no value instruction: [1] *t0 = receiver: t *internal/abi.OldMapType
Added instruction: [2] t1 = *t0, RESULT *internal/abi.OldMapType
Added instruction: [3] t2 = &t1.[#0], RESULT *internal/abi.Type
Added instruction: [4] t3 = Call static (*internal/abi.Type).ChanDir(t2), RESULT internal/abi.ChanDir
Added no value instruction: [5] return ()
FINISHED adding instructions to (*internal/abi.OldMapType).ChanDir
    entry: (predecessors:  successors:  not reachable
        [0] t0 = Alloc local info(name: t, type: *internal/abi.OldMapType, on stack), RESULT **internal/abi.OldMapType
        [1] *t0 = receiver: t *internal/abi.OldMapType
        [2] t1 = *t0, RESULT *internal/abi.OldMapType
        [3] t2 = &t1.[#0], RESULT *internal/abi.Type
        [4] t3 = Call static (*internal/abi.Type).ChanDir(t2), RESULT internal/abi.ChanDir
        [5] return (t3)


ADDING instructions to (*internal/abi.OldMapType).Common
Added instruction: [0] t0 = Alloc local info(name: t, type: *internal/abi.OldMapType, on stack), RESULT **internal/abi.OldMapType
Added no value instruction: [1] *t0 = receiver: t *internal/abi.OldMapType
Added instruction: [2] t1 = *t0, RESULT *internal/abi.OldMapType
Added instruction: [3] t2 = &t1.[#0], RESULT *internal/abi.Type
Added instruction: [4] t3 = Call static (*internal/abi.Type).Common(t2), RESULT *internal/abi.Type
Added no value instruction: [5] return ()
FINISHED adding instructions to (*internal/abi.OldMapType).Common
    entry: (predecessors:  successors:  not reachable
        [0] t0 = Alloc local info(name: t, type: *internal/abi.OldMapType, on stack), RESULT **internal/abi.OldMapType
        [1] *t0 = receiver: t *internal/abi.OldMapType
        [2] t1 = *t0, RESULT *internal/abi.OldMapType
        [3] t2 = &t1.[#0], RESULT *internal/abi.Type
        [4] t3 = Call static (*internal/abi.Type).Common(t2), RESULT *internal/abi.Type
        [5] return (t3)


ADDING instructions to (*internal/abi.OldMapType).ExportedMethods
Added instruction: [0] t0 = Alloc local info(name: t, type: *internal/abi.OldMapType, on stack), RESULT **internal/abi.OldMapType
Added no value instruction: [1] *t0 = receiver: t *internal/abi.OldMapType
Added instruction: [2] t1 = *t0, RESULT *internal/abi.OldMapType
Added instruction: [3] t2 = &t1.[#0], RESULT *internal/abi.Type
Added instruction: [4] t3 = Call static (*internal/abi.Type).ExportedMethods(t2), RESULT []internal/abi.Method
Added no value instruction: [5] return ()
FINISHED adding instructions to (*internal/abi.OldMapType).ExportedMethods
    entry: (predecessors:  successors:  not reachable
        [0] t0 = Alloc local info(name: t, type: *internal/abi.OldMapType, on stack), RESULT **internal/abi.OldMapType
        [1] *t0 = receiver: t *internal/abi.OldMapType
        [2] t1 = *t0, RESULT *internal/abi.OldMapType
        [3] t2 = &t1.[#0], RESULT *internal/abi.Type
        [4] t3 = Call static (*internal/abi.Type).ExportedMethods(t2), RESULT []internal/abi.Method
        [5] return (t3)


ADDING instructions to (*internal/abi.OldMapType).FieldAlign
Added instruction: [0] t0 = Alloc local info(name: t, type: *internal/abi.OldMapType, on stack), RESULT **internal/abi.OldMapType
Added no value instruction: [1] *t0 = receiver: t *internal/abi.OldMapType
Added instruction: [2] t1 = *t0, RESULT *internal/abi.OldMapType
Added instruction: [3] t2 = &t1.[#0], RESULT *internal/abi.Type
Added instruction: [4] t3 = Call static (*internal/abi.Type).FieldAlign(t2), RESULT int
Added no value instruction: [5] return ()
FINISHED adding instructions to (*internal/abi.OldMapType).FieldAlign
    entry: (predecessors:  successors:  not reachable
        [0] t0 = Alloc local info(name: t, type: *internal/abi.OldMapType, on stack), RESULT **internal/abi.OldMapType
        [1] *t0 = receiver: t *internal/abi.OldMapType
        [2] t1 = *t0, RESULT *internal/abi.OldMapType
        [3] t2 = &t1.[#0], RESULT *internal/abi.Type
        [4] t3 = Call static (*internal/abi.Type).FieldAlign(t2), RESULT int
        [5] return (t3)


ADDING instructions to (*internal/abi.OldMapType).FuncType
Added instruction: [0] t0 = Alloc local info(name: t, type: *internal/abi.OldMapType, on stack), RESULT **internal/abi.OldMapType
Added no value instruction: [1] *t0 = receiver: t *internal/abi.OldMapType
Added instruction: [2] t1 = *t0, RESULT *internal/abi.OldMapType
Added instruction: [3] t2 = &t1.[#0], RESULT *internal/abi.Type
Added instruction: [4] t3 = Call static (*internal/abi.Type).FuncType(t2), RESULT *internal/abi.FuncType
Added no value instruction: [5] return ()
FINISHED adding instructions to (*internal/abi.OldMapType).FuncType
    entry: (predecessors:  successors:  not reachable
        [0] t0 = Alloc local info(name: t, type: *internal/abi.OldMapType, on stack), RESULT **internal/abi.OldMapType
        [1] *t0 = receiver: t *internal/abi.OldMapType
        [2] t1 = *t0, RESULT *internal/abi.OldMapType
        [3] t2 = &t1.[#0], RESULT *internal/abi.Type
        [4] t3 = Call static (*internal/abi.Type).FuncType(t2), RESULT *internal/abi.FuncType
        [5] return (t3)


ADDING instructions to (*internal/abi.OldMapType).GcSlice
Added instruction: [0] t0 = Alloc local info(name: t, type: *internal/abi.OldMapType, on stack), RESULT **internal/abi.OldMapType
Added no value instruction: [1] *t0 = receiver: t *internal/abi.OldMapType
Added instruction: [2] t1 = *t0, RESULT *internal/abi.OldMapType
Added instruction: [3] t2 = &t1.[#0], RESULT *internal/abi.Type
Added instruction: [4] t3 = Call static (*internal/abi.Type).GcSlice(t2,parameter: begin uintptr,parameter: end uintptr), RESULT []byte
Added no value instruction: [5] return ()
FINISHED adding instructions to (*internal/abi.OldMapType).GcSlice
    entry: (predecessors:  successors:  not reachable
        [0] t0 = Alloc local info(name: t, type: *internal/abi.OldMapType, on stack), RESULT **internal/abi.OldMapType
        [1] *t0 = receiver: t *internal/abi.OldMapType
        [2] t1 = *t0, RESULT *internal/abi.OldMapType
        [3] t2 = &t1.[#0], RESULT *internal/abi.Type
        [4] t3 = Call static (*internal/abi.Type).GcSlice(t2,parameter: begin uintptr,parameter: end uintptr), RESULT []byte
        [5] return (t3)


ADDING instructions to (*internal/abi.OldMapType).HasName
Added instruction: [0] t0 = Alloc local info(name: t, type: *internal/abi.OldMapType, on stack), RESULT **internal/abi.OldMapType
Added no value instruction: [1] *t0 = receiver: t *internal/abi.OldMapType
Added instruction: [2] t1 = *t0, RESULT *internal/abi.OldMapType
Added instruction: [3] t2 = &t1.[#0], RESULT *internal/abi.Type
Added instruction: [4] t3 = Call static (*internal/abi.Type).HasName(t2), RESULT bool
Added no value instruction: [5] return ()
FINISHED adding instructions to (*internal/abi.OldMapType).HasName
    entry: (predecessors:  successors:  not reachable
        [0] t0 = Alloc local info(name: t, type: *internal/abi.OldMapType, on stack), RESULT **internal/abi.OldMapType
        [1] *t0 = receiver: t *internal/abi.OldMapType
        [2] t1 = *t0, RESULT *internal/abi.OldMapType
        [3] t2 = &t1.[#0], RESULT *internal/abi.Type
        [4] t3 = Call static (*internal/abi.Type).HasName(t2), RESULT bool
        [5] return (t3)


ADDING instructions to (*internal/abi.OldMapType).IfaceIndir
Added instruction: [0] t0 = Alloc local info(name: t, type: *internal/abi.OldMapType, on stack), RESULT **internal/abi.OldMapType
Added no value instruction: [1] *t0 = receiver: t *internal/abi.OldMapType
Added instruction: [2] t1 = *t0, RESULT *internal/abi.OldMapType
Added instruction: [3] t2 = &t1.[#0], RESULT *internal/abi.Type
Added instruction: [4] t3 = Call static (*internal/abi.Type).IfaceIndir(t2), RESULT bool
Added no value instruction: [5] return ()
FINISHED adding instructions to (*internal/abi.OldMapType).IfaceIndir
    entry: (predecessors:  successors:  not reachable
        [0] t0 = Alloc local info(name: t, type: *internal/abi.OldMapType, on stack), RESULT **internal/abi.OldMapType
        [1] *t0 = receiver: t *internal/abi.OldMapType
        [2] t1 = *t0, RESULT *internal/abi.OldMapType
        [3] t2 = &t1.[#0], RESULT *internal/abi.Type
        [4] t3 = Call static (*internal/abi.Type).IfaceIndir(t2), RESULT bool
        [5] return (t3)


ADDING instructions to (*internal/abi.OldMapType).InterfaceType
Added instruction: [0] t0 = Alloc local info(name: t, type: *internal/abi.OldMapType, on stack), RESULT **internal/abi.OldMapType
Added no value instruction: [1] *t0 = receiver: t *internal/abi.OldMapType
Added instruction: [2] t1 = *t0, RESULT *internal/abi.OldMapType
Added instruction: [3] t2 = &t1.[#0], RESULT *internal/abi.Type
Added instruction: [4] t3 = Call static (*internal/abi.Type).InterfaceType(t2), RESULT *internal/abi.InterfaceType
Added no value instruction: [5] return ()
FINISHED adding instructions to (*internal/abi.OldMapType).InterfaceType
    entry: (predecessors:  successors:  not reachable
        [0] t0 = Alloc local info(name: t, type: *internal/abi.OldMapType, on stack), RESULT **internal/abi.OldMapType
        [1] *t0 = receiver: t *internal/abi.OldMapType
        [2] t1 = *t0, RESULT *internal/abi.OldMapType
        [3] t2 = &t1.[#0], RESULT *internal/abi.Type
        [4] t3 = Call static (*internal/abi.Type).InterfaceType(t2), RESULT *internal/abi.InterfaceType
        [5] return (t3)


ADDING instructions to (*internal/abi.OldMapType).IsDirectIface
Added instruction: [0] t0 = Alloc local info(name: t, type: *internal/abi.OldMapType, on stack), RESULT **internal/abi.OldMapType
Added no value instruction: [1] *t0 = receiver: t *internal/abi.OldMapType
Added instruction: [2] t1 = *t0, RESULT *internal/abi.OldMapType
Added instruction: [3] t2 = &t1.[#0], RESULT *internal/abi.Type
Added instruction: [4] t3 = Call static (*internal/abi.Type).IsDirectIface(t2), RESULT bool
Added no value instruction: [5] return ()
FINISHED adding instructions to (*internal/abi.OldMapType).IsDirectIface
    entry: (predecessors:  successors:  not reachable
        [0] t0 = Alloc local info(name: t, type: *internal/abi.OldMapType, on stack), RESULT **internal/abi.OldMapType
        [1] *t0 = receiver: t *internal/abi.OldMapType
        [2] t1 = *t0, RESULT *internal/abi.OldMapType
        [3] t2 = &t1.[#0], RESULT *internal/abi.Type
        [4] t3 = Call static (*internal/abi.Type).IsDirectIface(t2), RESULT bool
        [5] return (t3)


ADDING instructions to (*internal/abi.OldMapType).Kind
Added instruction: [0] t0 = Alloc local info(name: t, type: *internal/abi.OldMapType, on stack), RESULT **internal/abi.OldMapType
Added no value instruction: [1] *t0 = receiver: t *internal/abi.OldMapType
Added instruction: [2] t1 = *t0, RESULT *internal/abi.OldMapType
Added instruction: [3] t2 = &t1.[#0], RESULT *internal/abi.Type
Added instruction: [4] t3 = Call static (*internal/abi.Type).Kind(t2), RESULT internal/abi.Kind
Added no value instruction: [5] return ()
FINISHED adding instructions to (*internal/abi.OldMapType).Kind
    entry: (predecessors:  successors:  not reachable
        [0] t0 = Alloc local info(name: t, type: *internal/abi.OldMapType, on stack), RESULT **internal/abi.OldMapType
        [1] *t0 = receiver: t *internal/abi.OldMapType
        [2] t1 = *t0, RESULT *internal/abi.OldMapType
        [3] t2 = &t1.[#0], RESULT *internal/abi.Type
        [4] t3 = Call static (*internal/abi.Type).Kind(t2), RESULT internal/abi.Kind
        [5] return (t3)


ADDING instructions to (*internal/abi.OldMapType).Len
Added instruction: [0] t0 = Alloc local info(name: t, type: *internal/abi.OldMapType, on stack), RESULT **internal/abi.OldMapType
Added no value instruction: [1] *t0 = receiver: t *internal/abi.OldMapType
Added instruction: [2] t1 = *t0, RESULT *internal/abi.OldMapType
Added instruction: [3] t2 = &t1.[#0], RESULT *internal/abi.Type
Added instruction: [4] t3 = Call static (*internal/abi.Type).Len(t2), RESULT int
Added no value instruction: [5] return ()
FINISHED adding instructions to (*internal/abi.OldMapType).Len
    entry: (predecessors:  successors:  not reachable
        [0] t0 = Alloc local info(name: t, type: *internal/abi.OldMapType, on stack), RESULT **internal/abi.OldMapType
        [1] *t0 = receiver: t *internal/abi.OldMapType
        [2] t1 = *t0, RESULT *internal/abi.OldMapType
        [3] t2 = &t1.[#0], RESULT *internal/abi.Type
        [4] t3 = Call static (*internal/abi.Type).Len(t2), RESULT int
        [5] return (t3)


ADDING instructions to (*internal/abi.OldMapType).MapType
Added instruction: [0] t0 = Alloc local info(name: t, type: *internal/abi.OldMapType, on stack), RESULT **internal/abi.OldMapType
Added no value instruction: [1] *t0 = receiver: t *internal/abi.OldMapType
Added instruction: [2] t1 = *t0, RESULT *internal/abi.OldMapType
Added instruction: [3] t2 = &t1.[#0], RESULT *internal/abi.Type
Added instruction: [4] t3 = Call static (*internal/abi.Type).MapType(t2), RESULT *internal/abi.SwissMapType
Added no value instruction: [5] return ()
FINISHED adding instructions to (*internal/abi.OldMapType).MapType
    entry: (predecessors:  successors:  not reachable
        [0] t0 = Alloc local info(name: t, type: *internal/abi.OldMapType, on stack), RESULT **internal/abi.OldMapType
        [1] *t0 = receiver: t *internal/abi.OldMapType
        [2] t1 = *t0, RESULT *internal/abi.OldMapType
        [3] t2 = &t1.[#0], RESULT *internal/abi.Type
        [4] t3 = Call static (*internal/abi.Type).MapType(t2), RESULT *internal/abi.SwissMapType
        [5] return (t3)


ADDING instructions to (*internal/abi.OldMapType).NumMethod
Added instruction: [0] t0 = Alloc local info(name: t, type: *internal/abi.OldMapType, on stack), RESULT **internal/abi.OldMapType
Added no value instruction: [1] *t0 = receiver: t *internal/abi.OldMapType
Added instruction: [2] t1 = *t0, RESULT *internal/abi.OldMapType
Added instruction: [3] t2 = &t1.[#0], RESULT *internal/abi.Type
Added instruction: [4] t3 = Call static (*internal/abi.Type).NumMethod(t2), RESULT int
Added no value instruction: [5] return ()
FINISHED adding instructions to (*internal/abi.OldMapType).NumMethod
    entry: (predecessors:  successors:  not reachable
        [0] t0 = Alloc local info(name: t, type: *internal/abi.OldMapType, on stack), RESULT **internal/abi.OldMapType
        [1] *t0 = receiver: t *internal/abi.OldMapType
        [2] t1 = *t0, RESULT *internal/abi.OldMapType
        [3] t2 = &t1.[#0], RESULT *internal/abi.Type
        [4] t3 = Call static (*internal/abi.Type).NumMethod(t2), RESULT int
        [5] return (t3)


ADDING instructions to (*internal/abi.OldMapType).Pointers
Added instruction: [0] t0 = Alloc local info(name: t, type: *internal/abi.OldMapType, on stack), RESULT **internal/abi.OldMapType
Added no value instruction: [1] *t0 = receiver: t *internal/abi.OldMapType
Added instruction: [2] t1 = *t0, RESULT *internal/abi.OldMapType
Added instruction: [3] t2 = &t1.[#0], RESULT *internal/abi.Type
Added instruction: [4] t3 = Call static (*internal/abi.Type).Pointers(t2), RESULT bool
Added no value instruction: [5] return ()
FINISHED adding instructions to (*internal/abi.OldMapType).Pointers
    entry: (predecessors:  successors:  not reachable
        [0] t0 = Alloc local info(name: t, type: *internal/abi.OldMapType, on stack), RESULT **internal/abi.OldMapType
        [1] *t0 = receiver: t *internal/abi.OldMapType
        [2] t1 = *t0, RESULT *internal/abi.OldMapType
        [3] t2 = &t1.[#0], RESULT *internal/abi.Type
        [4] t3 = Call static (*internal/abi.Type).Pointers(t2), RESULT bool
        [5] return (t3)


ADDING instructions to (*internal/abi.OldMapType).Size
Added instruction: [0] t0 = Alloc local info(name: t, type: *internal/abi.OldMapType, on stack), RESULT **internal/abi.OldMapType
Added no value instruction: [1] *t0 = receiver: t *internal/abi.OldMapType
Added instruction: [2] t1 = *t0, RESULT *internal/abi.OldMapType
Added instruction: [3] t2 = &t1.[#0], RESULT *internal/abi.Type
Added instruction: [4] t3 = Call static (*internal/abi.Type).Size(t2), RESULT uintptr
Added no value instruction: [5] return ()
FINISHED adding instructions to (*internal/abi.OldMapType).Size
    entry: (predecessors:  successors:  not reachable
        [0] t0 = Alloc local info(name: t, type: *internal/abi.OldMapType, on stack), RESULT **internal/abi.OldMapType
        [1] *t0 = receiver: t *internal/abi.OldMapType
        [2] t1 = *t0, RESULT *internal/abi.OldMapType
        [3] t2 = &t1.[#0], RESULT *internal/abi.Type
        [4] t3 = Call static (*internal/abi.Type).Size(t2), RESULT uintptr
        [5] return (t3)


ADDING instructions to (*internal/abi.OldMapType).StructType
Added instruction: [0] t0 = Alloc local info(name: t, type: *internal/abi.OldMapType, on stack), RESULT **internal/abi.OldMapType
Added no value instruction: [1] *t0 = receiver: t *internal/abi.OldMapType
Added instruction: [2] t1 = *t0, RESULT *internal/abi.OldMapType
Added instruction: [3] t2 = &t1.[#0], RESULT *internal/abi.Type
Added instruction: [4] t3 = Call static (*internal/abi.Type).StructType(t2), RESULT *internal/abi.StructType
Added no value instruction: [5] return ()
FINISHED adding instructions to (*internal/abi.OldMapType).StructType
    entry: (predecessors:  successors:  not reachable
        [0] t0 = Alloc local info(name: t, type: *internal/abi.OldMapType, on stack), RESULT **internal/abi.OldMapType
        [1] *t0 = receiver: t *internal/abi.OldMapType
        [2] t1 = *t0, RESULT *internal/abi.OldMapType
        [3] t2 = &t1.[#0], RESULT *internal/abi.Type
        [4] t3 = Call static (*internal/abi.Type).StructType(t2), RESULT *internal/abi.StructType
        [5] return (t3)


ADDING instructions to (*internal/abi.OldMapType).Uncommon
Added instruction: [0] t0 = Alloc local info(name: t, type: *internal/abi.OldMapType, on stack), RESULT **internal/abi.OldMapType
Added no value instruction: [1] *t0 = receiver: t *internal/abi.OldMapType
Added instruction: [2] t1 = *t0, RESULT *internal/abi.OldMapType
Added instruction: [3] t2 = &t1.[#0], RESULT *internal/abi.Type
Added instruction: [4] t3 = Call static (*internal/abi.Type).Uncommon(t2), RESULT *internal/abi.UncommonType
Added no value instruction: [5] return ()
FINISHED adding instructions to (*internal/abi.OldMapType).Uncommon
    entry: (predecessors:  successors:  not reachable
        [0] t0 = Alloc local info(name: t, type: *internal/abi.OldMapType, on stack), RESULT **internal/abi.OldMapType
        [1] *t0 = receiver: t *internal/abi.OldMapType
        [2] t1 = *t0, RESULT *internal/abi.OldMapType
        [3] t2 = &t1.[#0], RESULT *internal/abi.Type
        [4] t3 = Call static (*internal/abi.Type).Uncommon(t2), RESULT *internal/abi.UncommonType
        [5] return (t3)


ADDING instructions to (*internal/abi.PtrType).Align
Creating type **internal/abi.PtrType(771)
Base of just created pointer type is *internal/abi.PtrType(205)
Added instruction: [0] t0 = Alloc local info(name: t, type: *internal/abi.PtrType, on stack), RESULT **internal/abi.PtrType
Added no value instruction: [1] *t0 = receiver: t *internal/abi.PtrType
Added instruction: [2] t1 = *t0, RESULT *internal/abi.PtrType
Added instruction: [3] t2 = &t1.[#0], RESULT *internal/abi.Type
Added instruction: [4] t3 = Call static (*internal/abi.Type).Align(t2), RESULT int
Added no value instruction: [5] return ()
FINISHED adding instructions to (*internal/abi.PtrType).Align
    entry: (predecessors:  successors:  not reachable
        [0] t0 = Alloc local info(name: t, type: *internal/abi.PtrType, on stack), RESULT **internal/abi.PtrType
        [1] *t0 = receiver: t *internal/abi.PtrType
        [2] t1 = *t0, RESULT *internal/abi.PtrType
        [3] t2 = &t1.[#0], RESULT *internal/abi.Type
        [4] t3 = Call static (*internal/abi.Type).Align(t2), RESULT int
        [5] return (t3)


ADDING instructions to (*internal/abi.PtrType).ArrayType
Added instruction: [0] t0 = Alloc local info(name: t, type: *internal/abi.PtrType, on stack), RESULT **internal/abi.PtrType
Added no value instruction: [1] *t0 = receiver: t *internal/abi.PtrType
Added instruction: [2] t1 = *t0, RESULT *internal/abi.PtrType
Added instruction: [3] t2 = &t1.[#0], RESULT *internal/abi.Type
Added instruction: [4] t3 = Call static (*internal/abi.Type).ArrayType(t2), RESULT *internal/abi.ArrayType
Added no value instruction: [5] return ()
FINISHED adding instructions to (*internal/abi.PtrType).ArrayType
    entry: (predecessors:  successors:  not reachable
        [0] t0 = Alloc local info(name: t, type: *internal/abi.PtrType, on stack), RESULT **internal/abi.PtrType
        [1] *t0 = receiver: t *internal/abi.PtrType
        [2] t1 = *t0, RESULT *internal/abi.PtrType
        [3] t2 = &t1.[#0], RESULT *internal/abi.Type
        [4] t3 = Call static (*internal/abi.Type).ArrayType(t2), RESULT *internal/abi.ArrayType
        [5] return (t3)


ADDING instructions to (*internal/abi.PtrType).ChanDir
Added instruction: [0] t0 = Alloc local info(name: t, type: *internal/abi.PtrType, on stack), RESULT **internal/abi.PtrType
Added no value instruction: [1] *t0 = receiver: t *internal/abi.PtrType
Added instruction: [2] t1 = *t0, RESULT *internal/abi.PtrType
Added instruction: [3] t2 = &t1.[#0], RESULT *internal/abi.Type
Added instruction: [4] t3 = Call static (*internal/abi.Type).ChanDir(t2), RESULT internal/abi.ChanDir
Added no value instruction: [5] return ()
FINISHED adding instructions to (*internal/abi.PtrType).ChanDir
    entry: (predecessors:  successors:  not reachable
        [0] t0 = Alloc local info(name: t, type: *internal/abi.PtrType, on stack), RESULT **internal/abi.PtrType
        [1] *t0 = receiver: t *internal/abi.PtrType
        [2] t1 = *t0, RESULT *internal/abi.PtrType
        [3] t2 = &t1.[#0], RESULT *internal/abi.Type
        [4] t3 = Call static (*internal/abi.Type).ChanDir(t2), RESULT internal/abi.ChanDir
        [5] return (t3)


ADDING instructions to (*internal/abi.PtrType).Common
Added instruction: [0] t0 = Alloc local info(name: t, type: *internal/abi.PtrType, on stack), RESULT **internal/abi.PtrType
Added no value instruction: [1] *t0 = receiver: t *internal/abi.PtrType
Added instruction: [2] t1 = *t0, RESULT *internal/abi.PtrType
Added instruction: [3] t2 = &t1.[#0], RESULT *internal/abi.Type
Added instruction: [4] t3 = Call static (*internal/abi.Type).Common(t2), RESULT *internal/abi.Type
Added no value instruction: [5] return ()
FINISHED adding instructions to (*internal/abi.PtrType).Common
    entry: (predecessors:  successors:  not reachable
        [0] t0 = Alloc local info(name: t, type: *internal/abi.PtrType, on stack), RESULT **internal/abi.PtrType
        [1] *t0 = receiver: t *internal/abi.PtrType
        [2] t1 = *t0, RESULT *internal/abi.PtrType
        [3] t2 = &t1.[#0], RESULT *internal/abi.Type
        [4] t3 = Call static (*internal/abi.Type).Common(t2), RESULT *internal/abi.Type
        [5] return (t3)


ADDING instructions to (*internal/abi.PtrType).ExportedMethods
Added instruction: [0] t0 = Alloc local info(name: t, type: *internal/abi.PtrType, on stack), RESULT **internal/abi.PtrType
Added no value instruction: [1] *t0 = receiver: t *internal/abi.PtrType
Added instruction: [2] t1 = *t0, RESULT *internal/abi.PtrType
Added instruction: [3] t2 = &t1.[#0], RESULT *internal/abi.Type
Added instruction: [4] t3 = Call static (*internal/abi.Type).ExportedMethods(t2), RESULT []internal/abi.Method
Added no value instruction: [5] return ()
FINISHED adding instructions to (*internal/abi.PtrType).ExportedMethods
    entry: (predecessors:  successors:  not reachable
        [0] t0 = Alloc local info(name: t, type: *internal/abi.PtrType, on stack), RESULT **internal/abi.PtrType
        [1] *t0 = receiver: t *internal/abi.PtrType
        [2] t1 = *t0, RESULT *internal/abi.PtrType
        [3] t2 = &t1.[#0], RESULT *internal/abi.Type
        [4] t3 = Call static (*internal/abi.Type).ExportedMethods(t2), RESULT []internal/abi.Method
        [5] return (t3)


ADDING instructions to (*internal/abi.PtrType).FieldAlign
Added instruction: [0] t0 = Alloc local info(name: t, type: *internal/abi.PtrType, on stack), RESULT **internal/abi.PtrType
Added no value instruction: [1] *t0 = receiver: t *internal/abi.PtrType
Added instruction: [2] t1 = *t0, RESULT *internal/abi.PtrType
Added instruction: [3] t2 = &t1.[#0], RESULT *internal/abi.Type
Added instruction: [4] t3 = Call static (*internal/abi.Type).FieldAlign(t2), RESULT int
Added no value instruction: [5] return ()
FINISHED adding instructions to (*internal/abi.PtrType).FieldAlign
    entry: (predecessors:  successors:  not reachable
        [0] t0 = Alloc local info(name: t, type: *internal/abi.PtrType, on stack), RESULT **internal/abi.PtrType
        [1] *t0 = receiver: t *internal/abi.PtrType
        [2] t1 = *t0, RESULT *internal/abi.PtrType
        [3] t2 = &t1.[#0], RESULT *internal/abi.Type
        [4] t3 = Call static (*internal/abi.Type).FieldAlign(t2), RESULT int
        [5] return (t3)


ADDING instructions to (*internal/abi.PtrType).FuncType
Added instruction: [0] t0 = Alloc local info(name: t, type: *internal/abi.PtrType, on stack), RESULT **internal/abi.PtrType
Added no value instruction: [1] *t0 = receiver: t *internal/abi.PtrType
Added instruction: [2] t1 = *t0, RESULT *internal/abi.PtrType
Added instruction: [3] t2 = &t1.[#0], RESULT *internal/abi.Type
Added instruction: [4] t3 = Call static (*internal/abi.Type).FuncType(t2), RESULT *internal/abi.FuncType
Added no value instruction: [5] return ()
FINISHED adding instructions to (*internal/abi.PtrType).FuncType
    entry: (predecessors:  successors:  not reachable
        [0] t0 = Alloc local info(name: t, type: *internal/abi.PtrType, on stack), RESULT **internal/abi.PtrType
        [1] *t0 = receiver: t *internal/abi.PtrType
        [2] t1 = *t0, RESULT *internal/abi.PtrType
        [3] t2 = &t1.[#0], RESULT *internal/abi.Type
        [4] t3 = Call static (*internal/abi.Type).FuncType(t2), RESULT *internal/abi.FuncType
        [5] return (t3)


ADDING instructions to (*internal/abi.PtrType).GcSlice
Added instruction: [0] t0 = Alloc local info(name: t, type: *internal/abi.PtrType, on stack), RESULT **internal/abi.PtrType
Added no value instruction: [1] *t0 = receiver: t *internal/abi.PtrType
Added instruction: [2] t1 = *t0, RESULT *internal/abi.PtrType
Added instruction: [3] t2 = &t1.[#0], RESULT *internal/abi.Type
Added instruction: [4] t3 = Call static (*internal/abi.Type).GcSlice(t2,parameter: begin uintptr,parameter: end uintptr), RESULT []byte
Added no value instruction: [5] return ()
FINISHED adding instructions to (*internal/abi.PtrType).GcSlice
    entry: (predecessors:  successors:  not reachable
        [0] t0 = Alloc local info(name: t, type: *internal/abi.PtrType, on stack), RESULT **internal/abi.PtrType
        [1] *t0 = receiver: t *internal/abi.PtrType
        [2] t1 = *t0, RESULT *internal/abi.PtrType
        [3] t2 = &t1.[#0], RESULT *internal/abi.Type
        [4] t3 = Call static (*internal/abi.Type).GcSlice(t2,parameter: begin uintptr,parameter: end uintptr), RESULT []byte
        [5] return (t3)


ADDING instructions to (*internal/abi.PtrType).HasName
Added instruction: [0] t0 = Alloc local info(name: t, type: *internal/abi.PtrType, on stack), RESULT **internal/abi.PtrType
Added no value instruction: [1] *t0 = receiver: t *internal/abi.PtrType
Added instruction: [2] t1 = *t0, RESULT *internal/abi.PtrType
Added instruction: [3] t2 = &t1.[#0], RESULT *internal/abi.Type
Added instruction: [4] t3 = Call static (*internal/abi.Type).HasName(t2), RESULT bool
Added no value instruction: [5] return ()
FINISHED adding instructions to (*internal/abi.PtrType).HasName
    entry: (predecessors:  successors:  not reachable
        [0] t0 = Alloc local info(name: t, type: *internal/abi.PtrType, on stack), RESULT **internal/abi.PtrType
        [1] *t0 = receiver: t *internal/abi.PtrType
        [2] t1 = *t0, RESULT *internal/abi.PtrType
        [3] t2 = &t1.[#0], RESULT *internal/abi.Type
        [4] t3 = Call static (*internal/abi.Type).HasName(t2), RESULT bool
        [5] return (t3)


ADDING instructions to (*internal/abi.PtrType).IfaceIndir
Added instruction: [0] t0 = Alloc local info(name: t, type: *internal/abi.PtrType, on stack), RESULT **internal/abi.PtrType
Added no value instruction: [1] *t0 = receiver: t *internal/abi.PtrType
Added instruction: [2] t1 = *t0, RESULT *internal/abi.PtrType
Added instruction: [3] t2 = &t1.[#0], RESULT *internal/abi.Type
Added instruction: [4] t3 = Call static (*internal/abi.Type).IfaceIndir(t2), RESULT bool
Added no value instruction: [5] return ()
FINISHED adding instructions to (*internal/abi.PtrType).IfaceIndir
    entry: (predecessors:  successors:  not reachable
        [0] t0 = Alloc local info(name: t, type: *internal/abi.PtrType, on stack), RESULT **internal/abi.PtrType
        [1] *t0 = receiver: t *internal/abi.PtrType
        [2] t1 = *t0, RESULT *internal/abi.PtrType
        [3] t2 = &t1.[#0], RESULT *internal/abi.Type
        [4] t3 = Call static (*internal/abi.Type).IfaceIndir(t2), RESULT bool
        [5] return (t3)


ADDING instructions to (*internal/abi.PtrType).InterfaceType
Added instruction: [0] t0 = Alloc local info(name: t, type: *internal/abi.PtrType, on stack), RESULT **internal/abi.PtrType
Added no value instruction: [1] *t0 = receiver: t *internal/abi.PtrType
Added instruction: [2] t1 = *t0, RESULT *internal/abi.PtrType
Added instruction: [3] t2 = &t1.[#0], RESULT *internal/abi.Type
Added instruction: [4] t3 = Call static (*internal/abi.Type).InterfaceType(t2), RESULT *internal/abi.InterfaceType
Added no value instruction: [5] return ()
FINISHED adding instructions to (*internal/abi.PtrType).InterfaceType
    entry: (predecessors:  successors:  not reachable
        [0] t0 = Alloc local info(name: t, type: *internal/abi.PtrType, on stack), RESULT **internal/abi.PtrType
        [1] *t0 = receiver: t *internal/abi.PtrType
        [2] t1 = *t0, RESULT *internal/abi.PtrType
        [3] t2 = &t1.[#0], RESULT *internal/abi.Type
        [4] t3 = Call static (*internal/abi.Type).InterfaceType(t2), RESULT *internal/abi.InterfaceType
        [5] return (t3)


ADDING instructions to (*internal/abi.PtrType).IsDirectIface
Added instruction: [0] t0 = Alloc local info(name: t, type: *internal/abi.PtrType, on stack), RESULT **internal/abi.PtrType
Added no value instruction: [1] *t0 = receiver: t *internal/abi.PtrType
Added instruction: [2] t1 = *t0, RESULT *internal/abi.PtrType
Added instruction: [3] t2 = &t1.[#0], RESULT *internal/abi.Type
Added instruction: [4] t3 = Call static (*internal/abi.Type).IsDirectIface(t2), RESULT bool
Added no value instruction: [5] return ()
FINISHED adding instructions to (*internal/abi.PtrType).IsDirectIface
    entry: (predecessors:  successors:  not reachable
        [0] t0 = Alloc local info(name: t, type: *internal/abi.PtrType, on stack), RESULT **internal/abi.PtrType
        [1] *t0 = receiver: t *internal/abi.PtrType
        [2] t1 = *t0, RESULT *internal/abi.PtrType
        [3] t2 = &t1.[#0], RESULT *internal/abi.Type
        [4] t3 = Call static (*internal/abi.Type).IsDirectIface(t2), RESULT bool
        [5] return (t3)


ADDING instructions to (*internal/abi.PtrType).Key
Added instruction: [0] t0 = Alloc local info(name: t, type: *internal/abi.PtrType, on stack), RESULT **internal/abi.PtrType
Added no value instruction: [1] *t0 = receiver: t *internal/abi.PtrType
Added instruction: [2] t1 = *t0, RESULT *internal/abi.PtrType
Added instruction: [3] t2 = &t1.[#0], RESULT *internal/abi.Type
Added instruction: [4] t3 = Call static (*internal/abi.Type).Key(t2), RESULT *internal/abi.Type
Added no value instruction: [5] return ()
FINISHED adding instructions to (*internal/abi.PtrType).Key
    entry: (predecessors:  successors:  not reachable
        [0] t0 = Alloc local info(name: t, type: *internal/abi.PtrType, on stack), RESULT **internal/abi.PtrType
        [1] *t0 = receiver: t *internal/abi.PtrType
        [2] t1 = *t0, RESULT *internal/abi.PtrType
        [3] t2 = &t1.[#0], RESULT *internal/abi.Type
        [4] t3 = Call static (*internal/abi.Type).Key(t2), RESULT *internal/abi.Type
        [5] return (t3)


ADDING instructions to (*internal/abi.PtrType).Kind
Added instruction: [0] t0 = Alloc local info(name: t, type: *internal/abi.PtrType, on stack), RESULT **internal/abi.PtrType
Added no value instruction: [1] *t0 = receiver: t *internal/abi.PtrType
Added instruction: [2] t1 = *t0, RESULT *internal/abi.PtrType
Added instruction: [3] t2 = &t1.[#0], RESULT *internal/abi.Type
Added instruction: [4] t3 = Call static (*internal/abi.Type).Kind(t2), RESULT internal/abi.Kind
Added no value instruction: [5] return ()
FINISHED adding instructions to (*internal/abi.PtrType).Kind
    entry: (predecessors:  successors:  not reachable
        [0] t0 = Alloc local info(name: t, type: *internal/abi.PtrType, on stack), RESULT **internal/abi.PtrType
        [1] *t0 = receiver: t *internal/abi.PtrType
        [2] t1 = *t0, RESULT *internal/abi.PtrType
        [3] t2 = &t1.[#0], RESULT *internal/abi.Type
        [4] t3 = Call static (*internal/abi.Type).Kind(t2), RESULT internal/abi.Kind
        [5] return (t3)


ADDING instructions to (*internal/abi.PtrType).Len
Added instruction: [0] t0 = Alloc local info(name: t, type: *internal/abi.PtrType, on stack), RESULT **internal/abi.PtrType
Added no value instruction: [1] *t0 = receiver: t *internal/abi.PtrType
Added instruction: [2] t1 = *t0, RESULT *internal/abi.PtrType
Added instruction: [3] t2 = &t1.[#0], RESULT *internal/abi.Type
Added instruction: [4] t3 = Call static (*internal/abi.Type).Len(t2), RESULT int
Added no value instruction: [5] return ()
FINISHED adding instructions to (*internal/abi.PtrType).Len
    entry: (predecessors:  successors:  not reachable
        [0] t0 = Alloc local info(name: t, type: *internal/abi.PtrType, on stack), RESULT **internal/abi.PtrType
        [1] *t0 = receiver: t *internal/abi.PtrType
        [2] t1 = *t0, RESULT *internal/abi.PtrType
        [3] t2 = &t1.[#0], RESULT *internal/abi.Type
        [4] t3 = Call static (*internal/abi.Type).Len(t2), RESULT int
        [5] return (t3)


ADDING instructions to (*internal/abi.PtrType).MapType
Added instruction: [0] t0 = Alloc local info(name: t, type: *internal/abi.PtrType, on stack), RESULT **internal/abi.PtrType
Added no value instruction: [1] *t0 = receiver: t *internal/abi.PtrType
Added instruction: [2] t1 = *t0, RESULT *internal/abi.PtrType
Added instruction: [3] t2 = &t1.[#0], RESULT *internal/abi.Type
Added instruction: [4] t3 = Call static (*internal/abi.Type).MapType(t2), RESULT *internal/abi.SwissMapType
Added no value instruction: [5] return ()
FINISHED adding instructions to (*internal/abi.PtrType).MapType
    entry: (predecessors:  successors:  not reachable
        [0] t0 = Alloc local info(name: t, type: *internal/abi.PtrType, on stack), RESULT **internal/abi.PtrType
        [1] *t0 = receiver: t *internal/abi.PtrType
        [2] t1 = *t0, RESULT *internal/abi.PtrType
        [3] t2 = &t1.[#0], RESULT *internal/abi.Type
        [4] t3 = Call static (*internal/abi.Type).MapType(t2), RESULT *internal/abi.SwissMapType
        [5] return (t3)


ADDING instructions to (*internal/abi.PtrType).NumMethod
Added instruction: [0] t0 = Alloc local info(name: t, type: *internal/abi.PtrType, on stack), RESULT **internal/abi.PtrType
Added no value instruction: [1] *t0 = receiver: t *internal/abi.PtrType
Added instruction: [2] t1 = *t0, RESULT *internal/abi.PtrType
Added instruction: [3] t2 = &t1.[#0], RESULT *internal/abi.Type
Added instruction: [4] t3 = Call static (*internal/abi.Type).NumMethod(t2), RESULT int
Added no value instruction: [5] return ()
FINISHED adding instructions to (*internal/abi.PtrType).NumMethod
    entry: (predecessors:  successors:  not reachable
        [0] t0 = Alloc local info(name: t, type: *internal/abi.PtrType, on stack), RESULT **internal/abi.PtrType
        [1] *t0 = receiver: t *internal/abi.PtrType
        [2] t1 = *t0, RESULT *internal/abi.PtrType
        [3] t2 = &t1.[#0], RESULT *internal/abi.Type
        [4] t3 = Call static (*internal/abi.Type).NumMethod(t2), RESULT int
        [5] return (t3)


ADDING instructions to (*internal/abi.PtrType).Pointers
Added instruction: [0] t0 = Alloc local info(name: t, type: *internal/abi.PtrType, on stack), RESULT **internal/abi.PtrType
Added no value instruction: [1] *t0 = receiver: t *internal/abi.PtrType
Added instruction: [2] t1 = *t0, RESULT *internal/abi.PtrType
Added instruction: [3] t2 = &t1.[#0], RESULT *internal/abi.Type
Added instruction: [4] t3 = Call static (*internal/abi.Type).Pointers(t2), RESULT bool
Added no value instruction: [5] return ()
FINISHED adding instructions to (*internal/abi.PtrType).Pointers
    entry: (predecessors:  successors:  not reachable
        [0] t0 = Alloc local info(name: t, type: *internal/abi.PtrType, on stack), RESULT **internal/abi.PtrType
        [1] *t0 = receiver: t *internal/abi.PtrType
        [2] t1 = *t0, RESULT *internal/abi.PtrType
        [3] t2 = &t1.[#0], RESULT *internal/abi.Type
        [4] t3 = Call static (*internal/abi.Type).Pointers(t2), RESULT bool
        [5] return (t3)


ADDING instructions to (*internal/abi.PtrType).Size
Added instruction: [0] t0 = Alloc local info(name: t, type: *internal/abi.PtrType, on stack), RESULT **internal/abi.PtrType
Added no value instruction: [1] *t0 = receiver: t *internal/abi.PtrType
Added instruction: [2] t1 = *t0, RESULT *internal/abi.PtrType
Added instruction: [3] t2 = &t1.[#0], RESULT *internal/abi.Type
Added instruction: [4] t3 = Call static (*internal/abi.Type).Size(t2), RESULT uintptr
Added no value instruction: [5] return ()
FINISHED adding instructions to (*internal/abi.PtrType).Size
    entry: (predecessors:  successors:  not reachable
        [0] t0 = Alloc local info(name: t, type: *internal/abi.PtrType, on stack), RESULT **internal/abi.PtrType
        [1] *t0 = receiver: t *internal/abi.PtrType
        [2] t1 = *t0, RESULT *internal/abi.PtrType
        [3] t2 = &t1.[#0], RESULT *internal/abi.Type
        [4] t3 = Call static (*internal/abi.Type).Size(t2), RESULT uintptr
        [5] return (t3)


ADDING instructions to (*internal/abi.PtrType).StructType
Added instruction: [0] t0 = Alloc local info(name: t, type: *internal/abi.PtrType, on stack), RESULT **internal/abi.PtrType
Added no value instruction: [1] *t0 = receiver: t *internal/abi.PtrType
Added instruction: [2] t1 = *t0, RESULT *internal/abi.PtrType
Added instruction: [3] t2 = &t1.[#0], RESULT *internal/abi.Type
Added instruction: [4] t3 = Call static (*internal/abi.Type).StructType(t2), RESULT *internal/abi.StructType
Added no value instruction: [5] return ()
FINISHED adding instructions to (*internal/abi.PtrType).StructType
    entry: (predecessors:  successors:  not reachable
        [0] t0 = Alloc local info(name: t, type: *internal/abi.PtrType, on stack), RESULT **internal/abi.PtrType
        [1] *t0 = receiver: t *internal/abi.PtrType
        [2] t1 = *t0, RESULT *internal/abi.PtrType
        [3] t2 = &t1.[#0], RESULT *internal/abi.Type
        [4] t3 = Call static (*internal/abi.Type).StructType(t2), RESULT *internal/abi.StructType
        [5] return (t3)


ADDING instructions to (*internal/abi.PtrType).Uncommon
Added instruction: [0] t0 = Alloc local info(name: t, type: *internal/abi.PtrType, on stack), RESULT **internal/abi.PtrType
Added no value instruction: [1] *t0 = receiver: t *internal/abi.PtrType
Added instruction: [2] t1 = *t0, RESULT *internal/abi.PtrType
Added instruction: [3] t2 = &t1.[#0], RESULT *internal/abi.Type
Added instruction: [4] t3 = Call static (*internal/abi.Type).Uncommon(t2), RESULT *internal/abi.UncommonType
Added no value instruction: [5] return ()
FINISHED adding instructions to (*internal/abi.PtrType).Uncommon
    entry: (predecessors:  successors:  not reachable
        [0] t0 = Alloc local info(name: t, type: *internal/abi.PtrType, on stack), RESULT **internal/abi.PtrType
        [1] *t0 = receiver: t *internal/abi.PtrType
        [2] t1 = *t0, RESULT *internal/abi.PtrType
        [3] t2 = &t1.[#0], RESULT *internal/abi.Type
        [4] t3 = Call static (*internal/abi.Type).Uncommon(t2), RESULT *internal/abi.UncommonType
        [5] return (t3)


ADDING instructions to (*internal/abi.SliceType).Align
Creating type **internal/abi.SliceType(772)
Base of just created pointer type is *internal/abi.SliceType(229)
Added instruction: [0] t0 = Alloc local info(name: t, type: *internal/abi.SliceType, on stack), RESULT **internal/abi.SliceType
Added no value instruction: [1] *t0 = receiver: t *internal/abi.SliceType
Added instruction: [2] t1 = *t0, RESULT *internal/abi.SliceType
Added instruction: [3] t2 = &t1.[#0], RESULT *internal/abi.Type
Added instruction: [4] t3 = Call static (*internal/abi.Type).Align(t2), RESULT int
Added no value instruction: [5] return ()
FINISHED adding instructions to (*internal/abi.SliceType).Align
    entry: (predecessors:  successors:  not reachable
        [0] t0 = Alloc local info(name: t, type: *internal/abi.SliceType, on stack), RESULT **internal/abi.SliceType
        [1] *t0 = receiver: t *internal/abi.SliceType
        [2] t1 = *t0, RESULT *internal/abi.SliceType
        [3] t2 = &t1.[#0], RESULT *internal/abi.Type
        [4] t3 = Call static (*internal/abi.Type).Align(t2), RESULT int
        [5] return (t3)


ADDING instructions to (*internal/abi.SliceType).ArrayType
Added instruction: [0] t0 = Alloc local info(name: t, type: *internal/abi.SliceType, on stack), RESULT **internal/abi.SliceType
Added no value instruction: [1] *t0 = receiver: t *internal/abi.SliceType
Added instruction: [2] t1 = *t0, RESULT *internal/abi.SliceType
Added instruction: [3] t2 = &t1.[#0], RESULT *internal/abi.Type
Added instruction: [4] t3 = Call static (*internal/abi.Type).ArrayType(t2), RESULT *internal/abi.ArrayType
Added no value instruction: [5] return ()
FINISHED adding instructions to (*internal/abi.SliceType).ArrayType
    entry: (predecessors:  successors:  not reachable
        [0] t0 = Alloc local info(name: t, type: *internal/abi.SliceType, on stack), RESULT **internal/abi.SliceType
        [1] *t0 = receiver: t *internal/abi.SliceType
        [2] t1 = *t0, RESULT *internal/abi.SliceType
        [3] t2 = &t1.[#0], RESULT *internal/abi.Type
        [4] t3 = Call static (*internal/abi.Type).ArrayType(t2), RESULT *internal/abi.ArrayType
        [5] return (t3)


ADDING instructions to (*internal/abi.SliceType).ChanDir
Added instruction: [0] t0 = Alloc local info(name: t, type: *internal/abi.SliceType, on stack), RESULT **internal/abi.SliceType
Added no value instruction: [1] *t0 = receiver: t *internal/abi.SliceType
Added instruction: [2] t1 = *t0, RESULT *internal/abi.SliceType
Added instruction: [3] t2 = &t1.[#0], RESULT *internal/abi.Type
Added instruction: [4] t3 = Call static (*internal/abi.Type).ChanDir(t2), RESULT internal/abi.ChanDir
Added no value instruction: [5] return ()
FINISHED adding instructions to (*internal/abi.SliceType).ChanDir
    entry: (predecessors:  successors:  not reachable
        [0] t0 = Alloc local info(name: t, type: *internal/abi.SliceType, on stack), RESULT **internal/abi.SliceType
        [1] *t0 = receiver: t *internal/abi.SliceType
        [2] t1 = *t0, RESULT *internal/abi.SliceType
        [3] t2 = &t1.[#0], RESULT *internal/abi.Type
        [4] t3 = Call static (*internal/abi.Type).ChanDir(t2), RESULT internal/abi.ChanDir
        [5] return (t3)


ADDING instructions to (*internal/abi.SliceType).Common
Added instruction: [0] t0 = Alloc local info(name: t, type: *internal/abi.SliceType, on stack), RESULT **internal/abi.SliceType
Added no value instruction: [1] *t0 = receiver: t *internal/abi.SliceType
Added instruction: [2] t1 = *t0, RESULT *internal/abi.SliceType
Added instruction: [3] t2 = &t1.[#0], RESULT *internal/abi.Type
Added instruction: [4] t3 = Call static (*internal/abi.Type).Common(t2), RESULT *internal/abi.Type
Added no value instruction: [5] return ()
FINISHED adding instructions to (*internal/abi.SliceType).Common
    entry: (predecessors:  successors:  not reachable
        [0] t0 = Alloc local info(name: t, type: *internal/abi.SliceType, on stack), RESULT **internal/abi.SliceType
        [1] *t0 = receiver: t *internal/abi.SliceType
        [2] t1 = *t0, RESULT *internal/abi.SliceType
        [3] t2 = &t1.[#0], RESULT *internal/abi.Type
        [4] t3 = Call static (*internal/abi.Type).Common(t2), RESULT *internal/abi.Type
        [5] return (t3)


ADDING instructions to (*internal/abi.SliceType).ExportedMethods
Added instruction: [0] t0 = Alloc local info(name: t, type: *internal/abi.SliceType, on stack), RESULT **internal/abi.SliceType
Added no value instruction: [1] *t0 = receiver: t *internal/abi.SliceType
Added instruction: [2] t1 = *t0, RESULT *internal/abi.SliceType
Added instruction: [3] t2 = &t1.[#0], RESULT *internal/abi.Type
Added instruction: [4] t3 = Call static (*internal/abi.Type).ExportedMethods(t2), RESULT []internal/abi.Method
Added no value instruction: [5] return ()
FINISHED adding instructions to (*internal/abi.SliceType).ExportedMethods
    entry: (predecessors:  successors:  not reachable
        [0] t0 = Alloc local info(name: t, type: *internal/abi.SliceType, on stack), RESULT **internal/abi.SliceType
        [1] *t0 = receiver: t *internal/abi.SliceType
        [2] t1 = *t0, RESULT *internal/abi.SliceType
        [3] t2 = &t1.[#0], RESULT *internal/abi.Type
        [4] t3 = Call static (*internal/abi.Type).ExportedMethods(t2), RESULT []internal/abi.Method
        [5] return (t3)


ADDING instructions to (*internal/abi.SliceType).FieldAlign
Added instruction: [0] t0 = Alloc local info(name: t, type: *internal/abi.SliceType, on stack), RESULT **internal/abi.SliceType
Added no value instruction: [1] *t0 = receiver: t *internal/abi.SliceType
Added instruction: [2] t1 = *t0, RESULT *internal/abi.SliceType
Added instruction: [3] t2 = &t1.[#0], RESULT *internal/abi.Type
Added instruction: [4] t3 = Call static (*internal/abi.Type).FieldAlign(t2), RESULT int
Added no value instruction: [5] return ()
FINISHED adding instructions to (*internal/abi.SliceType).FieldAlign
    entry: (predecessors:  successors:  not reachable
        [0] t0 = Alloc local info(name: t, type: *internal/abi.SliceType, on stack), RESULT **internal/abi.SliceType
        [1] *t0 = receiver: t *internal/abi.SliceType
        [2] t1 = *t0, RESULT *internal/abi.SliceType
        [3] t2 = &t1.[#0], RESULT *internal/abi.Type
        [4] t3 = Call static (*internal/abi.Type).FieldAlign(t2), RESULT int
        [5] return (t3)


ADDING instructions to (*internal/abi.SliceType).FuncType
Added instruction: [0] t0 = Alloc local info(name: t, type: *internal/abi.SliceType, on stack), RESULT **internal/abi.SliceType
Added no value instruction: [1] *t0 = receiver: t *internal/abi.SliceType
Added instruction: [2] t1 = *t0, RESULT *internal/abi.SliceType
Added instruction: [3] t2 = &t1.[#0], RESULT *internal/abi.Type
Added instruction: [4] t3 = Call static (*internal/abi.Type).FuncType(t2), RESULT *internal/abi.FuncType
Added no value instruction: [5] return ()
FINISHED adding instructions to (*internal/abi.SliceType).FuncType
    entry: (predecessors:  successors:  not reachable
        [0] t0 = Alloc local info(name: t, type: *internal/abi.SliceType, on stack), RESULT **internal/abi.SliceType
        [1] *t0 = receiver: t *internal/abi.SliceType
        [2] t1 = *t0, RESULT *internal/abi.SliceType
        [3] t2 = &t1.[#0], RESULT *internal/abi.Type
        [4] t3 = Call static (*internal/abi.Type).FuncType(t2), RESULT *internal/abi.FuncType
        [5] return (t3)


ADDING instructions to (*internal/abi.SliceType).GcSlice
Added instruction: [0] t0 = Alloc local info(name: t, type: *internal/abi.SliceType, on stack), RESULT **internal/abi.SliceType
Added no value instruction: [1] *t0 = receiver: t *internal/abi.SliceType
Added instruction: [2] t1 = *t0, RESULT *internal/abi.SliceType
Added instruction: [3] t2 = &t1.[#0], RESULT *internal/abi.Type
Added instruction: [4] t3 = Call static (*internal/abi.Type).GcSlice(t2,parameter: begin uintptr,parameter: end uintptr), RESULT []byte
Added no value instruction: [5] return ()
FINISHED adding instructions to (*internal/abi.SliceType).GcSlice
    entry: (predecessors:  successors:  not reachable
        [0] t0 = Alloc local info(name: t, type: *internal/abi.SliceType, on stack), RESULT **internal/abi.SliceType
        [1] *t0 = receiver: t *internal/abi.SliceType
        [2] t1 = *t0, RESULT *internal/abi.SliceType
        [3] t2 = &t1.[#0], RESULT *internal/abi.Type
        [4] t3 = Call static (*internal/abi.Type).GcSlice(t2,parameter: begin uintptr,parameter: end uintptr), RESULT []byte
        [5] return (t3)


ADDING instructions to (*internal/abi.SliceType).HasName
Added instruction: [0] t0 = Alloc local info(name: t, type: *internal/abi.SliceType, on stack), RESULT **internal/abi.SliceType
Added no value instruction: [1] *t0 = receiver: t *internal/abi.SliceType
Added instruction: [2] t1 = *t0, RESULT *internal/abi.SliceType
Added instruction: [3] t2 = &t1.[#0], RESULT *internal/abi.Type
Added instruction: [4] t3 = Call static (*internal/abi.Type).HasName(t2), RESULT bool
Added no value instruction: [5] return ()
FINISHED adding instructions to (*internal/abi.SliceType).HasName
    entry: (predecessors:  successors:  not reachable
        [0] t0 = Alloc local info(name: t, type: *internal/abi.SliceType, on stack), RESULT **internal/abi.SliceType
        [1] *t0 = receiver: t *internal/abi.SliceType
        [2] t1 = *t0, RESULT *internal/abi.SliceType
        [3] t2 = &t1.[#0], RESULT *internal/abi.Type
        [4] t3 = Call static (*internal/abi.Type).HasName(t2), RESULT bool
        [5] return (t3)


ADDING instructions to (*internal/abi.SliceType).IfaceIndir
Added instruction: [0] t0 = Alloc local info(name: t, type: *internal/abi.SliceType, on stack), RESULT **internal/abi.SliceType
Added no value instruction: [1] *t0 = receiver: t *internal/abi.SliceType
Added instruction: [2] t1 = *t0, RESULT *internal/abi.SliceType
Added instruction: [3] t2 = &t1.[#0], RESULT *internal/abi.Type
Added instruction: [4] t3 = Call static (*internal/abi.Type).IfaceIndir(t2), RESULT bool
Added no value instruction: [5] return ()
FINISHED adding instructions to (*internal/abi.SliceType).IfaceIndir
    entry: (predecessors:  successors:  not reachable
        [0] t0 = Alloc local info(name: t, type: *internal/abi.SliceType, on stack), RESULT **internal/abi.SliceType
        [1] *t0 = receiver: t *internal/abi.SliceType
        [2] t1 = *t0, RESULT *internal/abi.SliceType
        [3] t2 = &t1.[#0], RESULT *internal/abi.Type
        [4] t3 = Call static (*internal/abi.Type).IfaceIndir(t2), RESULT bool
        [5] return (t3)


ADDING instructions to (*internal/abi.SliceType).InterfaceType
Added instruction: [0] t0 = Alloc local info(name: t, type: *internal/abi.SliceType, on stack), RESULT **internal/abi.SliceType
Added no value instruction: [1] *t0 = receiver: t *internal/abi.SliceType
Added instruction: [2] t1 = *t0, RESULT *internal/abi.SliceType
Added instruction: [3] t2 = &t1.[#0], RESULT *internal/abi.Type
Added instruction: [4] t3 = Call static (*internal/abi.Type).InterfaceType(t2), RESULT *internal/abi.InterfaceType
Added no value instruction: [5] return ()
FINISHED adding instructions to (*internal/abi.SliceType).InterfaceType
    entry: (predecessors:  successors:  not reachable
        [0] t0 = Alloc local info(name: t, type: *internal/abi.SliceType, on stack), RESULT **internal/abi.SliceType
        [1] *t0 = receiver: t *internal/abi.SliceType
        [2] t1 = *t0, RESULT *internal/abi.SliceType
        [3] t2 = &t1.[#0], RESULT *internal/abi.Type
        [4] t3 = Call static (*internal/abi.Type).InterfaceType(t2), RESULT *internal/abi.InterfaceType
        [5] return (t3)


ADDING instructions to (*internal/abi.SliceType).IsDirectIface
Added instruction: [0] t0 = Alloc local info(name: t, type: *internal/abi.SliceType, on stack), RESULT **internal/abi.SliceType
Added no value instruction: [1] *t0 = receiver: t *internal/abi.SliceType
Added instruction: [2] t1 = *t0, RESULT *internal/abi.SliceType
Added instruction: [3] t2 = &t1.[#0], RESULT *internal/abi.Type
Added instruction: [4] t3 = Call static (*internal/abi.Type).IsDirectIface(t2), RESULT bool
Added no value instruction: [5] return ()
FINISHED adding instructions to (*internal/abi.SliceType).IsDirectIface
    entry: (predecessors:  successors:  not reachable
        [0] t0 = Alloc local info(name: t, type: *internal/abi.SliceType, on stack), RESULT **internal/abi.SliceType
        [1] *t0 = receiver: t *internal/abi.SliceType
        [2] t1 = *t0, RESULT *internal/abi.SliceType
        [3] t2 = &t1.[#0], RESULT *internal/abi.Type
        [4] t3 = Call static (*internal/abi.Type).IsDirectIface(t2), RESULT bool
        [5] return (t3)


ADDING instructions to (*internal/abi.SliceType).Key
Added instruction: [0] t0 = Alloc local info(name: t, type: *internal/abi.SliceType, on stack), RESULT **internal/abi.SliceType
Added no value instruction: [1] *t0 = receiver: t *internal/abi.SliceType
Added instruction: [2] t1 = *t0, RESULT *internal/abi.SliceType
Added instruction: [3] t2 = &t1.[#0], RESULT *internal/abi.Type
Added instruction: [4] t3 = Call static (*internal/abi.Type).Key(t2), RESULT *internal/abi.Type
Added no value instruction: [5] return ()
FINISHED adding instructions to (*internal/abi.SliceType).Key
    entry: (predecessors:  successors:  not reachable
        [0] t0 = Alloc local info(name: t, type: *internal/abi.SliceType, on stack), RESULT **internal/abi.SliceType
        [1] *t0 = receiver: t *internal/abi.SliceType
        [2] t1 = *t0, RESULT *internal/abi.SliceType
        [3] t2 = &t1.[#0], RESULT *internal/abi.Type
        [4] t3 = Call static (*internal/abi.Type).Key(t2), RESULT *internal/abi.Type
        [5] return (t3)


ADDING instructions to (*internal/abi.SliceType).Kind
Added instruction: [0] t0 = Alloc local info(name: t, type: *internal/abi.SliceType, on stack), RESULT **internal/abi.SliceType
Added no value instruction: [1] *t0 = receiver: t *internal/abi.SliceType
Added instruction: [2] t1 = *t0, RESULT *internal/abi.SliceType
Added instruction: [3] t2 = &t1.[#0], RESULT *internal/abi.Type
Added instruction: [4] t3 = Call static (*internal/abi.Type).Kind(t2), RESULT internal/abi.Kind
Added no value instruction: [5] return ()
FINISHED adding instructions to (*internal/abi.SliceType).Kind
    entry: (predecessors:  successors:  not reachable
        [0] t0 = Alloc local info(name: t, type: *internal/abi.SliceType, on stack), RESULT **internal/abi.SliceType
        [1] *t0 = receiver: t *internal/abi.SliceType
        [2] t1 = *t0, RESULT *internal/abi.SliceType
        [3] t2 = &t1.[#0], RESULT *internal/abi.Type
        [4] t3 = Call static (*internal/abi.Type).Kind(t2), RESULT internal/abi.Kind
        [5] return (t3)


ADDING instructions to (*internal/abi.SliceType).Len
Added instruction: [0] t0 = Alloc local info(name: t, type: *internal/abi.SliceType, on stack), RESULT **internal/abi.SliceType
Added no value instruction: [1] *t0 = receiver: t *internal/abi.SliceType
Added instruction: [2] t1 = *t0, RESULT *internal/abi.SliceType
Added instruction: [3] t2 = &t1.[#0], RESULT *internal/abi.Type
Added instruction: [4] t3 = Call static (*internal/abi.Type).Len(t2), RESULT int
Added no value instruction: [5] return ()
FINISHED adding instructions to (*internal/abi.SliceType).Len
    entry: (predecessors:  successors:  not reachable
        [0] t0 = Alloc local info(name: t, type: *internal/abi.SliceType, on stack), RESULT **internal/abi.SliceType
        [1] *t0 = receiver: t *internal/abi.SliceType
        [2] t1 = *t0, RESULT *internal/abi.SliceType
        [3] t2 = &t1.[#0], RESULT *internal/abi.Type
        [4] t3 = Call static (*internal/abi.Type).Len(t2), RESULT int
        [5] return (t3)


ADDING instructions to (*internal/abi.SliceType).MapType
Added instruction: [0] t0 = Alloc local info(name: t, type: *internal/abi.SliceType, on stack), RESULT **internal/abi.SliceType
Added no value instruction: [1] *t0 = receiver: t *internal/abi.SliceType
Added instruction: [2] t1 = *t0, RESULT *internal/abi.SliceType
Added instruction: [3] t2 = &t1.[#0], RESULT *internal/abi.Type
Added instruction: [4] t3 = Call static (*internal/abi.Type).MapType(t2), RESULT *internal/abi.SwissMapType
Added no value instruction: [5] return ()
FINISHED adding instructions to (*internal/abi.SliceType).MapType
    entry: (predecessors:  successors:  not reachable
        [0] t0 = Alloc local info(name: t, type: *internal/abi.SliceType, on stack), RESULT **internal/abi.SliceType
        [1] *t0 = receiver: t *internal/abi.SliceType
        [2] t1 = *t0, RESULT *internal/abi.SliceType
        [3] t2 = &t1.[#0], RESULT *internal/abi.Type
        [4] t3 = Call static (*internal/abi.Type).MapType(t2), RESULT *internal/abi.SwissMapType
        [5] return (t3)


ADDING instructions to (*internal/abi.SliceType).NumMethod
Added instruction: [0] t0 = Alloc local info(name: t, type: *internal/abi.SliceType, on stack), RESULT **internal/abi.SliceType
Added no value instruction: [1] *t0 = receiver: t *internal/abi.SliceType
Added instruction: [2] t1 = *t0, RESULT *internal/abi.SliceType
Added instruction: [3] t2 = &t1.[#0], RESULT *internal/abi.Type
Added instruction: [4] t3 = Call static (*internal/abi.Type).NumMethod(t2), RESULT int
Added no value instruction: [5] return ()
FINISHED adding instructions to (*internal/abi.SliceType).NumMethod
    entry: (predecessors:  successors:  not reachable
        [0] t0 = Alloc local info(name: t, type: *internal/abi.SliceType, on stack), RESULT **internal/abi.SliceType
        [1] *t0 = receiver: t *internal/abi.SliceType
        [2] t1 = *t0, RESULT *internal/abi.SliceType
        [3] t2 = &t1.[#0], RESULT *internal/abi.Type
        [4] t3 = Call static (*internal/abi.Type).NumMethod(t2), RESULT int
        [5] return (t3)


ADDING instructions to (*internal/abi.SliceType).Pointers
Added instruction: [0] t0 = Alloc local info(name: t, type: *internal/abi.SliceType, on stack), RESULT **internal/abi.SliceType
Added no value instruction: [1] *t0 = receiver: t *internal/abi.SliceType
Added instruction: [2] t1 = *t0, RESULT *internal/abi.SliceType
Added instruction: [3] t2 = &t1.[#0], RESULT *internal/abi.Type
Added instruction: [4] t3 = Call static (*internal/abi.Type).Pointers(t2), RESULT bool
Added no value instruction: [5] return ()
FINISHED adding instructions to (*internal/abi.SliceType).Pointers
    entry: (predecessors:  successors:  not reachable
        [0] t0 = Alloc local info(name: t, type: *internal/abi.SliceType, on stack), RESULT **internal/abi.SliceType
        [1] *t0 = receiver: t *internal/abi.SliceType
        [2] t1 = *t0, RESULT *internal/abi.SliceType
        [3] t2 = &t1.[#0], RESULT *internal/abi.Type
        [4] t3 = Call static (*internal/abi.Type).Pointers(t2), RESULT bool
        [5] return (t3)


ADDING instructions to (*internal/abi.SliceType).Size
Added instruction: [0] t0 = Alloc local info(name: t, type: *internal/abi.SliceType, on stack), RESULT **internal/abi.SliceType
Added no value instruction: [1] *t0 = receiver: t *internal/abi.SliceType
Added instruction: [2] t1 = *t0, RESULT *internal/abi.SliceType
Added instruction: [3] t2 = &t1.[#0], RESULT *internal/abi.Type
Added instruction: [4] t3 = Call static (*internal/abi.Type).Size(t2), RESULT uintptr
Added no value instruction: [5] return ()
FINISHED adding instructions to (*internal/abi.SliceType).Size
    entry: (predecessors:  successors:  not reachable
        [0] t0 = Alloc local info(name: t, type: *internal/abi.SliceType, on stack), RESULT **internal/abi.SliceType
        [1] *t0 = receiver: t *internal/abi.SliceType
        [2] t1 = *t0, RESULT *internal/abi.SliceType
        [3] t2 = &t1.[#0], RESULT *internal/abi.Type
        [4] t3 = Call static (*internal/abi.Type).Size(t2), RESULT uintptr
        [5] return (t3)


ADDING instructions to (*internal/abi.SliceType).StructType
Added instruction: [0] t0 = Alloc local info(name: t, type: *internal/abi.SliceType, on stack), RESULT **internal/abi.SliceType
Added no value instruction: [1] *t0 = receiver: t *internal/abi.SliceType
Added instruction: [2] t1 = *t0, RESULT *internal/abi.SliceType
Added instruction: [3] t2 = &t1.[#0], RESULT *internal/abi.Type
Added instruction: [4] t3 = Call static (*internal/abi.Type).StructType(t2), RESULT *internal/abi.StructType
Added no value instruction: [5] return ()
FINISHED adding instructions to (*internal/abi.SliceType).StructType
    entry: (predecessors:  successors:  not reachable
        [0] t0 = Alloc local info(name: t, type: *internal/abi.SliceType, on stack), RESULT **internal/abi.SliceType
        [1] *t0 = receiver: t *internal/abi.SliceType
        [2] t1 = *t0, RESULT *internal/abi.SliceType
        [3] t2 = &t1.[#0], RESULT *internal/abi.Type
        [4] t3 = Call static (*internal/abi.Type).StructType(t2), RESULT *internal/abi.StructType
        [5] return (t3)


ADDING instructions to (*internal/abi.SliceType).Uncommon
Added instruction: [0] t0 = Alloc local info(name: t, type: *internal/abi.SliceType, on stack), RESULT **internal/abi.SliceType
Added no value instruction: [1] *t0 = receiver: t *internal/abi.SliceType
Added instruction: [2] t1 = *t0, RESULT *internal/abi.SliceType
Added instruction: [3] t2 = &t1.[#0], RESULT *internal/abi.Type
Added instruction: [4] t3 = Call static (*internal/abi.Type).Uncommon(t2), RESULT *internal/abi.UncommonType
Added no value instruction: [5] return ()
FINISHED adding instructions to (*internal/abi.SliceType).Uncommon
    entry: (predecessors:  successors:  not reachable
        [0] t0 = Alloc local info(name: t, type: *internal/abi.SliceType, on stack), RESULT **internal/abi.SliceType
        [1] *t0 = receiver: t *internal/abi.SliceType
        [2] t1 = *t0, RESULT *internal/abi.SliceType
        [3] t2 = &t1.[#0], RESULT *internal/abi.Type
        [4] t3 = Call static (*internal/abi.Type).Uncommon(t2), RESULT *internal/abi.UncommonType
        [5] return (t3)


ADDING instructions to (*internal/abi.StructType).Align
Creating type **internal/abi.StructType(773)
Base of just created pointer type is *internal/abi.StructType(94)
Added instruction: [0] t0 = Alloc local info(name: t, type: *internal/abi.StructType, on stack), RESULT **internal/abi.StructType
Added no value instruction: [1] *t0 = receiver: t *internal/abi.StructType
Added instruction: [2] t1 = *t0, RESULT *internal/abi.StructType
Added instruction: [3] t2 = &t1.[#0], RESULT *internal/abi.Type
Added instruction: [4] t3 = Call static (*internal/abi.Type).Align(t2), RESULT int
Added no value instruction: [5] return ()
FINISHED adding instructions to (*internal/abi.StructType).Align
    entry: (predecessors:  successors:  not reachable
        [0] t0 = Alloc local info(name: t, type: *internal/abi.StructType, on stack), RESULT **internal/abi.StructType
        [1] *t0 = receiver: t *internal/abi.StructType
        [2] t1 = *t0, RESULT *internal/abi.StructType
        [3] t2 = &t1.[#0], RESULT *internal/abi.Type
        [4] t3 = Call static (*internal/abi.Type).Align(t2), RESULT int
        [5] return (t3)


ADDING instructions to (*internal/abi.StructType).ArrayType
Added instruction: [0] t0 = Alloc local info(name: t, type: *internal/abi.StructType, on stack), RESULT **internal/abi.StructType
Added no value instruction: [1] *t0 = receiver: t *internal/abi.StructType
Added instruction: [2] t1 = *t0, RESULT *internal/abi.StructType
Added instruction: [3] t2 = &t1.[#0], RESULT *internal/abi.Type
Added instruction: [4] t3 = Call static (*internal/abi.Type).ArrayType(t2), RESULT *internal/abi.ArrayType
Added no value instruction: [5] return ()
FINISHED adding instructions to (*internal/abi.StructType).ArrayType
    entry: (predecessors:  successors:  not reachable
        [0] t0 = Alloc local info(name: t, type: *internal/abi.StructType, on stack), RESULT **internal/abi.StructType
        [1] *t0 = receiver: t *internal/abi.StructType
        [2] t1 = *t0, RESULT *internal/abi.StructType
        [3] t2 = &t1.[#0], RESULT *internal/abi.Type
        [4] t3 = Call static (*internal/abi.Type).ArrayType(t2), RESULT *internal/abi.ArrayType
        [5] return (t3)


ADDING instructions to (*internal/abi.StructType).ChanDir
Added instruction: [0] t0 = Alloc local info(name: t, type: *internal/abi.StructType, on stack), RESULT **internal/abi.StructType
Added no value instruction: [1] *t0 = receiver: t *internal/abi.StructType
Added instruction: [2] t1 = *t0, RESULT *internal/abi.StructType
Added instruction: [3] t2 = &t1.[#0], RESULT *internal/abi.Type
Added instruction: [4] t3 = Call static (*internal/abi.Type).ChanDir(t2), RESULT internal/abi.ChanDir
Added no value instruction: [5] return ()
FINISHED adding instructions to (*internal/abi.StructType).ChanDir
    entry: (predecessors:  successors:  not reachable
        [0] t0 = Alloc local info(name: t, type: *internal/abi.StructType, on stack), RESULT **internal/abi.StructType
        [1] *t0 = receiver: t *internal/abi.StructType
        [2] t1 = *t0, RESULT *internal/abi.StructType
        [3] t2 = &t1.[#0], RESULT *internal/abi.Type
        [4] t3 = Call static (*internal/abi.Type).ChanDir(t2), RESULT internal/abi.ChanDir
        [5] return (t3)


ADDING instructions to (*internal/abi.StructType).Common
Added instruction: [0] t0 = Alloc local info(name: t, type: *internal/abi.StructType, on stack), RESULT **internal/abi.StructType
Added no value instruction: [1] *t0 = receiver: t *internal/abi.StructType
Added instruction: [2] t1 = *t0, RESULT *internal/abi.StructType
Added instruction: [3] t2 = &t1.[#0], RESULT *internal/abi.Type
Added instruction: [4] t3 = Call static (*internal/abi.Type).Common(t2), RESULT *internal/abi.Type
Added no value instruction: [5] return ()
FINISHED adding instructions to (*internal/abi.StructType).Common
    entry: (predecessors:  successors:  not reachable
        [0] t0 = Alloc local info(name: t, type: *internal/abi.StructType, on stack), RESULT **internal/abi.StructType
        [1] *t0 = receiver: t *internal/abi.StructType
        [2] t1 = *t0, RESULT *internal/abi.StructType
        [3] t2 = &t1.[#0], RESULT *internal/abi.Type
        [4] t3 = Call static (*internal/abi.Type).Common(t2), RESULT *internal/abi.Type
        [5] return (t3)


ADDING instructions to (*internal/abi.StructType).Elem
Added instruction: [0] t0 = Alloc local info(name: t, type: *internal/abi.StructType, on stack), RESULT **internal/abi.StructType
Added no value instruction: [1] *t0 = receiver: t *internal/abi.StructType
Added instruction: [2] t1 = *t0, RESULT *internal/abi.StructType
Added instruction: [3] t2 = &t1.[#0], RESULT *internal/abi.Type
Added instruction: [4] t3 = Call static (*internal/abi.Type).Elem(t2), RESULT *internal/abi.Type
Added no value instruction: [5] return ()
FINISHED adding instructions to (*internal/abi.StructType).Elem
    entry: (predecessors:  successors:  not reachable
        [0] t0 = Alloc local info(name: t, type: *internal/abi.StructType, on stack), RESULT **internal/abi.StructType
        [1] *t0 = receiver: t *internal/abi.StructType
        [2] t1 = *t0, RESULT *internal/abi.StructType
        [3] t2 = &t1.[#0], RESULT *internal/abi.Type
        [4] t3 = Call static (*internal/abi.Type).Elem(t2), RESULT *internal/abi.Type
        [5] return (t3)


ADDING instructions to (*internal/abi.StructType).ExportedMethods
Added instruction: [0] t0 = Alloc local info(name: t, type: *internal/abi.StructType, on stack), RESULT **internal/abi.StructType
Added no value instruction: [1] *t0 = receiver: t *internal/abi.StructType
Added instruction: [2] t1 = *t0, RESULT *internal/abi.StructType
Added instruction: [3] t2 = &t1.[#0], RESULT *internal/abi.Type
Added instruction: [4] t3 = Call static (*internal/abi.Type).ExportedMethods(t2), RESULT []internal/abi.Method
Added no value instruction: [5] return ()
FINISHED adding instructions to (*internal/abi.StructType).ExportedMethods
    entry: (predecessors:  successors:  not reachable
        [0] t0 = Alloc local info(name: t, type: *internal/abi.StructType, on stack), RESULT **internal/abi.StructType
        [1] *t0 = receiver: t *internal/abi.StructType
        [2] t1 = *t0, RESULT *internal/abi.StructType
        [3] t2 = &t1.[#0], RESULT *internal/abi.Type
        [4] t3 = Call static (*internal/abi.Type).ExportedMethods(t2), RESULT []internal/abi.Method
        [5] return (t3)


ADDING instructions to (*internal/abi.StructType).FieldAlign
Added instruction: [0] t0 = Alloc local info(name: t, type: *internal/abi.StructType, on stack), RESULT **internal/abi.StructType
Added no value instruction: [1] *t0 = receiver: t *internal/abi.StructType
Added instruction: [2] t1 = *t0, RESULT *internal/abi.StructType
Added instruction: [3] t2 = &t1.[#0], RESULT *internal/abi.Type
Added instruction: [4] t3 = Call static (*internal/abi.Type).FieldAlign(t2), RESULT int
Added no value instruction: [5] return ()
FINISHED adding instructions to (*internal/abi.StructType).FieldAlign
    entry: (predecessors:  successors:  not reachable
        [0] t0 = Alloc local info(name: t, type: *internal/abi.StructType, on stack), RESULT **internal/abi.StructType
        [1] *t0 = receiver: t *internal/abi.StructType
        [2] t1 = *t0, RESULT *internal/abi.StructType
        [3] t2 = &t1.[#0], RESULT *internal/abi.Type
        [4] t3 = Call static (*internal/abi.Type).FieldAlign(t2), RESULT int
        [5] return (t3)


ADDING instructions to (*internal/abi.StructType).FuncType
Added instruction: [0] t0 = Alloc local info(name: t, type: *internal/abi.StructType, on stack), RESULT **internal/abi.StructType
Added no value instruction: [1] *t0 = receiver: t *internal/abi.StructType
Added instruction: [2] t1 = *t0, RESULT *internal/abi.StructType
Added instruction: [3] t2 = &t1.[#0], RESULT *internal/abi.Type
Added instruction: [4] t3 = Call static (*internal/abi.Type).FuncType(t2), RESULT *internal/abi.FuncType
Added no value instruction: [5] return ()
FINISHED adding instructions to (*internal/abi.StructType).FuncType
    entry: (predecessors:  successors:  not reachable
        [0] t0 = Alloc local info(name: t, type: *internal/abi.StructType, on stack), RESULT **internal/abi.StructType
        [1] *t0 = receiver: t *internal/abi.StructType
        [2] t1 = *t0, RESULT *internal/abi.StructType
        [3] t2 = &t1.[#0], RESULT *internal/abi.Type
        [4] t3 = Call static (*internal/abi.Type).FuncType(t2), RESULT *internal/abi.FuncType
        [5] return (t3)


ADDING instructions to (*internal/abi.StructType).GcSlice
Added instruction: [0] t0 = Alloc local info(name: t, type: *internal/abi.StructType, on stack), RESULT **internal/abi.StructType
Added no value instruction: [1] *t0 = receiver: t *internal/abi.StructType
Added instruction: [2] t1 = *t0, RESULT *internal/abi.StructType
Added instruction: [3] t2 = &t1.[#0], RESULT *internal/abi.Type
Added instruction: [4] t3 = Call static (*internal/abi.Type).GcSlice(t2,parameter: begin uintptr,parameter: end uintptr), RESULT []byte
Added no value instruction: [5] return ()
FINISHED adding instructions to (*internal/abi.StructType).GcSlice
    entry: (predecessors:  successors:  not reachable
        [0] t0 = Alloc local info(name: t, type: *internal/abi.StructType, on stack), RESULT **internal/abi.StructType
        [1] *t0 = receiver: t *internal/abi.StructType
        [2] t1 = *t0, RESULT *internal/abi.StructType
        [3] t2 = &t1.[#0], RESULT *internal/abi.Type
        [4] t3 = Call static (*internal/abi.Type).GcSlice(t2,parameter: begin uintptr,parameter: end uintptr), RESULT []byte
        [5] return (t3)


ADDING instructions to (*internal/abi.StructType).HasName
Added instruction: [0] t0 = Alloc local info(name: t, type: *internal/abi.StructType, on stack), RESULT **internal/abi.StructType
Added no value instruction: [1] *t0 = receiver: t *internal/abi.StructType
Added instruction: [2] t1 = *t0, RESULT *internal/abi.StructType
Added instruction: [3] t2 = &t1.[#0], RESULT *internal/abi.Type
Added instruction: [4] t3 = Call static (*internal/abi.Type).HasName(t2), RESULT bool
Added no value instruction: [5] return ()
FINISHED adding instructions to (*internal/abi.StructType).HasName
    entry: (predecessors:  successors:  not reachable
        [0] t0 = Alloc local info(name: t, type: *internal/abi.StructType, on stack), RESULT **internal/abi.StructType
        [1] *t0 = receiver: t *internal/abi.StructType
        [2] t1 = *t0, RESULT *internal/abi.StructType
        [3] t2 = &t1.[#0], RESULT *internal/abi.Type
        [4] t3 = Call static (*internal/abi.Type).HasName(t2), RESULT bool
        [5] return (t3)


ADDING instructions to (*internal/abi.StructType).IfaceIndir
Added instruction: [0] t0 = Alloc local info(name: t, type: *internal/abi.StructType, on stack), RESULT **internal/abi.StructType
Added no value instruction: [1] *t0 = receiver: t *internal/abi.StructType
Added instruction: [2] t1 = *t0, RESULT *internal/abi.StructType
Added instruction: [3] t2 = &t1.[#0], RESULT *internal/abi.Type
Added instruction: [4] t3 = Call static (*internal/abi.Type).IfaceIndir(t2), RESULT bool
Added no value instruction: [5] return ()
FINISHED adding instructions to (*internal/abi.StructType).IfaceIndir
    entry: (predecessors:  successors:  not reachable
        [0] t0 = Alloc local info(name: t, type: *internal/abi.StructType, on stack), RESULT **internal/abi.StructType
        [1] *t0 = receiver: t *internal/abi.StructType
        [2] t1 = *t0, RESULT *internal/abi.StructType
        [3] t2 = &t1.[#0], RESULT *internal/abi.Type
        [4] t3 = Call static (*internal/abi.Type).IfaceIndir(t2), RESULT bool
        [5] return (t3)


ADDING instructions to (*internal/abi.StructType).InterfaceType
Added instruction: [0] t0 = Alloc local info(name: t, type: *internal/abi.StructType, on stack), RESULT **internal/abi.StructType
Added no value instruction: [1] *t0 = receiver: t *internal/abi.StructType
Added instruction: [2] t1 = *t0, RESULT *internal/abi.StructType
Added instruction: [3] t2 = &t1.[#0], RESULT *internal/abi.Type
Added instruction: [4] t3 = Call static (*internal/abi.Type).InterfaceType(t2), RESULT *internal/abi.InterfaceType
Added no value instruction: [5] return ()
FINISHED adding instructions to (*internal/abi.StructType).InterfaceType
    entry: (predecessors:  successors:  not reachable
        [0] t0 = Alloc local info(name: t, type: *internal/abi.StructType, on stack), RESULT **internal/abi.StructType
        [1] *t0 = receiver: t *internal/abi.StructType
        [2] t1 = *t0, RESULT *internal/abi.StructType
        [3] t2 = &t1.[#0], RESULT *internal/abi.Type
        [4] t3 = Call static (*internal/abi.Type).InterfaceType(t2), RESULT *internal/abi.InterfaceType
        [5] return (t3)


ADDING instructions to (*internal/abi.StructType).IsDirectIface
Added instruction: [0] t0 = Alloc local info(name: t, type: *internal/abi.StructType, on stack), RESULT **internal/abi.StructType
Added no value instruction: [1] *t0 = receiver: t *internal/abi.StructType
Added instruction: [2] t1 = *t0, RESULT *internal/abi.StructType
Added instruction: [3] t2 = &t1.[#0], RESULT *internal/abi.Type
Added instruction: [4] t3 = Call static (*internal/abi.Type).IsDirectIface(t2), RESULT bool
Added no value instruction: [5] return ()
FINISHED adding instructions to (*internal/abi.StructType).IsDirectIface
    entry: (predecessors:  successors:  not reachable
        [0] t0 = Alloc local info(name: t, type: *internal/abi.StructType, on stack), RESULT **internal/abi.StructType
        [1] *t0 = receiver: t *internal/abi.StructType
        [2] t1 = *t0, RESULT *internal/abi.StructType
        [3] t2 = &t1.[#0], RESULT *internal/abi.Type
        [4] t3 = Call static (*internal/abi.Type).IsDirectIface(t2), RESULT bool
        [5] return (t3)


ADDING instructions to (*internal/abi.StructType).Key
Added instruction: [0] t0 = Alloc local info(name: t, type: *internal/abi.StructType, on stack), RESULT **internal/abi.StructType
Added no value instruction: [1] *t0 = receiver: t *internal/abi.StructType
Added instruction: [2] t1 = *t0, RESULT *internal/abi.StructType
Added instruction: [3] t2 = &t1.[#0], RESULT *internal/abi.Type
Added instruction: [4] t3 = Call static (*internal/abi.Type).Key(t2), RESULT *internal/abi.Type
Added no value instruction: [5] return ()
FINISHED adding instructions to (*internal/abi.StructType).Key
    entry: (predecessors:  successors:  not reachable
        [0] t0 = Alloc local info(name: t, type: *internal/abi.StructType, on stack), RESULT **internal/abi.StructType
        [1] *t0 = receiver: t *internal/abi.StructType
        [2] t1 = *t0, RESULT *internal/abi.StructType
        [3] t2 = &t1.[#0], RESULT *internal/abi.Type
        [4] t3 = Call static (*internal/abi.Type).Key(t2), RESULT *internal/abi.Type
        [5] return (t3)


ADDING instructions to (*internal/abi.StructType).Kind
Added instruction: [0] t0 = Alloc local info(name: t, type: *internal/abi.StructType, on stack), RESULT **internal/abi.StructType
Added no value instruction: [1] *t0 = receiver: t *internal/abi.StructType
Added instruction: [2] t1 = *t0, RESULT *internal/abi.StructType
Added instruction: [3] t2 = &t1.[#0], RESULT *internal/abi.Type
Added instruction: [4] t3 = Call static (*internal/abi.Type).Kind(t2), RESULT internal/abi.Kind
Added no value instruction: [5] return ()
FINISHED adding instructions to (*internal/abi.StructType).Kind
    entry: (predecessors:  successors:  not reachable
        [0] t0 = Alloc local info(name: t, type: *internal/abi.StructType, on stack), RESULT **internal/abi.StructType
        [1] *t0 = receiver: t *internal/abi.StructType
        [2] t1 = *t0, RESULT *internal/abi.StructType
        [3] t2 = &t1.[#0], RESULT *internal/abi.Type
        [4] t3 = Call static (*internal/abi.Type).Kind(t2), RESULT internal/abi.Kind
        [5] return (t3)


ADDING instructions to (*internal/abi.StructType).Len
Added instruction: [0] t0 = Alloc local info(name: t, type: *internal/abi.StructType, on stack), RESULT **internal/abi.StructType
Added no value instruction: [1] *t0 = receiver: t *internal/abi.StructType
Added instruction: [2] t1 = *t0, RESULT *internal/abi.StructType
Added instruction: [3] t2 = &t1.[#0], RESULT *internal/abi.Type
Added instruction: [4] t3 = Call static (*internal/abi.Type).Len(t2), RESULT int
Added no value instruction: [5] return ()
FINISHED adding instructions to (*internal/abi.StructType).Len
    entry: (predecessors:  successors:  not reachable
        [0] t0 = Alloc local info(name: t, type: *internal/abi.StructType, on stack), RESULT **internal/abi.StructType
        [1] *t0 = receiver: t *internal/abi.StructType
        [2] t1 = *t0, RESULT *internal/abi.StructType
        [3] t2 = &t1.[#0], RESULT *internal/abi.Type
        [4] t3 = Call static (*internal/abi.Type).Len(t2), RESULT int
        [5] return (t3)


ADDING instructions to (*internal/abi.StructType).MapType
Added instruction: [0] t0 = Alloc local info(name: t, type: *internal/abi.StructType, on stack), RESULT **internal/abi.StructType
Added no value instruction: [1] *t0 = receiver: t *internal/abi.StructType
Added instruction: [2] t1 = *t0, RESULT *internal/abi.StructType
Added instruction: [3] t2 = &t1.[#0], RESULT *internal/abi.Type
Added instruction: [4] t3 = Call static (*internal/abi.Type).MapType(t2), RESULT *internal/abi.SwissMapType
Added no value instruction: [5] return ()
FINISHED adding instructions to (*internal/abi.StructType).MapType
    entry: (predecessors:  successors:  not reachable
        [0] t0 = Alloc local info(name: t, type: *internal/abi.StructType, on stack), RESULT **internal/abi.StructType
        [1] *t0 = receiver: t *internal/abi.StructType
        [2] t1 = *t0, RESULT *internal/abi.StructType
        [3] t2 = &t1.[#0], RESULT *internal/abi.Type
        [4] t3 = Call static (*internal/abi.Type).MapType(t2), RESULT *internal/abi.SwissMapType
        [5] return (t3)


ADDING instructions to (*internal/abi.StructType).NumMethod
Added instruction: [0] t0 = Alloc local info(name: t, type: *internal/abi.StructType, on stack), RESULT **internal/abi.StructType
Added no value instruction: [1] *t0 = receiver: t *internal/abi.StructType
Added instruction: [2] t1 = *t0, RESULT *internal/abi.StructType
Added instruction: [3] t2 = &t1.[#0], RESULT *internal/abi.Type
Added instruction: [4] t3 = Call static (*internal/abi.Type).NumMethod(t2), RESULT int
Added no value instruction: [5] return ()
FINISHED adding instructions to (*internal/abi.StructType).NumMethod
    entry: (predecessors:  successors:  not reachable
        [0] t0 = Alloc local info(name: t, type: *internal/abi.StructType, on stack), RESULT **internal/abi.StructType
        [1] *t0 = receiver: t *internal/abi.StructType
        [2] t1 = *t0, RESULT *internal/abi.StructType
        [3] t2 = &t1.[#0], RESULT *internal/abi.Type
        [4] t3 = Call static (*internal/abi.Type).NumMethod(t2), RESULT int
        [5] return (t3)


ADDING instructions to (*internal/abi.StructType).Pointers
Added instruction: [0] t0 = Alloc local info(name: t, type: *internal/abi.StructType, on stack), RESULT **internal/abi.StructType
Added no value instruction: [1] *t0 = receiver: t *internal/abi.StructType
Added instruction: [2] t1 = *t0, RESULT *internal/abi.StructType
Added instruction: [3] t2 = &t1.[#0], RESULT *internal/abi.Type
Added instruction: [4] t3 = Call static (*internal/abi.Type).Pointers(t2), RESULT bool
Added no value instruction: [5] return ()
FINISHED adding instructions to (*internal/abi.StructType).Pointers
    entry: (predecessors:  successors:  not reachable
        [0] t0 = Alloc local info(name: t, type: *internal/abi.StructType, on stack), RESULT **internal/abi.StructType
        [1] *t0 = receiver: t *internal/abi.StructType
        [2] t1 = *t0, RESULT *internal/abi.StructType
        [3] t2 = &t1.[#0], RESULT *internal/abi.Type
        [4] t3 = Call static (*internal/abi.Type).Pointers(t2), RESULT bool
        [5] return (t3)


ADDING instructions to (*internal/abi.StructType).Size
Added instruction: [0] t0 = Alloc local info(name: t, type: *internal/abi.StructType, on stack), RESULT **internal/abi.StructType
Added no value instruction: [1] *t0 = receiver: t *internal/abi.StructType
Added instruction: [2] t1 = *t0, RESULT *internal/abi.StructType
Added instruction: [3] t2 = &t1.[#0], RESULT *internal/abi.Type
Added instruction: [4] t3 = Call static (*internal/abi.Type).Size(t2), RESULT uintptr
Added no value instruction: [5] return ()
FINISHED adding instructions to (*internal/abi.StructType).Size
    entry: (predecessors:  successors:  not reachable
        [0] t0 = Alloc local info(name: t, type: *internal/abi.StructType, on stack), RESULT **internal/abi.StructType
        [1] *t0 = receiver: t *internal/abi.StructType
        [2] t1 = *t0, RESULT *internal/abi.StructType
        [3] t2 = &t1.[#0], RESULT *internal/abi.Type
        [4] t3 = Call static (*internal/abi.Type).Size(t2), RESULT uintptr
        [5] return (t3)


ADDING instructions to (*internal/abi.StructType).StructType
Added instruction: [0] t0 = Alloc local info(name: t, type: *internal/abi.StructType, on stack), RESULT **internal/abi.StructType
Added no value instruction: [1] *t0 = receiver: t *internal/abi.StructType
Added instruction: [2] t1 = *t0, RESULT *internal/abi.StructType
Added instruction: [3] t2 = &t1.[#0], RESULT *internal/abi.Type
Added instruction: [4] t3 = Call static (*internal/abi.Type).StructType(t2), RESULT *internal/abi.StructType
Added no value instruction: [5] return ()
FINISHED adding instructions to (*internal/abi.StructType).StructType
    entry: (predecessors:  successors:  not reachable
        [0] t0 = Alloc local info(name: t, type: *internal/abi.StructType, on stack), RESULT **internal/abi.StructType
        [1] *t0 = receiver: t *internal/abi.StructType
        [2] t1 = *t0, RESULT *internal/abi.StructType
        [3] t2 = &t1.[#0], RESULT *internal/abi.Type
        [4] t3 = Call static (*internal/abi.Type).StructType(t2), RESULT *internal/abi.StructType
        [5] return (t3)


ADDING instructions to (*internal/abi.StructType).Uncommon
Added instruction: [0] t0 = Alloc local info(name: t, type: *internal/abi.StructType, on stack), RESULT **internal/abi.StructType
Added no value instruction: [1] *t0 = receiver: t *internal/abi.StructType
Added instruction: [2] t1 = *t0, RESULT *internal/abi.StructType
Added instruction: [3] t2 = &t1.[#0], RESULT *internal/abi.Type
Added instruction: [4] t3 = Call static (*internal/abi.Type).Uncommon(t2), RESULT *internal/abi.UncommonType
Added no value instruction: [5] return ()
FINISHED adding instructions to (*internal/abi.StructType).Uncommon
    entry: (predecessors:  successors:  not reachable
        [0] t0 = Alloc local info(name: t, type: *internal/abi.StructType, on stack), RESULT **internal/abi.StructType
        [1] *t0 = receiver: t *internal/abi.StructType
        [2] t1 = *t0, RESULT *internal/abi.StructType
        [3] t2 = &t1.[#0], RESULT *internal/abi.Type
        [4] t3 = Call static (*internal/abi.Type).Uncommon(t2), RESULT *internal/abi.UncommonType
        [5] return (t3)


ADDING instructions to (*internal/abi.SwissMapType).Align
Creating type **internal/abi.SwissMapType(774)
Base of just created pointer type is *internal/abi.SwissMapType(84)
Added instruction: [0] t0 = Alloc local info(name: t, type: *internal/abi.SwissMapType, on stack), RESULT **internal/abi.SwissMapType
Added no value instruction: [1] *t0 = receiver: t *internal/abi.SwissMapType
Added instruction: [2] t1 = *t0, RESULT *internal/abi.SwissMapType
Added instruction: [3] t2 = &t1.[#0], RESULT *internal/abi.Type
Added instruction: [4] t3 = Call static (*internal/abi.Type).Align(t2), RESULT int
Added no value instruction: [5] return ()
FINISHED adding instructions to (*internal/abi.SwissMapType).Align
    entry: (predecessors:  successors:  not reachable
        [0] t0 = Alloc local info(name: t, type: *internal/abi.SwissMapType, on stack), RESULT **internal/abi.SwissMapType
        [1] *t0 = receiver: t *internal/abi.SwissMapType
        [2] t1 = *t0, RESULT *internal/abi.SwissMapType
        [3] t2 = &t1.[#0], RESULT *internal/abi.Type
        [4] t3 = Call static (*internal/abi.Type).Align(t2), RESULT int
        [5] return (t3)


ADDING instructions to (*internal/abi.SwissMapType).ArrayType
Added instruction: [0] t0 = Alloc local info(name: t, type: *internal/abi.SwissMapType, on stack), RESULT **internal/abi.SwissMapType
Added no value instruction: [1] *t0 = receiver: t *internal/abi.SwissMapType
Added instruction: [2] t1 = *t0, RESULT *internal/abi.SwissMapType
Added instruction: [3] t2 = &t1.[#0], RESULT *internal/abi.Type
Added instruction: [4] t3 = Call static (*internal/abi.Type).ArrayType(t2), RESULT *internal/abi.ArrayType
Added no value instruction: [5] return ()
FINISHED adding instructions to (*internal/abi.SwissMapType).ArrayType
    entry: (predecessors:  successors:  not reachable
        [0] t0 = Alloc local info(name: t, type: *internal/abi.SwissMapType, on stack), RESULT **internal/abi.SwissMapType
        [1] *t0 = receiver: t *internal/abi.SwissMapType
        [2] t1 = *t0, RESULT *internal/abi.SwissMapType
        [3] t2 = &t1.[#0], RESULT *internal/abi.Type
        [4] t3 = Call static (*internal/abi.Type).ArrayType(t2), RESULT *internal/abi.ArrayType
        [5] return (t3)


ADDING instructions to (*internal/abi.SwissMapType).ChanDir
Added instruction: [0] t0 = Alloc local info(name: t, type: *internal/abi.SwissMapType, on stack), RESULT **internal/abi.SwissMapType
Added no value instruction: [1] *t0 = receiver: t *internal/abi.SwissMapType
Added instruction: [2] t1 = *t0, RESULT *internal/abi.SwissMapType
Added instruction: [3] t2 = &t1.[#0], RESULT *internal/abi.Type
Added instruction: [4] t3 = Call static (*internal/abi.Type).ChanDir(t2), RESULT internal/abi.ChanDir
Added no value instruction: [5] return ()
FINISHED adding instructions to (*internal/abi.SwissMapType).ChanDir
    entry: (predecessors:  successors:  not reachable
        [0] t0 = Alloc local info(name: t, type: *internal/abi.SwissMapType, on stack), RESULT **internal/abi.SwissMapType
        [1] *t0 = receiver: t *internal/abi.SwissMapType
        [2] t1 = *t0, RESULT *internal/abi.SwissMapType
        [3] t2 = &t1.[#0], RESULT *internal/abi.Type
        [4] t3 = Call static (*internal/abi.Type).ChanDir(t2), RESULT internal/abi.ChanDir
        [5] return (t3)


ADDING instructions to (*internal/abi.SwissMapType).Common
Added instruction: [0] t0 = Alloc local info(name: t, type: *internal/abi.SwissMapType, on stack), RESULT **internal/abi.SwissMapType
Added no value instruction: [1] *t0 = receiver: t *internal/abi.SwissMapType
Added instruction: [2] t1 = *t0, RESULT *internal/abi.SwissMapType
Added instruction: [3] t2 = &t1.[#0], RESULT *internal/abi.Type
Added instruction: [4] t3 = Call static (*internal/abi.Type).Common(t2), RESULT *internal/abi.Type
Added no value instruction: [5] return ()
FINISHED adding instructions to (*internal/abi.SwissMapType).Common
    entry: (predecessors:  successors:  not reachable
        [0] t0 = Alloc local info(name: t, type: *internal/abi.SwissMapType, on stack), RESULT **internal/abi.SwissMapType
        [1] *t0 = receiver: t *internal/abi.SwissMapType
        [2] t1 = *t0, RESULT *internal/abi.SwissMapType
        [3] t2 = &t1.[#0], RESULT *internal/abi.Type
        [4] t3 = Call static (*internal/abi.Type).Common(t2), RESULT *internal/abi.Type
        [5] return (t3)


ADDING instructions to (*internal/abi.SwissMapType).ExportedMethods
Added instruction: [0] t0 = Alloc local info(name: t, type: *internal/abi.SwissMapType, on stack), RESULT **internal/abi.SwissMapType
Added no value instruction: [1] *t0 = receiver: t *internal/abi.SwissMapType
Added instruction: [2] t1 = *t0, RESULT *internal/abi.SwissMapType
Added instruction: [3] t2 = &t1.[#0], RESULT *internal/abi.Type
Added instruction: [4] t3 = Call static (*internal/abi.Type).ExportedMethods(t2), RESULT []internal/abi.Method
Added no value instruction: [5] return ()
FINISHED adding instructions to (*internal/abi.SwissMapType).ExportedMethods
    entry: (predecessors:  successors:  not reachable
        [0] t0 = Alloc local info(name: t, type: *internal/abi.SwissMapType, on stack), RESULT **internal/abi.SwissMapType
        [1] *t0 = receiver: t *internal/abi.SwissMapType
        [2] t1 = *t0, RESULT *internal/abi.SwissMapType
        [3] t2 = &t1.[#0], RESULT *internal/abi.Type
        [4] t3 = Call static (*internal/abi.Type).ExportedMethods(t2), RESULT []internal/abi.Method
        [5] return (t3)


ADDING instructions to (*internal/abi.SwissMapType).FieldAlign
Added instruction: [0] t0 = Alloc local info(name: t, type: *internal/abi.SwissMapType, on stack), RESULT **internal/abi.SwissMapType
Added no value instruction: [1] *t0 = receiver: t *internal/abi.SwissMapType
Added instruction: [2] t1 = *t0, RESULT *internal/abi.SwissMapType
Added instruction: [3] t2 = &t1.[#0], RESULT *internal/abi.Type
Added instruction: [4] t3 = Call static (*internal/abi.Type).FieldAlign(t2), RESULT int
Added no value instruction: [5] return ()
FINISHED adding instructions to (*internal/abi.SwissMapType).FieldAlign
    entry: (predecessors:  successors:  not reachable
        [0] t0 = Alloc local info(name: t, type: *internal/abi.SwissMapType, on stack), RESULT **internal/abi.SwissMapType
        [1] *t0 = receiver: t *internal/abi.SwissMapType
        [2] t1 = *t0, RESULT *internal/abi.SwissMapType
        [3] t2 = &t1.[#0], RESULT *internal/abi.Type
        [4] t3 = Call static (*internal/abi.Type).FieldAlign(t2), RESULT int
        [5] return (t3)


ADDING instructions to (*internal/abi.SwissMapType).FuncType
Added instruction: [0] t0 = Alloc local info(name: t, type: *internal/abi.SwissMapType, on stack), RESULT **internal/abi.SwissMapType
Added no value instruction: [1] *t0 = receiver: t *internal/abi.SwissMapType
Added instruction: [2] t1 = *t0, RESULT *internal/abi.SwissMapType
Added instruction: [3] t2 = &t1.[#0], RESULT *internal/abi.Type
Added instruction: [4] t3 = Call static (*internal/abi.Type).FuncType(t2), RESULT *internal/abi.FuncType
Added no value instruction: [5] return ()
FINISHED adding instructions to (*internal/abi.SwissMapType).FuncType
    entry: (predecessors:  successors:  not reachable
        [0] t0 = Alloc local info(name: t, type: *internal/abi.SwissMapType, on stack), RESULT **internal/abi.SwissMapType
        [1] *t0 = receiver: t *internal/abi.SwissMapType
        [2] t1 = *t0, RESULT *internal/abi.SwissMapType
        [3] t2 = &t1.[#0], RESULT *internal/abi.Type
        [4] t3 = Call static (*internal/abi.Type).FuncType(t2), RESULT *internal/abi.FuncType
        [5] return (t3)


ADDING instructions to (*internal/abi.SwissMapType).GcSlice
Added instruction: [0] t0 = Alloc local info(name: t, type: *internal/abi.SwissMapType, on stack), RESULT **internal/abi.SwissMapType
Added no value instruction: [1] *t0 = receiver: t *internal/abi.SwissMapType
Added instruction: [2] t1 = *t0, RESULT *internal/abi.SwissMapType
Added instruction: [3] t2 = &t1.[#0], RESULT *internal/abi.Type
Added instruction: [4] t3 = Call static (*internal/abi.Type).GcSlice(t2,parameter: begin uintptr,parameter: end uintptr), RESULT []byte
Added no value instruction: [5] return ()
FINISHED adding instructions to (*internal/abi.SwissMapType).GcSlice
    entry: (predecessors:  successors:  not reachable
        [0] t0 = Alloc local info(name: t, type: *internal/abi.SwissMapType, on stack), RESULT **internal/abi.SwissMapType
        [1] *t0 = receiver: t *internal/abi.SwissMapType
        [2] t1 = *t0, RESULT *internal/abi.SwissMapType
        [3] t2 = &t1.[#0], RESULT *internal/abi.Type
        [4] t3 = Call static (*internal/abi.Type).GcSlice(t2,parameter: begin uintptr,parameter: end uintptr), RESULT []byte
        [5] return (t3)


ADDING instructions to (*internal/abi.SwissMapType).HasName
Added instruction: [0] t0 = Alloc local info(name: t, type: *internal/abi.SwissMapType, on stack), RESULT **internal/abi.SwissMapType
Added no value instruction: [1] *t0 = receiver: t *internal/abi.SwissMapType
Added instruction: [2] t1 = *t0, RESULT *internal/abi.SwissMapType
Added instruction: [3] t2 = &t1.[#0], RESULT *internal/abi.Type
Added instruction: [4] t3 = Call static (*internal/abi.Type).HasName(t2), RESULT bool
Added no value instruction: [5] return ()
FINISHED adding instructions to (*internal/abi.SwissMapType).HasName
    entry: (predecessors:  successors:  not reachable
        [0] t0 = Alloc local info(name: t, type: *internal/abi.SwissMapType, on stack), RESULT **internal/abi.SwissMapType
        [1] *t0 = receiver: t *internal/abi.SwissMapType
        [2] t1 = *t0, RESULT *internal/abi.SwissMapType
        [3] t2 = &t1.[#0], RESULT *internal/abi.Type
        [4] t3 = Call static (*internal/abi.Type).HasName(t2), RESULT bool
        [5] return (t3)


ADDING instructions to (*internal/abi.SwissMapType).IfaceIndir
Added instruction: [0] t0 = Alloc local info(name: t, type: *internal/abi.SwissMapType, on stack), RESULT **internal/abi.SwissMapType
Added no value instruction: [1] *t0 = receiver: t *internal/abi.SwissMapType
Added instruction: [2] t1 = *t0, RESULT *internal/abi.SwissMapType
Added instruction: [3] t2 = &t1.[#0], RESULT *internal/abi.Type
Added instruction: [4] t3 = Call static (*internal/abi.Type).IfaceIndir(t2), RESULT bool
Added no value instruction: [5] return ()
FINISHED adding instructions to (*internal/abi.SwissMapType).IfaceIndir
    entry: (predecessors:  successors:  not reachable
        [0] t0 = Alloc local info(name: t, type: *internal/abi.SwissMapType, on stack), RESULT **internal/abi.SwissMapType
        [1] *t0 = receiver: t *internal/abi.SwissMapType
        [2] t1 = *t0, RESULT *internal/abi.SwissMapType
        [3] t2 = &t1.[#0], RESULT *internal/abi.Type
        [4] t3 = Call static (*internal/abi.Type).IfaceIndir(t2), RESULT bool
        [5] return (t3)


ADDING instructions to (*internal/abi.SwissMapType).InterfaceType
Added instruction: [0] t0 = Alloc local info(name: t, type: *internal/abi.SwissMapType, on stack), RESULT **internal/abi.SwissMapType
Added no value instruction: [1] *t0 = receiver: t *internal/abi.SwissMapType
Added instruction: [2] t1 = *t0, RESULT *internal/abi.SwissMapType
Added instruction: [3] t2 = &t1.[#0], RESULT *internal/abi.Type
Added instruction: [4] t3 = Call static (*internal/abi.Type).InterfaceType(t2), RESULT *internal/abi.InterfaceType
Added no value instruction: [5] return ()
FINISHED adding instructions to (*internal/abi.SwissMapType).InterfaceType
    entry: (predecessors:  successors:  not reachable
        [0] t0 = Alloc local info(name: t, type: *internal/abi.SwissMapType, on stack), RESULT **internal/abi.SwissMapType
        [1] *t0 = receiver: t *internal/abi.SwissMapType
        [2] t1 = *t0, RESULT *internal/abi.SwissMapType
        [3] t2 = &t1.[#0], RESULT *internal/abi.Type
        [4] t3 = Call static (*internal/abi.Type).InterfaceType(t2), RESULT *internal/abi.InterfaceType
        [5] return (t3)


ADDING instructions to (*internal/abi.SwissMapType).IsDirectIface
Added instruction: [0] t0 = Alloc local info(name: t, type: *internal/abi.SwissMapType, on stack), RESULT **internal/abi.SwissMapType
Added no value instruction: [1] *t0 = receiver: t *internal/abi.SwissMapType
Added instruction: [2] t1 = *t0, RESULT *internal/abi.SwissMapType
Added instruction: [3] t2 = &t1.[#0], RESULT *internal/abi.Type
Added instruction: [4] t3 = Call static (*internal/abi.Type).IsDirectIface(t2), RESULT bool
Added no value instruction: [5] return ()
FINISHED adding instructions to (*internal/abi.SwissMapType).IsDirectIface
    entry: (predecessors:  successors:  not reachable
        [0] t0 = Alloc local info(name: t, type: *internal/abi.SwissMapType, on stack), RESULT **internal/abi.SwissMapType
        [1] *t0 = receiver: t *internal/abi.SwissMapType
        [2] t1 = *t0, RESULT *internal/abi.SwissMapType
        [3] t2 = &t1.[#0], RESULT *internal/abi.Type
        [4] t3 = Call static (*internal/abi.Type).IsDirectIface(t2), RESULT bool
        [5] return (t3)


ADDING instructions to (*internal/abi.SwissMapType).Kind
Added instruction: [0] t0 = Alloc local info(name: t, type: *internal/abi.SwissMapType, on stack), RESULT **internal/abi.SwissMapType
Added no value instruction: [1] *t0 = receiver: t *internal/abi.SwissMapType
Added instruction: [2] t1 = *t0, RESULT *internal/abi.SwissMapType
Added instruction: [3] t2 = &t1.[#0], RESULT *internal/abi.Type
Added instruction: [4] t3 = Call static (*internal/abi.Type).Kind(t2), RESULT internal/abi.Kind
Added no value instruction: [5] return ()
FINISHED adding instructions to (*internal/abi.SwissMapType).Kind
    entry: (predecessors:  successors:  not reachable
        [0] t0 = Alloc local info(name: t, type: *internal/abi.SwissMapType, on stack), RESULT **internal/abi.SwissMapType
        [1] *t0 = receiver: t *internal/abi.SwissMapType
        [2] t1 = *t0, RESULT *internal/abi.SwissMapType
        [3] t2 = &t1.[#0], RESULT *internal/abi.Type
        [4] t3 = Call static (*internal/abi.Type).Kind(t2), RESULT internal/abi.Kind
        [5] return (t3)


ADDING instructions to (*internal/abi.SwissMapType).Len
Added instruction: [0] t0 = Alloc local info(name: t, type: *internal/abi.SwissMapType, on stack), RESULT **internal/abi.SwissMapType
Added no value instruction: [1] *t0 = receiver: t *internal/abi.SwissMapType
Added instruction: [2] t1 = *t0, RESULT *internal/abi.SwissMapType
Added instruction: [3] t2 = &t1.[#0], RESULT *internal/abi.Type
Added instruction: [4] t3 = Call static (*internal/abi.Type).Len(t2), RESULT int
Added no value instruction: [5] return ()
FINISHED adding instructions to (*internal/abi.SwissMapType).Len
    entry: (predecessors:  successors:  not reachable
        [0] t0 = Alloc local info(name: t, type: *internal/abi.SwissMapType, on stack), RESULT **internal/abi.SwissMapType
        [1] *t0 = receiver: t *internal/abi.SwissMapType
        [2] t1 = *t0, RESULT *internal/abi.SwissMapType
        [3] t2 = &t1.[#0], RESULT *internal/abi.Type
        [4] t3 = Call static (*internal/abi.Type).Len(t2), RESULT int
        [5] return (t3)


ADDING instructions to (*internal/abi.SwissMapType).MapType
Added instruction: [0] t0 = Alloc local info(name: t, type: *internal/abi.SwissMapType, on stack), RESULT **internal/abi.SwissMapType
Added no value instruction: [1] *t0 = receiver: t *internal/abi.SwissMapType
Added instruction: [2] t1 = *t0, RESULT *internal/abi.SwissMapType
Added instruction: [3] t2 = &t1.[#0], RESULT *internal/abi.Type
Added instruction: [4] t3 = Call static (*internal/abi.Type).MapType(t2), RESULT *internal/abi.SwissMapType
Added no value instruction: [5] return ()
FINISHED adding instructions to (*internal/abi.SwissMapType).MapType
    entry: (predecessors:  successors:  not reachable
        [0] t0 = Alloc local info(name: t, type: *internal/abi.SwissMapType, on stack), RESULT **internal/abi.SwissMapType
        [1] *t0 = receiver: t *internal/abi.SwissMapType
        [2] t1 = *t0, RESULT *internal/abi.SwissMapType
        [3] t2 = &t1.[#0], RESULT *internal/abi.Type
        [4] t3 = Call static (*internal/abi.Type).MapType(t2), RESULT *internal/abi.SwissMapType
        [5] return (t3)


ADDING instructions to (*internal/abi.SwissMapType).NumMethod
Added instruction: [0] t0 = Alloc local info(name: t, type: *internal/abi.SwissMapType, on stack), RESULT **internal/abi.SwissMapType
Added no value instruction: [1] *t0 = receiver: t *internal/abi.SwissMapType
Added instruction: [2] t1 = *t0, RESULT *internal/abi.SwissMapType
Added instruction: [3] t2 = &t1.[#0], RESULT *internal/abi.Type
Added instruction: [4] t3 = Call static (*internal/abi.Type).NumMethod(t2), RESULT int
Added no value instruction: [5] return ()
FINISHED adding instructions to (*internal/abi.SwissMapType).NumMethod
    entry: (predecessors:  successors:  not reachable
        [0] t0 = Alloc local info(name: t, type: *internal/abi.SwissMapType, on stack), RESULT **internal/abi.SwissMapType
        [1] *t0 = receiver: t *internal/abi.SwissMapType
        [2] t1 = *t0, RESULT *internal/abi.SwissMapType
        [3] t2 = &t1.[#0], RESULT *internal/abi.Type
        [4] t3 = Call static (*internal/abi.Type).NumMethod(t2), RESULT int
        [5] return (t3)


ADDING instructions to (*internal/abi.SwissMapType).Pointers
Added instruction: [0] t0 = Alloc local info(name: t, type: *internal/abi.SwissMapType, on stack), RESULT **internal/abi.SwissMapType
Added no value instruction: [1] *t0 = receiver: t *internal/abi.SwissMapType
Added instruction: [2] t1 = *t0, RESULT *internal/abi.SwissMapType
Added instruction: [3] t2 = &t1.[#0], RESULT *internal/abi.Type
Added instruction: [4] t3 = Call static (*internal/abi.Type).Pointers(t2), RESULT bool
Added no value instruction: [5] return ()
FINISHED adding instructions to (*internal/abi.SwissMapType).Pointers
    entry: (predecessors:  successors:  not reachable
        [0] t0 = Alloc local info(name: t, type: *internal/abi.SwissMapType, on stack), RESULT **internal/abi.SwissMapType
        [1] *t0 = receiver: t *internal/abi.SwissMapType
        [2] t1 = *t0, RESULT *internal/abi.SwissMapType
        [3] t2 = &t1.[#0], RESULT *internal/abi.Type
        [4] t3 = Call static (*internal/abi.Type).Pointers(t2), RESULT bool
        [5] return (t3)


ADDING instructions to (*internal/abi.SwissMapType).Size
Added instruction: [0] t0 = Alloc local info(name: t, type: *internal/abi.SwissMapType, on stack), RESULT **internal/abi.SwissMapType
Added no value instruction: [1] *t0 = receiver: t *internal/abi.SwissMapType
Added instruction: [2] t1 = *t0, RESULT *internal/abi.SwissMapType
Added instruction: [3] t2 = &t1.[#0], RESULT *internal/abi.Type
Added instruction: [4] t3 = Call static (*internal/abi.Type).Size(t2), RESULT uintptr
Added no value instruction: [5] return ()
FINISHED adding instructions to (*internal/abi.SwissMapType).Size
    entry: (predecessors:  successors:  not reachable
        [0] t0 = Alloc local info(name: t, type: *internal/abi.SwissMapType, on stack), RESULT **internal/abi.SwissMapType
        [1] *t0 = receiver: t *internal/abi.SwissMapType
        [2] t1 = *t0, RESULT *internal/abi.SwissMapType
        [3] t2 = &t1.[#0], RESULT *internal/abi.Type
        [4] t3 = Call static (*internal/abi.Type).Size(t2), RESULT uintptr
        [5] return (t3)


ADDING instructions to (*internal/abi.SwissMapType).StructType
Added instruction: [0] t0 = Alloc local info(name: t, type: *internal/abi.SwissMapType, on stack), RESULT **internal/abi.SwissMapType
Added no value instruction: [1] *t0 = receiver: t *internal/abi.SwissMapType
Added instruction: [2] t1 = *t0, RESULT *internal/abi.SwissMapType
Added instruction: [3] t2 = &t1.[#0], RESULT *internal/abi.Type
Added instruction: [4] t3 = Call static (*internal/abi.Type).StructType(t2), RESULT *internal/abi.StructType
Added no value instruction: [5] return ()
FINISHED adding instructions to (*internal/abi.SwissMapType).StructType
    entry: (predecessors:  successors:  not reachable
        [0] t0 = Alloc local info(name: t, type: *internal/abi.SwissMapType, on stack), RESULT **internal/abi.SwissMapType
        [1] *t0 = receiver: t *internal/abi.SwissMapType
        [2] t1 = *t0, RESULT *internal/abi.SwissMapType
        [3] t2 = &t1.[#0], RESULT *internal/abi.Type
        [4] t3 = Call static (*internal/abi.Type).StructType(t2), RESULT *internal/abi.StructType
        [5] return (t3)


ADDING instructions to (*internal/abi.SwissMapType).Uncommon
Added instruction: [0] t0 = Alloc local info(name: t, type: *internal/abi.SwissMapType, on stack), RESULT **internal/abi.SwissMapType
Added no value instruction: [1] *t0 = receiver: t *internal/abi.SwissMapType
Added instruction: [2] t1 = *t0, RESULT *internal/abi.SwissMapType
Added instruction: [3] t2 = &t1.[#0], RESULT *internal/abi.Type
Added instruction: [4] t3 = Call static (*internal/abi.Type).Uncommon(t2), RESULT *internal/abi.UncommonType
Added no value instruction: [5] return ()
FINISHED adding instructions to (*internal/abi.SwissMapType).Uncommon
    entry: (predecessors:  successors:  not reachable
        [0] t0 = Alloc local info(name: t, type: *internal/abi.SwissMapType, on stack), RESULT **internal/abi.SwissMapType
        [1] *t0 = receiver: t *internal/abi.SwissMapType
        [2] t1 = *t0, RESULT *internal/abi.SwissMapType
        [3] t2 = &t1.[#0], RESULT *internal/abi.Type
        [4] t3 = Call static (*internal/abi.Type).Uncommon(t2), RESULT *internal/abi.UncommonType
        [5] return (t3)


ADDING instructions to (*internal/poll.FD).init
Creating type **internal/poll.FD(775)
Base of just created pointer type is *internal/poll.FD(305)
Added instruction: [0] t0 = Alloc local info(name: s, type: *internal/poll.FD, on stack), RESULT **internal/poll.FD
Added no value instruction: [1] *t0 = receiver: s *internal/poll.FD
Added instruction: [2] t1 = *t0, RESULT *internal/poll.FD
Creating type *internal/poll.SysFile(776)
Base of just created pointer type is internal/poll.SysFile(297)
Added instruction: [3] t2 = &t1.[#2], RESULT *internal/poll.SysFile
Creating type go-func-(777)
Creating function (*internal/poll.SysFile).init with type go-func-777(777)
Adding bound method init((*internal/poll.SysFile).init) to type internal/poll.SysFile
Added instruction: [4] t3 = Call static (*internal/poll.SysFile).init(t2), RESULT void
Added no value instruction: [5] return ()
FINISHED adding instructions to (*internal/poll.FD).init
    entry: (predecessors:  successors:  not reachable
        [0] t0 = Alloc local info(name: s, type: *internal/poll.FD, on stack), RESULT **internal/poll.FD
        [1] *t0 = receiver: s *internal/poll.FD
        [2] t1 = *t0, RESULT *internal/poll.FD
        [3] t2 = &t1.[#2], RESULT *internal/poll.SysFile
        [4] t3 = Call static (*internal/poll.SysFile).init(t2), RESULT void
        [5] return ()


ADDING instructions to (*internal/reflectlite.Value).CanSet
Creating type **internal/reflectlite.Value(778)
Base of just created pointer type is *internal/reflectlite.Value(310)
Added instruction: [0] t0 = Alloc local info(name: v, type: *internal/reflectlite.Value, on stack), RESULT **internal/reflectlite.Value
Added no value instruction: [1] *t0 = receiver: v *internal/reflectlite.Value
Added instruction: [2] t1 = *t0, RESULT *internal/reflectlite.Value
Added instruction: [3] t2 = Call builtin (t1,'internal/reflectlite.Value' :-go-string-,'CanSet' :-go-string-), RESULT *internal/reflectlite.Value
Added instruction: [4] t3 = *t2, RESULT internal/reflectlite.Value{
    typ_ *internal/abi.Type
    ptr unsafe.Pointer
    flag internal/reflectlite.flag
}

Creating type go-func-(779)
Creating function (internal/reflectlite.Value).CanSet with type go-func-779(779)
Replacing existing synthetic bound method with concrete bound method
Added instruction: [5] t4 = Call static (internal/reflectlite.Value).CanSet(t3), RESULT bool
Added no value instruction: [6] return ()
FINISHED adding instructions to (*internal/reflectlite.Value).CanSet
    entry: (predecessors:  successors:  not reachable
        [0] t0 = Alloc local info(name: v, type: *internal/reflectlite.Value, on stack), RESULT **internal/reflectlite.Value
        [1] *t0 = receiver: v *internal/reflectlite.Value
        [2] t1 = *t0, RESULT *internal/reflectlite.Value
        [3] t2 = Call builtin (t1,'internal/reflectlite.Value' :-go-string-,'CanSet' :-go-string-), RESULT *internal/reflectlite.Value
        [4] t3 = *t2, RESULT internal/reflectlite.Value{
    typ_ *internal/abi.Type
    ptr unsafe.Pointer
    flag internal/reflectlite.flag
}

        [5] t4 = Call static (internal/reflectlite.Value).CanSet(t3), RESULT bool
        [6] return (t4)


ADDING instructions to (*internal/reflectlite.Value).Elem
Added instruction: [0] t0 = Alloc local info(name: v, type: *internal/reflectlite.Value, on stack), RESULT **internal/reflectlite.Value
Added no value instruction: [1] *t0 = receiver: v *internal/reflectlite.Value
Added instruction: [2] t1 = *t0, RESULT *internal/reflectlite.Value
Added instruction: [3] t2 = Call builtin (t1,'internal/reflectlite.Value' :-go-string-,'Elem' :-go-string-), RESULT *internal/reflectlite.Value
Added instruction: [4] t3 = *t2, RESULT internal/reflectlite.Value{
    typ_ *internal/abi.Type
    ptr unsafe.Pointer
    flag internal/reflectlite.flag
}

Creating type go-func-(780)
Creating function (internal/reflectlite.Value).Elem with type go-func-780(780)
Replacing existing synthetic bound method with concrete bound method
Added instruction: [5] t4 = Call static (internal/reflectlite.Value).Elem(t3), RESULT internal/reflectlite.Value{
    typ_ *internal/abi.Type
    ptr unsafe.Pointer
    flag internal/reflectlite.flag
}

Added no value instruction: [6] return ()
FINISHED adding instructions to (*internal/reflectlite.Value).Elem
    entry: (predecessors:  successors:  not reachable
        [0] t0 = Alloc local info(name: v, type: *internal/reflectlite.Value, on stack), RESULT **internal/reflectlite.Value
        [1] *t0 = receiver: v *internal/reflectlite.Value
        [2] t1 = *t0, RESULT *internal/reflectlite.Value
        [3] t2 = Call builtin (t1,'internal/reflectlite.Value' :-go-string-,'Elem' :-go-string-), RESULT *internal/reflectlite.Value
        [4] t3 = *t2, RESULT internal/reflectlite.Value{
    typ_ *internal/abi.Type
    ptr unsafe.Pointer
    flag internal/reflectlite.flag
}

        [5] t4 = Call static (internal/reflectlite.Value).Elem(t3), RESULT internal/reflectlite.Value{
    typ_ *internal/abi.Type
    ptr unsafe.Pointer
    flag internal/reflectlite.flag
}

        [6] return (t4)


ADDING instructions to (*internal/reflectlite.Value).IsNil
Added instruction: [0] t0 = Alloc local info(name: v, type: *internal/reflectlite.Value, on stack), RESULT **internal/reflectlite.Value
Added no value instruction: [1] *t0 = receiver: v *internal/reflectlite.Value
Added instruction: [2] t1 = *t0, RESULT *internal/reflectlite.Value
Added instruction: [3] t2 = Call builtin (t1,'internal/reflectlite.Value' :-go-string-,'IsNil' :-go-string-), RESULT *internal/reflectlite.Value
Added instruction: [4] t3 = *t2, RESULT internal/reflectlite.Value{
    typ_ *internal/abi.Type
    ptr unsafe.Pointer
    flag internal/reflectlite.flag
}

Creating type go-func-(781)
Creating function (internal/reflectlite.Value).IsNil with type go-func-781(781)
Replacing existing synthetic bound method with concrete bound method
Added instruction: [5] t4 = Call static (internal/reflectlite.Value).IsNil(t3), RESULT bool
Added no value instruction: [6] return ()
FINISHED adding instructions to (*internal/reflectlite.Value).IsNil
    entry: (predecessors:  successors:  not reachable
        [0] t0 = Alloc local info(name: v, type: *internal/reflectlite.Value, on stack), RESULT **internal/reflectlite.Value
        [1] *t0 = receiver: v *internal/reflectlite.Value
        [2] t1 = *t0, RESULT *internal/reflectlite.Value
        [3] t2 = Call builtin (t1,'internal/reflectlite.Value' :-go-string-,'IsNil' :-go-string-), RESULT *internal/reflectlite.Value
        [4] t3 = *t2, RESULT internal/reflectlite.Value{
    typ_ *internal/abi.Type
    ptr unsafe.Pointer
    flag internal/reflectlite.flag
}

        [5] t4 = Call static (internal/reflectlite.Value).IsNil(t3), RESULT bool
        [6] return (t4)


ADDING instructions to (*internal/reflectlite.Value).IsValid
Added instruction: [0] t0 = Alloc local info(name: v, type: *internal/reflectlite.Value, on stack), RESULT **internal/reflectlite.Value
Added no value instruction: [1] *t0 = receiver: v *internal/reflectlite.Value
Added instruction: [2] t1 = *t0, RESULT *internal/reflectlite.Value
Added instruction: [3] t2 = Call builtin (t1,'internal/reflectlite.Value' :-go-string-,'IsValid' :-go-string-), RESULT *internal/reflectlite.Value
Added instruction: [4] t3 = *t2, RESULT internal/reflectlite.Value{
    typ_ *internal/abi.Type
    ptr unsafe.Pointer
    flag internal/reflectlite.flag
}

Creating type go-func-(782)
Creating function (internal/reflectlite.Value).IsValid with type go-func-782(782)
Replacing existing synthetic bound method with concrete bound method
Added instruction: [5] t4 = Call static (internal/reflectlite.Value).IsValid(t3), RESULT bool
Added no value instruction: [6] return ()
FINISHED adding instructions to (*internal/reflectlite.Value).IsValid
    entry: (predecessors:  successors:  not reachable
        [0] t0 = Alloc local info(name: v, type: *internal/reflectlite.Value, on stack), RESULT **internal/reflectlite.Value
        [1] *t0 = receiver: v *internal/reflectlite.Value
        [2] t1 = *t0, RESULT *internal/reflectlite.Value
        [3] t2 = Call builtin (t1,'internal/reflectlite.Value' :-go-string-,'IsValid' :-go-string-), RESULT *internal/reflectlite.Value
        [4] t3 = *t2, RESULT internal/reflectlite.Value{
    typ_ *internal/abi.Type
    ptr unsafe.Pointer
    flag internal/reflectlite.flag
}

        [5] t4 = Call static (internal/reflectlite.Value).IsValid(t3), RESULT bool
        [6] return (t4)


ADDING instructions to (*internal/reflectlite.Value).Kind
Added instruction: [0] t0 = Alloc local info(name: v, type: *internal/reflectlite.Value, on stack), RESULT **internal/reflectlite.Value
Added no value instruction: [1] *t0 = receiver: v *internal/reflectlite.Value
Added instruction: [2] t1 = *t0, RESULT *internal/reflectlite.Value
Added instruction: [3] t2 = Call builtin (t1,'internal/reflectlite.Value' :-go-string-,'Kind' :-go-string-), RESULT *internal/reflectlite.Value
Added instruction: [4] t3 = *t2, RESULT internal/reflectlite.Value{
    typ_ *internal/abi.Type
    ptr unsafe.Pointer
    flag internal/reflectlite.flag
}

Creating type go-func-(783)
Creating function (internal/reflectlite.Value).Kind with type go-func-783(783)
Replacing existing synthetic bound method with concrete bound method
Added instruction: [5] t4 = Call static (internal/reflectlite.Value).Kind(t3), RESULT internal/abi.Kind
Added no value instruction: [6] return ()
FINISHED adding instructions to (*internal/reflectlite.Value).Kind
    entry: (predecessors:  successors:  not reachable
        [0] t0 = Alloc local info(name: v, type: *internal/reflectlite.Value, on stack), RESULT **internal/reflectlite.Value
        [1] *t0 = receiver: v *internal/reflectlite.Value
        [2] t1 = *t0, RESULT *internal/reflectlite.Value
        [3] t2 = Call builtin (t1,'internal/reflectlite.Value' :-go-string-,'Kind' :-go-string-), RESULT *internal/reflectlite.Value
        [4] t3 = *t2, RESULT internal/reflectlite.Value{
    typ_ *internal/abi.Type
    ptr unsafe.Pointer
    flag internal/reflectlite.flag
}

        [5] t4 = Call static (internal/reflectlite.Value).Kind(t3), RESULT internal/abi.Kind
        [6] return (t4)


ADDING instructions to (*internal/reflectlite.Value).Len
Added instruction: [0] t0 = Alloc local info(name: v, type: *internal/reflectlite.Value, on stack), RESULT **internal/reflectlite.Value
Added no value instruction: [1] *t0 = receiver: v *internal/reflectlite.Value
Added instruction: [2] t1 = *t0, RESULT *internal/reflectlite.Value
Added instruction: [3] t2 = Call builtin (t1,'internal/reflectlite.Value' :-go-string-,'Len' :-go-string-), RESULT *internal/reflectlite.Value
Added instruction: [4] t3 = *t2, RESULT internal/reflectlite.Value{
    typ_ *internal/abi.Type
    ptr unsafe.Pointer
    flag internal/reflectlite.flag
}

Creating type go-func-(784)
Creating function (internal/reflectlite.Value).Len with type go-func-784(784)
Replacing existing synthetic bound method with concrete bound method
Added instruction: [5] t4 = Call static (internal/reflectlite.Value).Len(t3), RESULT int
Added no value instruction: [6] return ()
FINISHED adding instructions to (*internal/reflectlite.Value).Len
    entry: (predecessors:  successors:  not reachable
        [0] t0 = Alloc local info(name: v, type: *internal/reflectlite.Value, on stack), RESULT **internal/reflectlite.Value
        [1] *t0 = receiver: v *internal/reflectlite.Value
        [2] t1 = *t0, RESULT *internal/reflectlite.Value
        [3] t2 = Call builtin (t1,'internal/reflectlite.Value' :-go-string-,'Len' :-go-string-), RESULT *internal/reflectlite.Value
        [4] t3 = *t2, RESULT internal/reflectlite.Value{
    typ_ *internal/abi.Type
    ptr unsafe.Pointer
    flag internal/reflectlite.flag
}

        [5] t4 = Call static (internal/reflectlite.Value).Len(t3), RESULT int
        [6] return (t4)


ADDING instructions to (*internal/reflectlite.Value).Set
Added instruction: [0] t0 = Alloc local info(name: v, type: *internal/reflectlite.Value, on stack), RESULT **internal/reflectlite.Value
Added no value instruction: [1] *t0 = receiver: v *internal/reflectlite.Value
Added instruction: [2] t1 = *t0, RESULT *internal/reflectlite.Value
Added instruction: [3] t2 = Call builtin (t1,'internal/reflectlite.Value' :-go-string-,'Set' :-go-string-), RESULT *internal/reflectlite.Value
Added instruction: [4] t3 = *t2, RESULT internal/reflectlite.Value{
    typ_ *internal/abi.Type
    ptr unsafe.Pointer
    flag internal/reflectlite.flag
}

Creating type go-func-(785)
Creating function (internal/reflectlite.Value).Set with type go-func-785(785)
Replacing existing synthetic bound method with concrete bound method
Added instruction: [5] t4 = Call static (internal/reflectlite.Value).Set(t3,parameter: x internal/reflectlite.Value), RESULT void
Added no value instruction: [6] return ()
FINISHED adding instructions to (*internal/reflectlite.Value).Set
    entry: (predecessors:  successors:  not reachable
        [0] t0 = Alloc local info(name: v, type: *internal/reflectlite.Value, on stack), RESULT **internal/reflectlite.Value
        [1] *t0 = receiver: v *internal/reflectlite.Value
        [2] t1 = *t0, RESULT *internal/reflectlite.Value
        [3] t2 = Call builtin (t1,'internal/reflectlite.Value' :-go-string-,'Set' :-go-string-), RESULT *internal/reflectlite.Value
        [4] t3 = *t2, RESULT internal/reflectlite.Value{
    typ_ *internal/abi.Type
    ptr unsafe.Pointer
    flag internal/reflectlite.flag
}

        [5] t4 = Call static (internal/reflectlite.Value).Set(t3,parameter: x internal/reflectlite.Value), RESULT void
        [6] return ()


ADDING instructions to (*internal/reflectlite.Value).Type
Added instruction: [0] t0 = Alloc local info(name: v, type: *internal/reflectlite.Value, on stack), RESULT **internal/reflectlite.Value
Added no value instruction: [1] *t0 = receiver: v *internal/reflectlite.Value
Added instruction: [2] t1 = *t0, RESULT *internal/reflectlite.Value
Added instruction: [3] t2 = Call builtin (t1,'internal/reflectlite.Value' :-go-string-,'Type' :-go-string-), RESULT *internal/reflectlite.Value
Added instruction: [4] t3 = *t2, RESULT internal/reflectlite.Value{
    typ_ *internal/abi.Type
    ptr unsafe.Pointer
    flag internal/reflectlite.flag
}

Creating type go-func-(786)
Creating function (internal/reflectlite.Value).Type with type go-func-786(786)
Replacing existing synthetic bound method with concrete bound method
Added instruction: [5] t4 = Call static (internal/reflectlite.Value).Type(t3), RESULT internal/reflectlite.Type
Added no value instruction: [6] return ()
FINISHED adding instructions to (*internal/reflectlite.Value).Type
    entry: (predecessors:  successors:  not reachable
        [0] t0 = Alloc local info(name: v, type: *internal/reflectlite.Value, on stack), RESULT **internal/reflectlite.Value
        [1] *t0 = receiver: v *internal/reflectlite.Value
        [2] t1 = *t0, RESULT *internal/reflectlite.Value
        [3] t2 = Call builtin (t1,'internal/reflectlite.Value' :-go-string-,'Type' :-go-string-), RESULT *internal/reflectlite.Value
        [4] t3 = *t2, RESULT internal/reflectlite.Value{
    typ_ *internal/abi.Type
    ptr unsafe.Pointer
    flag internal/reflectlite.flag
}

        [5] t4 = Call static (internal/reflectlite.Value).Type(t3), RESULT internal/reflectlite.Type
        [6] return (t4)


ADDING instructions to (*internal/reflectlite.Value).assignTo
Added instruction: [0] t0 = Alloc local info(name: v, type: *internal/reflectlite.Value, on stack), RESULT **internal/reflectlite.Value
Added no value instruction: [1] *t0 = receiver: v *internal/reflectlite.Value
Added instruction: [2] t1 = *t0, RESULT *internal/reflectlite.Value
Added instruction: [3] t2 = Call builtin (t1,'internal/reflectlite.Value' :-go-string-,'assignTo' :-go-string-), RESULT *internal/reflectlite.Value
Added instruction: [4] t3 = *t2, RESULT internal/reflectlite.Value{
    typ_ *internal/abi.Type
    ptr unsafe.Pointer
    flag internal/reflectlite.flag
}

Creating type go-func-(787)
Creating function (internal/reflectlite.Value).assignTo with type go-func-787(787)
Replacing existing synthetic bound method with concrete bound method
Added instruction: [5] t4 = Call static (internal/reflectlite.Value).assignTo(t3,parameter: context -go-string-,parameter: dst *internal/abi.Type,parameter: target unsafe.Pointer), RESULT internal/reflectlite.Value{
    typ_ *internal/abi.Type
    ptr unsafe.Pointer
    flag internal/reflectlite.flag
}

Added no value instruction: [6] return ()
FINISHED adding instructions to (*internal/reflectlite.Value).assignTo
    entry: (predecessors:  successors:  not reachable
        [0] t0 = Alloc local info(name: v, type: *internal/reflectlite.Value, on stack), RESULT **internal/reflectlite.Value
        [1] *t0 = receiver: v *internal/reflectlite.Value
        [2] t1 = *t0, RESULT *internal/reflectlite.Value
        [3] t2 = Call builtin (t1,'internal/reflectlite.Value' :-go-string-,'assignTo' :-go-string-), RESULT *internal/reflectlite.Value
        [4] t3 = *t2, RESULT internal/reflectlite.Value{
    typ_ *internal/abi.Type
    ptr unsafe.Pointer
    flag internal/reflectlite.flag
}

        [5] t4 = Call static (internal/reflectlite.Value).assignTo(t3,parameter: context -go-string-,parameter: dst *internal/abi.Type,parameter: target unsafe.Pointer), RESULT internal/reflectlite.Value{
    typ_ *internal/abi.Type
    ptr unsafe.Pointer
    flag internal/reflectlite.flag
}

        [6] return (t4)


ADDING instructions to (*internal/reflectlite.Value).kind
Added instruction: [0] t0 = Alloc local info(name: f, type: *internal/reflectlite.Value, on stack), RESULT **internal/reflectlite.Value
Added no value instruction: [1] *t0 = receiver: f *internal/reflectlite.Value
Added instruction: [2] t1 = *t0, RESULT *internal/reflectlite.Value
Creating type *internal/reflectlite.flag(788)
Base of just created pointer type is internal/reflectlite.flag(309)
Added instruction: [3] t2 = &t1.[#2], RESULT *internal/reflectlite.flag
Added instruction: [4] t3 = *t2, RESULT internal/reflectlite.flag
Creating type go-func-(789)
Creating function (internal/reflectlite.flag).kind with type go-func-789(789)
Adding bound method kind((internal/reflectlite.flag).kind) to type internal/reflectlite.flag
Added instruction: [5] t4 = Call static (internal/reflectlite.flag).kind(t3), RESULT internal/abi.Kind
Added no value instruction: [6] return ()
FINISHED adding instructions to (*internal/reflectlite.Value).kind
    entry: (predecessors:  successors:  not reachable
        [0] t0 = Alloc local info(name: f, type: *internal/reflectlite.Value, on stack), RESULT **internal/reflectlite.Value
        [1] *t0 = receiver: f *internal/reflectlite.Value
        [2] t1 = *t0, RESULT *internal/reflectlite.Value
        [3] t2 = &t1.[#2], RESULT *internal/reflectlite.flag
        [4] t3 = *t2, RESULT internal/reflectlite.flag
        [5] t4 = Call static (internal/reflectlite.flag).kind(t3), RESULT internal/abi.Kind
        [6] return (t4)


ADDING instructions to (*internal/reflectlite.Value).mustBeAssignable
Added instruction: [0] t0 = Alloc local info(name: f, type: *internal/reflectlite.Value, on stack), RESULT **internal/reflectlite.Value
Added no value instruction: [1] *t0 = receiver: f *internal/reflectlite.Value
Added instruction: [2] t1 = *t0, RESULT *internal/reflectlite.Value
Added instruction: [3] t2 = &t1.[#2], RESULT *internal/reflectlite.flag
Added instruction: [4] t3 = *t2, RESULT internal/reflectlite.flag
Creating type go-func-(790)
Creating function (internal/reflectlite.flag).mustBeAssignable with type go-func-790(790)
Adding bound method mustBeAssignable((internal/reflectlite.flag).mustBeAssignable) to type internal/reflectlite.flag
Added instruction: [5] t4 = Call static (internal/reflectlite.flag).mustBeAssignable(t3), RESULT void
Added no value instruction: [6] return ()
FINISHED adding instructions to (*internal/reflectlite.Value).mustBeAssignable
    entry: (predecessors:  successors:  not reachable
        [0] t0 = Alloc local info(name: f, type: *internal/reflectlite.Value, on stack), RESULT **internal/reflectlite.Value
        [1] *t0 = receiver: f *internal/reflectlite.Value
        [2] t1 = *t0, RESULT *internal/reflectlite.Value
        [3] t2 = &t1.[#2], RESULT *internal/reflectlite.flag
        [4] t3 = *t2, RESULT internal/reflectlite.flag
        [5] t4 = Call static (internal/reflectlite.flag).mustBeAssignable(t3), RESULT void
        [6] return ()


ADDING instructions to (*internal/reflectlite.Value).mustBeExported
Added instruction: [0] t0 = Alloc local info(name: f, type: *internal/reflectlite.Value, on stack), RESULT **internal/reflectlite.Value
Added no value instruction: [1] *t0 = receiver: f *internal/reflectlite.Value
Added instruction: [2] t1 = *t0, RESULT *internal/reflectlite.Value
Added instruction: [3] t2 = &t1.[#2], RESULT *internal/reflectlite.flag
Added instruction: [4] t3 = *t2, RESULT internal/reflectlite.flag
Creating type go-func-(791)
Creating function (internal/reflectlite.flag).mustBeExported with type go-func-791(791)
Adding bound method mustBeExported((internal/reflectlite.flag).mustBeExported) to type internal/reflectlite.flag
Added instruction: [5] t4 = Call static (internal/reflectlite.flag).mustBeExported(t3), RESULT void
Added no value instruction: [6] return ()
FINISHED adding instructions to (*internal/reflectlite.Value).mustBeExported
    entry: (predecessors:  successors:  not reachable
        [0] t0 = Alloc local info(name: f, type: *internal/reflectlite.Value, on stack), RESULT **internal/reflectlite.Value
        [1] *t0 = receiver: f *internal/reflectlite.Value
        [2] t1 = *t0, RESULT *internal/reflectlite.Value
        [3] t2 = &t1.[#2], RESULT *internal/reflectlite.flag
        [4] t3 = *t2, RESULT internal/reflectlite.flag
        [5] t4 = Call static (internal/reflectlite.flag).mustBeExported(t3), RESULT void
        [6] return ()


ADDING instructions to (*internal/reflectlite.Value).numMethod
Added instruction: [0] t0 = Alloc local info(name: v, type: *internal/reflectlite.Value, on stack), RESULT **internal/reflectlite.Value
Added no value instruction: [1] *t0 = receiver: v *internal/reflectlite.Value
Added instruction: [2] t1 = *t0, RESULT *internal/reflectlite.Value
Added instruction: [3] t2 = Call builtin (t1,'internal/reflectlite.Value' :-go-string-,'numMethod' :-go-string-), RESULT *internal/reflectlite.Value
Added instruction: [4] t3 = *t2, RESULT internal/reflectlite.Value{
    typ_ *internal/abi.Type
    ptr unsafe.Pointer
    flag internal/reflectlite.flag
}

Creating type go-func-(792)
Creating function (internal/reflectlite.Value).numMethod with type go-func-792(792)
Replacing existing synthetic bound method with concrete bound method
Added instruction: [5] t4 = Call static (internal/reflectlite.Value).numMethod(t3), RESULT int
Added no value instruction: [6] return ()
FINISHED adding instructions to (*internal/reflectlite.Value).numMethod
    entry: (predecessors:  successors:  not reachable
        [0] t0 = Alloc local info(name: v, type: *internal/reflectlite.Value, on stack), RESULT **internal/reflectlite.Value
        [1] *t0 = receiver: v *internal/reflectlite.Value
        [2] t1 = *t0, RESULT *internal/reflectlite.Value
        [3] t2 = Call builtin (t1,'internal/reflectlite.Value' :-go-string-,'numMethod' :-go-string-), RESULT *internal/reflectlite.Value
        [4] t3 = *t2, RESULT internal/reflectlite.Value{
    typ_ *internal/abi.Type
    ptr unsafe.Pointer
    flag internal/reflectlite.flag
}

        [5] t4 = Call static (internal/reflectlite.Value).numMethod(t3), RESULT int
        [6] return (t4)


ADDING instructions to (*internal/reflectlite.Value).pointer
Added instruction: [0] t0 = Alloc local info(name: v, type: *internal/reflectlite.Value, on stack), RESULT **internal/reflectlite.Value
Added no value instruction: [1] *t0 = receiver: v *internal/reflectlite.Value
Added instruction: [2] t1 = *t0, RESULT *internal/reflectlite.Value
Added instruction: [3] t2 = Call builtin (t1,'internal/reflectlite.Value' :-go-string-,'pointer' :-go-string-), RESULT *internal/reflectlite.Value
Added instruction: [4] t3 = *t2, RESULT internal/reflectlite.Value{
    typ_ *internal/abi.Type
    ptr unsafe.Pointer
    flag internal/reflectlite.flag
}

Creating type go-func-(793)
Creating function (internal/reflectlite.Value).pointer with type go-func-793(793)
Replacing existing synthetic bound method with concrete bound method
Added instruction: [5] t4 = Call static (internal/reflectlite.Value).pointer(t3), RESULT unsafe.Pointer
Added no value instruction: [6] return ()
FINISHED adding instructions to (*internal/reflectlite.Value).pointer
    entry: (predecessors:  successors:  not reachable
        [0] t0 = Alloc local info(name: v, type: *internal/reflectlite.Value, on stack), RESULT **internal/reflectlite.Value
        [1] *t0 = receiver: v *internal/reflectlite.Value
        [2] t1 = *t0, RESULT *internal/reflectlite.Value
        [3] t2 = Call builtin (t1,'internal/reflectlite.Value' :-go-string-,'pointer' :-go-string-), RESULT *internal/reflectlite.Value
        [4] t3 = *t2, RESULT internal/reflectlite.Value{
    typ_ *internal/abi.Type
    ptr unsafe.Pointer
    flag internal/reflectlite.flag
}

        [5] t4 = Call static (internal/reflectlite.Value).pointer(t3), RESULT unsafe.Pointer
        [6] return (t4)


ADDING instructions to (*internal/reflectlite.Value).ro
Added instruction: [0] t0 = Alloc local info(name: f, type: *internal/reflectlite.Value, on stack), RESULT **internal/reflectlite.Value
Added no value instruction: [1] *t0 = receiver: f *internal/reflectlite.Value
Added instruction: [2] t1 = *t0, RESULT *internal/reflectlite.Value
Added instruction: [3] t2 = &t1.[#2], RESULT *internal/reflectlite.flag
Added instruction: [4] t3 = *t2, RESULT internal/reflectlite.flag
Creating type go-func-(794)
Creating function (internal/reflectlite.flag).ro with type go-func-794(794)
Adding bound method ro((internal/reflectlite.flag).ro) to type internal/reflectlite.flag
Added instruction: [5] t4 = Call static (internal/reflectlite.flag).ro(t3), RESULT internal/reflectlite.flag
Added no value instruction: [6] return ()
FINISHED adding instructions to (*internal/reflectlite.Value).ro
    entry: (predecessors:  successors:  not reachable
        [0] t0 = Alloc local info(name: f, type: *internal/reflectlite.Value, on stack), RESULT **internal/reflectlite.Value
        [1] *t0 = receiver: f *internal/reflectlite.Value
        [2] t1 = *t0, RESULT *internal/reflectlite.Value
        [3] t2 = &t1.[#2], RESULT *internal/reflectlite.flag
        [4] t3 = *t2, RESULT internal/reflectlite.flag
        [5] t4 = Call static (internal/reflectlite.flag).ro(t3), RESULT internal/reflectlite.flag
        [6] return (t4)


ADDING instructions to (*internal/reflectlite.Value).typ
Added instruction: [0] t0 = Alloc local info(name: v, type: *internal/reflectlite.Value, on stack), RESULT **internal/reflectlite.Value
Added no value instruction: [1] *t0 = receiver: v *internal/reflectlite.Value
Added instruction: [2] t1 = *t0, RESULT *internal/reflectlite.Value
Added instruction: [3] t2 = Call builtin (t1,'internal/reflectlite.Value' :-go-string-,'typ' :-go-string-), RESULT *internal/reflectlite.Value
Added instruction: [4] t3 = *t2, RESULT internal/reflectlite.Value{
    typ_ *internal/abi.Type
    ptr unsafe.Pointer
    flag internal/reflectlite.flag
}

Creating type go-func-(795)
Creating function (internal/reflectlite.Value).typ with type go-func-795(795)
Replacing existing synthetic bound method with concrete bound method
Added instruction: [5] t4 = Call static (internal/reflectlite.Value).typ(t3), RESULT *internal/abi.Type
Added no value instruction: [6] return ()
FINISHED adding instructions to (*internal/reflectlite.Value).typ
    entry: (predecessors:  successors:  not reachable
        [0] t0 = Alloc local info(name: v, type: *internal/reflectlite.Value, on stack), RESULT **internal/reflectlite.Value
        [1] *t0 = receiver: v *internal/reflectlite.Value
        [2] t1 = *t0, RESULT *internal/reflectlite.Value
        [3] t2 = Call builtin (t1,'internal/reflectlite.Value' :-go-string-,'typ' :-go-string-), RESULT *internal/reflectlite.Value
        [4] t3 = *t2, RESULT internal/reflectlite.Value{
    typ_ *internal/abi.Type
    ptr unsafe.Pointer
    flag internal/reflectlite.flag
}

        [5] t4 = Call static (internal/reflectlite.Value).typ(t3), RESULT *internal/abi.Type
        [6] return (t4)


ADDING instructions to (*io.PipeReader).closeRead
Creating type **io.PipeReader(796)
Base of just created pointer type is *io.PipeReader(359)
Added instruction: [0] t0 = Alloc local info(name: p, type: *io.PipeReader, on stack), RESULT **io.PipeReader
Added no value instruction: [1] *t0 = receiver: p *io.PipeReader
Added instruction: [2] t1 = *t0, RESULT *io.PipeReader
Creating type *io.pipe(797)
Base of just created pointer type is io.pipe(340)
Added instruction: [3] t2 = &t1.[#0], RESULT *io.pipe
Creating type go-func-(798)
Creating function (*io.pipe).closeRead with type go-func-798(798)
Adding bound method closeRead((*io.pipe).closeRead) to type io.pipe
Added instruction: [4] t3 = Call static (*io.pipe).closeRead(t2,parameter: err error), RESULT error
Added no value instruction: [5] return ()
FINISHED adding instructions to (*io.PipeReader).closeRead
    entry: (predecessors:  successors:  not reachable
        [0] t0 = Alloc local info(name: p, type: *io.PipeReader, on stack), RESULT **io.PipeReader
        [1] *t0 = receiver: p *io.PipeReader
        [2] t1 = *t0, RESULT *io.PipeReader
        [3] t2 = &t1.[#0], RESULT *io.pipe
        [4] t3 = Call static (*io.pipe).closeRead(t2,parameter: err error), RESULT error
        [5] return (t3)


ADDING instructions to (*io.PipeReader).closeWrite
Added instruction: [0] t0 = Alloc local info(name: p, type: *io.PipeReader, on stack), RESULT **io.PipeReader
Added no value instruction: [1] *t0 = receiver: p *io.PipeReader
Added instruction: [2] t1 = *t0, RESULT *io.PipeReader
Added instruction: [3] t2 = &t1.[#0], RESULT *io.pipe
Creating type go-func-(799)
Creating function (*io.pipe).closeWrite with type go-func-799(799)
Adding bound method closeWrite((*io.pipe).closeWrite) to type io.pipe
Added instruction: [4] t3 = Call static (*io.pipe).closeWrite(t2,parameter: err error), RESULT error
Added no value instruction: [5] return ()
FINISHED adding instructions to (*io.PipeReader).closeWrite
    entry: (predecessors:  successors:  not reachable
        [0] t0 = Alloc local info(name: p, type: *io.PipeReader, on stack), RESULT **io.PipeReader
        [1] *t0 = receiver: p *io.PipeReader
        [2] t1 = *t0, RESULT *io.PipeReader
        [3] t2 = &t1.[#0], RESULT *io.pipe
        [4] t3 = Call static (*io.pipe).closeWrite(t2,parameter: err error), RESULT error
        [5] return (t3)


ADDING instructions to (*io.PipeReader).read
Added instruction: [0] t0 = Alloc local info(name: p, type: *io.PipeReader, on stack), RESULT **io.PipeReader
Added no value instruction: [1] *t0 = receiver: p *io.PipeReader
Added instruction: [2] t1 = *t0, RESULT *io.PipeReader
Added instruction: [3] t2 = &t1.[#0], RESULT *io.pipe
Creating type go-func-(800)
Creating function (*io.pipe).read with type go-func-800(800)
Adding bound method read((*io.pipe).read) to type io.pipe
Creating type (int, error)-Ret-Type(801)
Creating type *(int, error)-Ret-Type(802)
Base of just created pointer type is (int, error)-Ret-Type(801)
Added instruction: [4] t3 = Call static (*io.pipe).read(t2,parameter: b []byte), RESULT *(int, error)-Ret-Type
Added instruction: [5] t4 = extract  field 0 from t3, RESULT int
Added instruction: [6] t5 = extract  field 1 from t3, RESULT error
Added no value instruction: [7] return ()
FINISHED adding instructions to (*io.PipeReader).read
    entry: (predecessors:  successors:  not reachable
        [0] t0 = Alloc local info(name: p, type: *io.PipeReader, on stack), RESULT **io.PipeReader
        [1] *t0 = receiver: p *io.PipeReader
        [2] t1 = *t0, RESULT *io.PipeReader
        [3] t2 = &t1.[#0], RESULT *io.pipe
        [4] t3 = Call static (*io.pipe).read(t2,parameter: b []byte), RESULT *(int, error)-Ret-Type
        [5] t4 = extract  field 0 from t3, RESULT int
        [6] t5 = extract  field 1 from t3, RESULT error
        [7] return (t4,t5)


ADDING instructions to (*io.PipeReader).readCloseError
Added instruction: [0] t0 = Alloc local info(name: p, type: *io.PipeReader, on stack), RESULT **io.PipeReader
Added no value instruction: [1] *t0 = receiver: p *io.PipeReader
Added instruction: [2] t1 = *t0, RESULT *io.PipeReader
Added instruction: [3] t2 = &t1.[#0], RESULT *io.pipe
Creating type go-func-(803)
Creating function (*io.pipe).readCloseError with type go-func-803(803)
Adding bound method readCloseError((*io.pipe).readCloseError) to type io.pipe
Added instruction: [4] t3 = Call static (*io.pipe).readCloseError(t2), RESULT error
Added no value instruction: [5] return ()
FINISHED adding instructions to (*io.PipeReader).readCloseError
    entry: (predecessors:  successors:  not reachable
        [0] t0 = Alloc local info(name: p, type: *io.PipeReader, on stack), RESULT **io.PipeReader
        [1] *t0 = receiver: p *io.PipeReader
        [2] t1 = *t0, RESULT *io.PipeReader
        [3] t2 = &t1.[#0], RESULT *io.pipe
        [4] t3 = Call static (*io.pipe).readCloseError(t2), RESULT error
        [5] return (t3)


ADDING instructions to (*io.PipeReader).write
Added instruction: [0] t0 = Alloc local info(name: p, type: *io.PipeReader, on stack), RESULT **io.PipeReader
Added no value instruction: [1] *t0 = receiver: p *io.PipeReader
Added instruction: [2] t1 = *t0, RESULT *io.PipeReader
Added instruction: [3] t2 = &t1.[#0], RESULT *io.pipe
Creating type go-func-(804)
Creating function (*io.pipe).write with type go-func-804(804)
Adding bound method write((*io.pipe).write) to type io.pipe
Added instruction: [4] t3 = Call static (*io.pipe).write(t2,parameter: b []byte), RESULT *(int, error)-Ret-Type
Added instruction: [5] t4 = extract  field 0 from t3, RESULT int
Added instruction: [6] t5 = extract  field 1 from t3, RESULT error
Added no value instruction: [7] return ()
FINISHED adding instructions to (*io.PipeReader).write
    entry: (predecessors:  successors:  not reachable
        [0] t0 = Alloc local info(name: p, type: *io.PipeReader, on stack), RESULT **io.PipeReader
        [1] *t0 = receiver: p *io.PipeReader
        [2] t1 = *t0, RESULT *io.PipeReader
        [3] t2 = &t1.[#0], RESULT *io.pipe
        [4] t3 = Call static (*io.pipe).write(t2,parameter: b []byte), RESULT *(int, error)-Ret-Type
        [5] t4 = extract  field 0 from t3, RESULT int
        [6] t5 = extract  field 1 from t3, RESULT error
        [7] return (t4,t5)


ADDING instructions to (*io.PipeReader).writeCloseError
Added instruction: [0] t0 = Alloc local info(name: p, type: *io.PipeReader, on stack), RESULT **io.PipeReader
Added no value instruction: [1] *t0 = receiver: p *io.PipeReader
Added instruction: [2] t1 = *t0, RESULT *io.PipeReader
Added instruction: [3] t2 = &t1.[#0], RESULT *io.pipe
Creating type go-func-(805)
Creating function (*io.pipe).writeCloseError with type go-func-805(805)
Adding bound method writeCloseError((*io.pipe).writeCloseError) to type io.pipe
Added instruction: [4] t3 = Call static (*io.pipe).writeCloseError(t2), RESULT error
Added no value instruction: [5] return ()
FINISHED adding instructions to (*io.PipeReader).writeCloseError
    entry: (predecessors:  successors:  not reachable
        [0] t0 = Alloc local info(name: p, type: *io.PipeReader, on stack), RESULT **io.PipeReader
        [1] *t0 = receiver: p *io.PipeReader
        [2] t1 = *t0, RESULT *io.PipeReader
        [3] t2 = &t1.[#0], RESULT *io.pipe
        [4] t3 = Call static (*io.pipe).writeCloseError(t2), RESULT error
        [5] return (t3)


ADDING instructions to (*io/fs.FileMode).IsDir
Creating type **io/fs.FileMode(806)
Base of just created pointer type is *io/fs.FileMode(367)
Added instruction: [0] t0 = Alloc local info(name: m, type: *io/fs.FileMode, on stack), RESULT **io/fs.FileMode
Added no value instruction: [1] *t0 = receiver: m *io/fs.FileMode
Added instruction: [2] t1 = *t0, RESULT *io/fs.FileMode
Added instruction: [3] t2 = Call builtin (t1,'io/fs.FileMode' :-go-string-,'IsDir' :-go-string-), RESULT *io/fs.FileMode
Added instruction: [4] t3 = *t2, RESULT io/fs.FileMode
Creating type go-func-(807)
Creating function (io/fs.FileMode).IsDir with type go-func-807(807)
Replacing existing synthetic bound method with concrete bound method
Added instruction: [5] t4 = Call static (io/fs.FileMode).IsDir(t3), RESULT bool
Added no value instruction: [6] return ()
FINISHED adding instructions to (*io/fs.FileMode).IsDir
    entry: (predecessors:  successors:  not reachable
        [0] t0 = Alloc local info(name: m, type: *io/fs.FileMode, on stack), RESULT **io/fs.FileMode
        [1] *t0 = receiver: m *io/fs.FileMode
        [2] t1 = *t0, RESULT *io/fs.FileMode
        [3] t2 = Call builtin (t1,'io/fs.FileMode' :-go-string-,'IsDir' :-go-string-), RESULT *io/fs.FileMode
        [4] t3 = *t2, RESULT io/fs.FileMode
        [5] t4 = Call static (io/fs.FileMode).IsDir(t3), RESULT bool
        [6] return (t4)


ADDING instructions to (*io/fs.FileMode).IsRegular
Added instruction: [0] t0 = Alloc local info(name: m, type: *io/fs.FileMode, on stack), RESULT **io/fs.FileMode
Added no value instruction: [1] *t0 = receiver: m *io/fs.FileMode
Added instruction: [2] t1 = *t0, RESULT *io/fs.FileMode
Added instruction: [3] t2 = Call builtin (t1,'io/fs.FileMode' :-go-string-,'IsRegular' :-go-string-), RESULT *io/fs.FileMode
Added instruction: [4] t3 = *t2, RESULT io/fs.FileMode
Creating type go-func-(808)
Creating function (io/fs.FileMode).IsRegular with type go-func-808(808)
Replacing existing synthetic bound method with concrete bound method
Added instruction: [5] t4 = Call static (io/fs.FileMode).IsRegular(t3), RESULT bool
Added no value instruction: [6] return ()
FINISHED adding instructions to (*io/fs.FileMode).IsRegular
    entry: (predecessors:  successors:  not reachable
        [0] t0 = Alloc local info(name: m, type: *io/fs.FileMode, on stack), RESULT **io/fs.FileMode
        [1] *t0 = receiver: m *io/fs.FileMode
        [2] t1 = *t0, RESULT *io/fs.FileMode
        [3] t2 = Call builtin (t1,'io/fs.FileMode' :-go-string-,'IsRegular' :-go-string-), RESULT *io/fs.FileMode
        [4] t3 = *t2, RESULT io/fs.FileMode
        [5] t4 = Call static (io/fs.FileMode).IsRegular(t3), RESULT bool
        [6] return (t4)


ADDING instructions to (*io/fs.FileMode).Perm
Added instruction: [0] t0 = Alloc local info(name: m, type: *io/fs.FileMode, on stack), RESULT **io/fs.FileMode
Added no value instruction: [1] *t0 = receiver: m *io/fs.FileMode
Added instruction: [2] t1 = *t0, RESULT *io/fs.FileMode
Added instruction: [3] t2 = Call builtin (t1,'io/fs.FileMode' :-go-string-,'Perm' :-go-string-), RESULT *io/fs.FileMode
Added instruction: [4] t3 = *t2, RESULT io/fs.FileMode
Creating type go-func-(809)
Creating function (io/fs.FileMode).Perm with type go-func-809(809)
Replacing existing synthetic bound method with concrete bound method
Added instruction: [5] t4 = Call static (io/fs.FileMode).Perm(t3), RESULT io/fs.FileMode
Added no value instruction: [6] return ()
FINISHED adding instructions to (*io/fs.FileMode).Perm
    entry: (predecessors:  successors:  not reachable
        [0] t0 = Alloc local info(name: m, type: *io/fs.FileMode, on stack), RESULT **io/fs.FileMode
        [1] *t0 = receiver: m *io/fs.FileMode
        [2] t1 = *t0, RESULT *io/fs.FileMode
        [3] t2 = Call builtin (t1,'io/fs.FileMode' :-go-string-,'Perm' :-go-string-), RESULT *io/fs.FileMode
        [4] t3 = *t2, RESULT io/fs.FileMode
        [5] t4 = Call static (io/fs.FileMode).Perm(t3), RESULT io/fs.FileMode
        [6] return (t4)


ADDING instructions to (*io/fs.FileMode).String
Added instruction: [0] t0 = Alloc local info(name: m, type: *io/fs.FileMode, on stack), RESULT **io/fs.FileMode
Added no value instruction: [1] *t0 = receiver: m *io/fs.FileMode
Added instruction: [2] t1 = *t0, RESULT *io/fs.FileMode
Added instruction: [3] t2 = Call builtin (t1,'io/fs.FileMode' :-go-string-,'String' :-go-string-), RESULT *io/fs.FileMode
Added instruction: [4] t3 = *t2, RESULT io/fs.FileMode
Creating type go-func-(810)
Creating function (io/fs.FileMode).String with type go-func-810(810)
Replacing existing synthetic bound method with concrete bound method
Added instruction: [5] t4 = Call static (io/fs.FileMode).String(t3), RESULT -go-string-
Added no value instruction: [6] return ()
FINISHED adding instructions to (*io/fs.FileMode).String
    entry: (predecessors:  successors:  not reachable
        [0] t0 = Alloc local info(name: m, type: *io/fs.FileMode, on stack), RESULT **io/fs.FileMode
        [1] *t0 = receiver: m *io/fs.FileMode
        [2] t1 = *t0, RESULT *io/fs.FileMode
        [3] t2 = Call builtin (t1,'io/fs.FileMode' :-go-string-,'String' :-go-string-), RESULT *io/fs.FileMode
        [4] t3 = *t2, RESULT io/fs.FileMode
        [5] t4 = Call static (io/fs.FileMode).String(t3), RESULT -go-string-
        [6] return (t4)


ADDING instructions to (*io/fs.FileMode).Type
Added instruction: [0] t0 = Alloc local info(name: m, type: *io/fs.FileMode, on stack), RESULT **io/fs.FileMode
Added no value instruction: [1] *t0 = receiver: m *io/fs.FileMode
Added instruction: [2] t1 = *t0, RESULT *io/fs.FileMode
Added instruction: [3] t2 = Call builtin (t1,'io/fs.FileMode' :-go-string-,'Type' :-go-string-), RESULT *io/fs.FileMode
Added instruction: [4] t3 = *t2, RESULT io/fs.FileMode
Creating type go-func-(811)
Creating function (io/fs.FileMode).Type with type go-func-811(811)
Replacing existing synthetic bound method with concrete bound method
Added instruction: [5] t4 = Call static (io/fs.FileMode).Type(t3), RESULT io/fs.FileMode
Added no value instruction: [6] return ()
FINISHED adding instructions to (*io/fs.FileMode).Type
    entry: (predecessors:  successors:  not reachable
        [0] t0 = Alloc local info(name: m, type: *io/fs.FileMode, on stack), RESULT **io/fs.FileMode
        [1] *t0 = receiver: m *io/fs.FileMode
        [2] t1 = *t0, RESULT *io/fs.FileMode
        [3] t2 = Call builtin (t1,'io/fs.FileMode' :-go-string-,'Type' :-go-string-), RESULT *io/fs.FileMode
        [4] t3 = *t2, RESULT io/fs.FileMode
        [5] t4 = Call static (io/fs.FileMode).Type(t3), RESULT io/fs.FileMode
        [6] return (t4)


ADDING instructions to (*os.File).close
Creating type **os.File(812)
Base of just created pointer type is *os.File(384)
Added instruction: [0] t0 = Alloc local info(name: file, type: *os.File, on stack), RESULT **os.File
Added no value instruction: [1] *t0 = receiver: file *os.File
Added instruction: [2] t1 = *t0, RESULT *os.File
Creating type **os.file(813)
Base of just created pointer type is *os.file(383)
Added instruction: [3] t2 = &t1.[#0], RESULT **os.file
Added instruction: [4] t3 = *t2, RESULT *os.file
Creating type go-func-(814)
Creating function (*os.file).close with type go-func-814(814)
Adding bound method close((*os.file).close) to type os.file
Added instruction: [5] t4 = Call static (*os.file).close(t3), RESULT error
Added no value instruction: [6] return ()
FINISHED adding instructions to (*os.File).close
    entry: (predecessors:  successors:  not reachable
        [0] t0 = Alloc local info(name: file, type: *os.File, on stack), RESULT **os.File
        [1] *t0 = receiver: file *os.File
        [2] t1 = *t0, RESULT *os.File
        [3] t2 = &t1.[#0], RESULT **os.file
        [4] t3 = *t2, RESULT *os.file
        [5] t4 = Call static (*os.file).close(t3), RESULT error
        [6] return (t4)


ADDING instructions to (*reflect.ChanDir).String
Creating type **reflect.ChanDir(815)
Base of just created pointer type is *reflect.ChanDir(387)
Added instruction: [0] t0 = Alloc local info(name: d, type: *reflect.ChanDir, on stack), RESULT **reflect.ChanDir
Added no value instruction: [1] *t0 = receiver: d *reflect.ChanDir
Added instruction: [2] t1 = *t0, RESULT *reflect.ChanDir
Added instruction: [3] t2 = Call builtin (t1,'reflect.ChanDir' :-go-string-,'String' :-go-string-), RESULT *reflect.ChanDir
Added instruction: [4] t3 = *t2, RESULT reflect.ChanDir
Creating type go-func-(816)
Creating function (reflect.ChanDir).String with type go-func-816(816)
Replacing existing synthetic bound method with concrete bound method
Added instruction: [5] t4 = Call static (reflect.ChanDir).String(t3), RESULT -go-string-
Added no value instruction: [6] return ()
FINISHED adding instructions to (*reflect.ChanDir).String
    entry: (predecessors:  successors:  not reachable
        [0] t0 = Alloc local info(name: d, type: *reflect.ChanDir, on stack), RESULT **reflect.ChanDir
        [1] *t0 = receiver: d *reflect.ChanDir
        [2] t1 = *t0, RESULT *reflect.ChanDir
        [3] t2 = Call builtin (t1,'reflect.ChanDir' :-go-string-,'String' :-go-string-), RESULT *reflect.ChanDir
        [4] t3 = *t2, RESULT reflect.ChanDir
        [5] t4 = Call static (reflect.ChanDir).String(t3), RESULT -go-string-
        [6] return (t4)


ADDING instructions to (*reflect.Kind).String
Creating type **reflect.Kind(817)
Base of just created pointer type is *reflect.Kind(390)
Added instruction: [0] t0 = Alloc local info(name: k, type: *reflect.Kind, on stack), RESULT **reflect.Kind
Added no value instruction: [1] *t0 = receiver: k *reflect.Kind
Added instruction: [2] t1 = *t0, RESULT *reflect.Kind
Added instruction: [3] t2 = Call builtin (t1,'reflect.Kind' :-go-string-,'String' :-go-string-), RESULT *reflect.Kind
Added instruction: [4] t3 = *t2, RESULT reflect.Kind
Creating type go-func-(818)
Creating function (reflect.Kind).String with type go-func-818(818)
Replacing existing synthetic bound method with concrete bound method
Added instruction: [5] t4 = Call static (reflect.Kind).String(t3), RESULT -go-string-
Added no value instruction: [6] return ()
FINISHED adding instructions to (*reflect.Kind).String
    entry: (predecessors:  successors:  not reachable
        [0] t0 = Alloc local info(name: k, type: *reflect.Kind, on stack), RESULT **reflect.Kind
        [1] *t0 = receiver: k *reflect.Kind
        [2] t1 = *t0, RESULT *reflect.Kind
        [3] t2 = Call builtin (t1,'reflect.Kind' :-go-string-,'String' :-go-string-), RESULT *reflect.Kind
        [4] t3 = *t2, RESULT reflect.Kind
        [5] t4 = Call static (reflect.Kind).String(t3), RESULT -go-string-
        [6] return (t4)


ADDING instructions to (*reflect.Method).IsExported
Creating type **reflect.Method(819)
Base of just created pointer type is *reflect.Method(439)
Added instruction: [0] t0 = Alloc local info(name: m, type: *reflect.Method, on stack), RESULT **reflect.Method
Added no value instruction: [1] *t0 = receiver: m *reflect.Method
Added instruction: [2] t1 = *t0, RESULT *reflect.Method
Added instruction: [3] t2 = Call builtin (t1,'reflect.Method' :-go-string-,'IsExported' :-go-string-), RESULT *reflect.Method
Added instruction: [4] t3 = *t2, RESULT reflect.Method{
    Name -go-string-
    PkgPath -go-string-
    Type reflect.Type
    Func reflect.Value
    Index int
}

Creating type go-func-(820)
Creating function (reflect.Method).IsExported with type go-func-820(820)
Replacing existing synthetic bound method with concrete bound method
Added instruction: [5] t4 = Call static (reflect.Method).IsExported(t3), RESULT bool
Added no value instruction: [6] return ()
FINISHED adding instructions to (*reflect.Method).IsExported
    entry: (predecessors:  successors:  not reachable
        [0] t0 = Alloc local info(name: m, type: *reflect.Method, on stack), RESULT **reflect.Method
        [1] *t0 = receiver: m *reflect.Method
        [2] t1 = *t0, RESULT *reflect.Method
        [3] t2 = Call builtin (t1,'reflect.Method' :-go-string-,'IsExported' :-go-string-), RESULT *reflect.Method
        [4] t3 = *t2, RESULT reflect.Method{
    Name -go-string-
    PkgPath -go-string-
    Type reflect.Type
    Func reflect.Value
    Index int
}

        [5] t4 = Call static (reflect.Method).IsExported(t3), RESULT bool
        [6] return (t4)


ADDING instructions to (*reflect.StructField).IsExported
Creating type **reflect.StructField(821)
Base of just created pointer type is *reflect.StructField(441)
Added instruction: [0] t0 = Alloc local info(name: f, type: *reflect.StructField, on stack), RESULT **reflect.StructField
Added no value instruction: [1] *t0 = receiver: f *reflect.StructField
Added instruction: [2] t1 = *t0, RESULT *reflect.StructField
Added instruction: [3] t2 = Call builtin (t1,'reflect.StructField' :-go-string-,'IsExported' :-go-string-), RESULT *reflect.StructField
Added instruction: [4] t3 = *t2, RESULT reflect.StructField{
    Name -go-string-
    PkgPath -go-string-
    Type reflect.Type
    Tag reflect.StructTag
    Offset uintptr
    Index []int
    Anonymous bool
}

Creating type go-func-(822)
Creating function (reflect.StructField).IsExported with type go-func-822(822)
Replacing existing synthetic bound method with concrete bound method
Added instruction: [5] t4 = Call static (reflect.StructField).IsExported(t3), RESULT bool
Added no value instruction: [6] return ()
FINISHED adding instructions to (*reflect.StructField).IsExported
    entry: (predecessors:  successors:  not reachable
        [0] t0 = Alloc local info(name: f, type: *reflect.StructField, on stack), RESULT **reflect.StructField
        [1] *t0 = receiver: f *reflect.StructField
        [2] t1 = *t0, RESULT *reflect.StructField
        [3] t2 = Call builtin (t1,'reflect.StructField' :-go-string-,'IsExported' :-go-string-), RESULT *reflect.StructField
        [4] t3 = *t2, RESULT reflect.StructField{
    Name -go-string-
    PkgPath -go-string-
    Type reflect.Type
    Tag reflect.StructTag
    Offset uintptr
    Index []int
    Anonymous bool
}

        [5] t4 = Call static (reflect.StructField).IsExported(t3), RESULT bool
        [6] return (t4)


ADDING instructions to (*reflect.StructTag).Get
Creating type **reflect.StructTag(823)
Base of just created pointer type is *reflect.StructTag(443)
Added instruction: [0] t0 = Alloc local info(name: tag, type: *reflect.StructTag, on stack), RESULT **reflect.StructTag
Added no value instruction: [1] *t0 = receiver: tag *reflect.StructTag
Added instruction: [2] t1 = *t0, RESULT *reflect.StructTag
Added instruction: [3] t2 = Call builtin (t1,'reflect.StructTag' :-go-string-,'Get' :-go-string-), RESULT *reflect.StructTag
Added instruction: [4] t3 = *t2, RESULT reflect.StructTag
Creating type go-func-(824)
Creating function (reflect.StructTag).Get with type go-func-824(824)
Replacing existing synthetic bound method with concrete bound method
Added instruction: [5] t4 = Call static (reflect.StructTag).Get(t3,parameter: key -go-string-), RESULT -go-string-
Added no value instruction: [6] return ()
FINISHED adding instructions to (*reflect.StructTag).Get
    entry: (predecessors:  successors:  not reachable
        [0] t0 = Alloc local info(name: tag, type: *reflect.StructTag, on stack), RESULT **reflect.StructTag
        [1] *t0 = receiver: tag *reflect.StructTag
        [2] t1 = *t0, RESULT *reflect.StructTag
        [3] t2 = Call builtin (t1,'reflect.StructTag' :-go-string-,'Get' :-go-string-), RESULT *reflect.StructTag
        [4] t3 = *t2, RESULT reflect.StructTag
        [5] t4 = Call static (reflect.StructTag).Get(t3,parameter: key -go-string-), RESULT -go-string-
        [6] return (t4)


ADDING instructions to (*reflect.StructTag).Lookup
Added instruction: [0] t0 = Alloc local info(name: tag, type: *reflect.StructTag, on stack), RESULT **reflect.StructTag
Added no value instruction: [1] *t0 = receiver: tag *reflect.StructTag
Added instruction: [2] t1 = *t0, RESULT *reflect.StructTag
Added instruction: [3] t2 = Call builtin (t1,'reflect.StructTag' :-go-string-,'Lookup' :-go-string-), RESULT *reflect.StructTag
Added instruction: [4] t3 = *t2, RESULT reflect.StructTag
Creating type go-func-(825)
Creating function (reflect.StructTag).Lookup with type go-func-825(825)
Replacing existing synthetic bound method with concrete bound method
Creating type (-go-string-, bool)-Ret-Type(826)
Creating type *(-go-string-, bool)-Ret-Type(827)
Base of just created pointer type is (-go-string-, bool)-Ret-Type(826)
Added instruction: [5] t4 = Call static (reflect.StructTag).Lookup(t3,parameter: key -go-string-), RESULT *(-go-string-, bool)-Ret-Type
Added instruction: [6] t5 = extract  field 0 from t4, RESULT -go-string-
Added instruction: [7] t6 = extract  field 1 from t4, RESULT bool
Added no value instruction: [8] return ()
FINISHED adding instructions to (*reflect.StructTag).Lookup
    entry: (predecessors:  successors:  not reachable
        [0] t0 = Alloc local info(name: tag, type: *reflect.StructTag, on stack), RESULT **reflect.StructTag
        [1] *t0 = receiver: tag *reflect.StructTag
        [2] t1 = *t0, RESULT *reflect.StructTag
        [3] t2 = Call builtin (t1,'reflect.StructTag' :-go-string-,'Lookup' :-go-string-), RESULT *reflect.StructTag
        [4] t3 = *t2, RESULT reflect.StructTag
        [5] t4 = Call static (reflect.StructTag).Lookup(t3,parameter: key -go-string-), RESULT *(-go-string-, bool)-Ret-Type
        [6] t5 = extract  field 0 from t4, RESULT -go-string-
        [7] t6 = extract  field 1 from t4, RESULT bool
        [8] return (t5,t6)


ADDING instructions to (*reflect.Value).Addr
Creating type **reflect.Value(828)
Base of just created pointer type is *reflect.Value(446)
Added instruction: [0] t0 = Alloc local info(name: v, type: *reflect.Value, on stack), RESULT **reflect.Value
Added no value instruction: [1] *t0 = receiver: v *reflect.Value
Added instruction: [2] t1 = *t0, RESULT *reflect.Value
Added instruction: [3] t2 = Call builtin (t1,'reflect.Value' :-go-string-,'Addr' :-go-string-), RESULT *reflect.Value
Added instruction: [4] t3 = *t2, RESULT reflect.Value{
    typ_ *internal/abi.Type
    ptr unsafe.Pointer
    flag reflect.flag
}

Creating type go-func-(829)
Creating function (reflect.Value).Addr with type go-func-829(829)
Replacing existing synthetic bound method with concrete bound method
Added instruction: [5] t4 = Call static (reflect.Value).Addr(t3), RESULT reflect.Value{
    typ_ *internal/abi.Type
    ptr unsafe.Pointer
    flag reflect.flag
}

Added no value instruction: [6] return ()
FINISHED adding instructions to (*reflect.Value).Addr
    entry: (predecessors:  successors:  not reachable
        [0] t0 = Alloc local info(name: v, type: *reflect.Value, on stack), RESULT **reflect.Value
        [1] *t0 = receiver: v *reflect.Value
        [2] t1 = *t0, RESULT *reflect.Value
        [3] t2 = Call builtin (t1,'reflect.Value' :-go-string-,'Addr' :-go-string-), RESULT *reflect.Value
        [4] t3 = *t2, RESULT reflect.Value{
    typ_ *internal/abi.Type
    ptr unsafe.Pointer
    flag reflect.flag
}

        [5] t4 = Call static (reflect.Value).Addr(t3), RESULT reflect.Value{
    typ_ *internal/abi.Type
    ptr unsafe.Pointer
    flag reflect.flag
}

        [6] return (t4)


ADDING instructions to (*reflect.Value).Bool
Added instruction: [0] t0 = Alloc local info(name: v, type: *reflect.Value, on stack), RESULT **reflect.Value
Added no value instruction: [1] *t0 = receiver: v *reflect.Value
Added instruction: [2] t1 = *t0, RESULT *reflect.Value
Added instruction: [3] t2 = Call builtin (t1,'reflect.Value' :-go-string-,'Bool' :-go-string-), RESULT *reflect.Value
Added instruction: [4] t3 = *t2, RESULT reflect.Value{
    typ_ *internal/abi.Type
    ptr unsafe.Pointer
    flag reflect.flag
}

Creating type go-func-(830)
Creating function (reflect.Value).Bool with type go-func-830(830)
Replacing existing synthetic bound method with concrete bound method
Added instruction: [5] t4 = Call static (reflect.Value).Bool(t3), RESULT bool
Added no value instruction: [6] return ()
FINISHED adding instructions to (*reflect.Value).Bool
    entry: (predecessors:  successors:  not reachable
        [0] t0 = Alloc local info(name: v, type: *reflect.Value, on stack), RESULT **reflect.Value
        [1] *t0 = receiver: v *reflect.Value
        [2] t1 = *t0, RESULT *reflect.Value
        [3] t2 = Call builtin (t1,'reflect.Value' :-go-string-,'Bool' :-go-string-), RESULT *reflect.Value
        [4] t3 = *t2, RESULT reflect.Value{
    typ_ *internal/abi.Type
    ptr unsafe.Pointer
    flag reflect.flag
}

        [5] t4 = Call static (reflect.Value).Bool(t3), RESULT bool
        [6] return (t4)


ADDING instructions to (*reflect.Value).Bytes
Added instruction: [0] t0 = Alloc local info(name: v, type: *reflect.Value, on stack), RESULT **reflect.Value
Added no value instruction: [1] *t0 = receiver: v *reflect.Value
Added instruction: [2] t1 = *t0, RESULT *reflect.Value
Added instruction: [3] t2 = Call builtin (t1,'reflect.Value' :-go-string-,'Bytes' :-go-string-), RESULT *reflect.Value
Added instruction: [4] t3 = *t2, RESULT reflect.Value{
    typ_ *internal/abi.Type
    ptr unsafe.Pointer
    flag reflect.flag
}

Creating type go-func-(831)
Creating function (reflect.Value).Bytes with type go-func-831(831)
Replacing existing synthetic bound method with concrete bound method
Added instruction: [5] t4 = Call static (reflect.Value).Bytes(t3), RESULT []byte
Added no value instruction: [6] return ()
FINISHED adding instructions to (*reflect.Value).Bytes
    entry: (predecessors:  successors:  not reachable
        [0] t0 = Alloc local info(name: v, type: *reflect.Value, on stack), RESULT **reflect.Value
        [1] *t0 = receiver: v *reflect.Value
        [2] t1 = *t0, RESULT *reflect.Value
        [3] t2 = Call builtin (t1,'reflect.Value' :-go-string-,'Bytes' :-go-string-), RESULT *reflect.Value
        [4] t3 = *t2, RESULT reflect.Value{
    typ_ *internal/abi.Type
    ptr unsafe.Pointer
    flag reflect.flag
}

        [5] t4 = Call static (reflect.Value).Bytes(t3), RESULT []byte
        [6] return (t4)


ADDING instructions to (*reflect.Value).Call
Added instruction: [0] t0 = Alloc local info(name: v, type: *reflect.Value, on stack), RESULT **reflect.Value
Added no value instruction: [1] *t0 = receiver: v *reflect.Value
Added instruction: [2] t1 = *t0, RESULT *reflect.Value
Added instruction: [3] t2 = Call builtin (t1,'reflect.Value' :-go-string-,'Call' :-go-string-), RESULT *reflect.Value
Added instruction: [4] t3 = *t2, RESULT reflect.Value{
    typ_ *internal/abi.Type
    ptr unsafe.Pointer
    flag reflect.flag
}

Creating type go-func-(832)
Creating function (reflect.Value).Call with type go-func-832(832)
Replacing existing synthetic bound method with concrete bound method
Added instruction: [5] t4 = Call static (reflect.Value).Call(t3,parameter: in []reflect.Value), RESULT []reflect.Value
Added no value instruction: [6] return ()
FINISHED adding instructions to (*reflect.Value).Call
    entry: (predecessors:  successors:  not reachable
        [0] t0 = Alloc local info(name: v, type: *reflect.Value, on stack), RESULT **reflect.Value
        [1] *t0 = receiver: v *reflect.Value
        [2] t1 = *t0, RESULT *reflect.Value
        [3] t2 = Call builtin (t1,'reflect.Value' :-go-string-,'Call' :-go-string-), RESULT *reflect.Value
        [4] t3 = *t2, RESULT reflect.Value{
    typ_ *internal/abi.Type
    ptr unsafe.Pointer
    flag reflect.flag
}

        [5] t4 = Call static (reflect.Value).Call(t3,parameter: in []reflect.Value), RESULT []reflect.Value
        [6] return (t4)


ADDING instructions to (*reflect.Value).CallSlice
Added instruction: [0] t0 = Alloc local info(name: v, type: *reflect.Value, on stack), RESULT **reflect.Value
Added no value instruction: [1] *t0 = receiver: v *reflect.Value
Added instruction: [2] t1 = *t0, RESULT *reflect.Value
Added instruction: [3] t2 = Call builtin (t1,'reflect.Value' :-go-string-,'CallSlice' :-go-string-), RESULT *reflect.Value
Added instruction: [4] t3 = *t2, RESULT reflect.Value{
    typ_ *internal/abi.Type
    ptr unsafe.Pointer
    flag reflect.flag
}

Creating type go-func-(833)
Creating function (reflect.Value).CallSlice with type go-func-833(833)
Replacing existing synthetic bound method with concrete bound method
Added instruction: [5] t4 = Call static (reflect.Value).CallSlice(t3,parameter: in []reflect.Value), RESULT []reflect.Value
Added no value instruction: [6] return ()
FINISHED adding instructions to (*reflect.Value).CallSlice
    entry: (predecessors:  successors:  not reachable
        [0] t0 = Alloc local info(name: v, type: *reflect.Value, on stack), RESULT **reflect.Value
        [1] *t0 = receiver: v *reflect.Value
        [2] t1 = *t0, RESULT *reflect.Value
        [3] t2 = Call builtin (t1,'reflect.Value' :-go-string-,'CallSlice' :-go-string-), RESULT *reflect.Value
        [4] t3 = *t2, RESULT reflect.Value{
    typ_ *internal/abi.Type
    ptr unsafe.Pointer
    flag reflect.flag
}

        [5] t4 = Call static (reflect.Value).CallSlice(t3,parameter: in []reflect.Value), RESULT []reflect.Value
        [6] return (t4)


ADDING instructions to (*reflect.Value).CanAddr
Added instruction: [0] t0 = Alloc local info(name: v, type: *reflect.Value, on stack), RESULT **reflect.Value
Added no value instruction: [1] *t0 = receiver: v *reflect.Value
Added instruction: [2] t1 = *t0, RESULT *reflect.Value
Added instruction: [3] t2 = Call builtin (t1,'reflect.Value' :-go-string-,'CanAddr' :-go-string-), RESULT *reflect.Value
Added instruction: [4] t3 = *t2, RESULT reflect.Value{
    typ_ *internal/abi.Type
    ptr unsafe.Pointer
    flag reflect.flag
}

Creating type go-func-(834)
Creating function (reflect.Value).CanAddr with type go-func-834(834)
Replacing existing synthetic bound method with concrete bound method
Added instruction: [5] t4 = Call static (reflect.Value).CanAddr(t3), RESULT bool
Added no value instruction: [6] return ()
FINISHED adding instructions to (*reflect.Value).CanAddr
    entry: (predecessors:  successors:  not reachable
        [0] t0 = Alloc local info(name: v, type: *reflect.Value, on stack), RESULT **reflect.Value
        [1] *t0 = receiver: v *reflect.Value
        [2] t1 = *t0, RESULT *reflect.Value
        [3] t2 = Call builtin (t1,'reflect.Value' :-go-string-,'CanAddr' :-go-string-), RESULT *reflect.Value
        [4] t3 = *t2, RESULT reflect.Value{
    typ_ *internal/abi.Type
    ptr unsafe.Pointer
    flag reflect.flag
}

        [5] t4 = Call static (reflect.Value).CanAddr(t3), RESULT bool
        [6] return (t4)


ADDING instructions to (*reflect.Value).CanComplex
Added instruction: [0] t0 = Alloc local info(name: v, type: *reflect.Value, on stack), RESULT **reflect.Value
Added no value instruction: [1] *t0 = receiver: v *reflect.Value
Added instruction: [2] t1 = *t0, RESULT *reflect.Value
Added instruction: [3] t2 = Call builtin (t1,'reflect.Value' :-go-string-,'CanComplex' :-go-string-), RESULT *reflect.Value
Added instruction: [4] t3 = *t2, RESULT reflect.Value{
    typ_ *internal/abi.Type
    ptr unsafe.Pointer
    flag reflect.flag
}

Creating type go-func-(835)
Creating function (reflect.Value).CanComplex with type go-func-835(835)
Replacing existing synthetic bound method with concrete bound method
Added instruction: [5] t4 = Call static (reflect.Value).CanComplex(t3), RESULT bool
Added no value instruction: [6] return ()
FINISHED adding instructions to (*reflect.Value).CanComplex
    entry: (predecessors:  successors:  not reachable
        [0] t0 = Alloc local info(name: v, type: *reflect.Value, on stack), RESULT **reflect.Value
        [1] *t0 = receiver: v *reflect.Value
        [2] t1 = *t0, RESULT *reflect.Value
        [3] t2 = Call builtin (t1,'reflect.Value' :-go-string-,'CanComplex' :-go-string-), RESULT *reflect.Value
        [4] t3 = *t2, RESULT reflect.Value{
    typ_ *internal/abi.Type
    ptr unsafe.Pointer
    flag reflect.flag
}

        [5] t4 = Call static (reflect.Value).CanComplex(t3), RESULT bool
        [6] return (t4)


ADDING instructions to (*reflect.Value).CanConvert
Added instruction: [0] t0 = Alloc local info(name: v, type: *reflect.Value, on stack), RESULT **reflect.Value
Added no value instruction: [1] *t0 = receiver: v *reflect.Value
Added instruction: [2] t1 = *t0, RESULT *reflect.Value
Added instruction: [3] t2 = Call builtin (t1,'reflect.Value' :-go-string-,'CanConvert' :-go-string-), RESULT *reflect.Value
Added instruction: [4] t3 = *t2, RESULT reflect.Value{
    typ_ *internal/abi.Type
    ptr unsafe.Pointer
    flag reflect.flag
}

Creating type go-func-(836)
Creating function (reflect.Value).CanConvert with type go-func-836(836)
Replacing existing synthetic bound method with concrete bound method
Added instruction: [5] t4 = Call static (reflect.Value).CanConvert(t3,parameter: t reflect.Type), RESULT bool
Added no value instruction: [6] return ()
FINISHED adding instructions to (*reflect.Value).CanConvert
    entry: (predecessors:  successors:  not reachable
        [0] t0 = Alloc local info(name: v, type: *reflect.Value, on stack), RESULT **reflect.Value
        [1] *t0 = receiver: v *reflect.Value
        [2] t1 = *t0, RESULT *reflect.Value
        [3] t2 = Call builtin (t1,'reflect.Value' :-go-string-,'CanConvert' :-go-string-), RESULT *reflect.Value
        [4] t3 = *t2, RESULT reflect.Value{
    typ_ *internal/abi.Type
    ptr unsafe.Pointer
    flag reflect.flag
}

        [5] t4 = Call static (reflect.Value).CanConvert(t3,parameter: t reflect.Type), RESULT bool
        [6] return (t4)


ADDING instructions to (*reflect.Value).CanFloat
Added instruction: [0] t0 = Alloc local info(name: v, type: *reflect.Value, on stack), RESULT **reflect.Value
Added no value instruction: [1] *t0 = receiver: v *reflect.Value
Added instruction: [2] t1 = *t0, RESULT *reflect.Value
Added instruction: [3] t2 = Call builtin (t1,'reflect.Value' :-go-string-,'CanFloat' :-go-string-), RESULT *reflect.Value
Added instruction: [4] t3 = *t2, RESULT reflect.Value{
    typ_ *internal/abi.Type
    ptr unsafe.Pointer
    flag reflect.flag
}

Creating type go-func-(837)
Creating function (reflect.Value).CanFloat with type go-func-837(837)
Replacing existing synthetic bound method with concrete bound method
Added instruction: [5] t4 = Call static (reflect.Value).CanFloat(t3), RESULT bool
Added no value instruction: [6] return ()
FINISHED adding instructions to (*reflect.Value).CanFloat
    entry: (predecessors:  successors:  not reachable
        [0] t0 = Alloc local info(name: v, type: *reflect.Value, on stack), RESULT **reflect.Value
        [1] *t0 = receiver: v *reflect.Value
        [2] t1 = *t0, RESULT *reflect.Value
        [3] t2 = Call builtin (t1,'reflect.Value' :-go-string-,'CanFloat' :-go-string-), RESULT *reflect.Value
        [4] t3 = *t2, RESULT reflect.Value{
    typ_ *internal/abi.Type
    ptr unsafe.Pointer
    flag reflect.flag
}

        [5] t4 = Call static (reflect.Value).CanFloat(t3), RESULT bool
        [6] return (t4)


ADDING instructions to (*reflect.Value).CanInt
Added instruction: [0] t0 = Alloc local info(name: v, type: *reflect.Value, on stack), RESULT **reflect.Value
Added no value instruction: [1] *t0 = receiver: v *reflect.Value
Added instruction: [2] t1 = *t0, RESULT *reflect.Value
Added instruction: [3] t2 = Call builtin (t1,'reflect.Value' :-go-string-,'CanInt' :-go-string-), RESULT *reflect.Value
Added instruction: [4] t3 = *t2, RESULT reflect.Value{
    typ_ *internal/abi.Type
    ptr unsafe.Pointer
    flag reflect.flag
}

Creating type go-func-(838)
Creating function (reflect.Value).CanInt with type go-func-838(838)
Replacing existing synthetic bound method with concrete bound method
Added instruction: [5] t4 = Call static (reflect.Value).CanInt(t3), RESULT bool
Added no value instruction: [6] return ()
FINISHED adding instructions to (*reflect.Value).CanInt
    entry: (predecessors:  successors:  not reachable
        [0] t0 = Alloc local info(name: v, type: *reflect.Value, on stack), RESULT **reflect.Value
        [1] *t0 = receiver: v *reflect.Value
        [2] t1 = *t0, RESULT *reflect.Value
        [3] t2 = Call builtin (t1,'reflect.Value' :-go-string-,'CanInt' :-go-string-), RESULT *reflect.Value
        [4] t3 = *t2, RESULT reflect.Value{
    typ_ *internal/abi.Type
    ptr unsafe.Pointer
    flag reflect.flag
}

        [5] t4 = Call static (reflect.Value).CanInt(t3), RESULT bool
        [6] return (t4)


ADDING instructions to (*reflect.Value).CanInterface
Added instruction: [0] t0 = Alloc local info(name: v, type: *reflect.Value, on stack), RESULT **reflect.Value
Added no value instruction: [1] *t0 = receiver: v *reflect.Value
Added instruction: [2] t1 = *t0, RESULT *reflect.Value
Added instruction: [3] t2 = Call builtin (t1,'reflect.Value' :-go-string-,'CanInterface' :-go-string-), RESULT *reflect.Value
Added instruction: [4] t3 = *t2, RESULT reflect.Value{
    typ_ *internal/abi.Type
    ptr unsafe.Pointer
    flag reflect.flag
}

Creating type go-func-(839)
Creating function (reflect.Value).CanInterface with type go-func-839(839)
Replacing existing synthetic bound method with concrete bound method
Added instruction: [5] t4 = Call static (reflect.Value).CanInterface(t3), RESULT bool
Added no value instruction: [6] return ()
FINISHED adding instructions to (*reflect.Value).CanInterface
    entry: (predecessors:  successors:  not reachable
        [0] t0 = Alloc local info(name: v, type: *reflect.Value, on stack), RESULT **reflect.Value
        [1] *t0 = receiver: v *reflect.Value
        [2] t1 = *t0, RESULT *reflect.Value
        [3] t2 = Call builtin (t1,'reflect.Value' :-go-string-,'CanInterface' :-go-string-), RESULT *reflect.Value
        [4] t3 = *t2, RESULT reflect.Value{
    typ_ *internal/abi.Type
    ptr unsafe.Pointer
    flag reflect.flag
}

        [5] t4 = Call static (reflect.Value).CanInterface(t3), RESULT bool
        [6] return (t4)


ADDING instructions to (*reflect.Value).CanSet
Added instruction: [0] t0 = Alloc local info(name: v, type: *reflect.Value, on stack), RESULT **reflect.Value
Added no value instruction: [1] *t0 = receiver: v *reflect.Value
Added instruction: [2] t1 = *t0, RESULT *reflect.Value
Added instruction: [3] t2 = Call builtin (t1,'reflect.Value' :-go-string-,'CanSet' :-go-string-), RESULT *reflect.Value
Added instruction: [4] t3 = *t2, RESULT reflect.Value{
    typ_ *internal/abi.Type
    ptr unsafe.Pointer
    flag reflect.flag
}

Creating type go-func-(840)
Creating function (reflect.Value).CanSet with type go-func-840(840)
Replacing existing synthetic bound method with concrete bound method
Added instruction: [5] t4 = Call static (reflect.Value).CanSet(t3), RESULT bool
Added no value instruction: [6] return ()
FINISHED adding instructions to (*reflect.Value).CanSet
    entry: (predecessors:  successors:  not reachable
        [0] t0 = Alloc local info(name: v, type: *reflect.Value, on stack), RESULT **reflect.Value
        [1] *t0 = receiver: v *reflect.Value
        [2] t1 = *t0, RESULT *reflect.Value
        [3] t2 = Call builtin (t1,'reflect.Value' :-go-string-,'CanSet' :-go-string-), RESULT *reflect.Value
        [4] t3 = *t2, RESULT reflect.Value{
    typ_ *internal/abi.Type
    ptr unsafe.Pointer
    flag reflect.flag
}

        [5] t4 = Call static (reflect.Value).CanSet(t3), RESULT bool
        [6] return (t4)


ADDING instructions to (*reflect.Value).CanUint
Added instruction: [0] t0 = Alloc local info(name: v, type: *reflect.Value, on stack), RESULT **reflect.Value
Added no value instruction: [1] *t0 = receiver: v *reflect.Value
Added instruction: [2] t1 = *t0, RESULT *reflect.Value
Added instruction: [3] t2 = Call builtin (t1,'reflect.Value' :-go-string-,'CanUint' :-go-string-), RESULT *reflect.Value
Added instruction: [4] t3 = *t2, RESULT reflect.Value{
    typ_ *internal/abi.Type
    ptr unsafe.Pointer
    flag reflect.flag
}

Creating type go-func-(841)
Creating function (reflect.Value).CanUint with type go-func-841(841)
Replacing existing synthetic bound method with concrete bound method
Added instruction: [5] t4 = Call static (reflect.Value).CanUint(t3), RESULT bool
Added no value instruction: [6] return ()
FINISHED adding instructions to (*reflect.Value).CanUint
    entry: (predecessors:  successors:  not reachable
        [0] t0 = Alloc local info(name: v, type: *reflect.Value, on stack), RESULT **reflect.Value
        [1] *t0 = receiver: v *reflect.Value
        [2] t1 = *t0, RESULT *reflect.Value
        [3] t2 = Call builtin (t1,'reflect.Value' :-go-string-,'CanUint' :-go-string-), RESULT *reflect.Value
        [4] t3 = *t2, RESULT reflect.Value{
    typ_ *internal/abi.Type
    ptr unsafe.Pointer
    flag reflect.flag
}

        [5] t4 = Call static (reflect.Value).CanUint(t3), RESULT bool
        [6] return (t4)


ADDING instructions to (*reflect.Value).Cap
Added instruction: [0] t0 = Alloc local info(name: v, type: *reflect.Value, on stack), RESULT **reflect.Value
Added no value instruction: [1] *t0 = receiver: v *reflect.Value
Added instruction: [2] t1 = *t0, RESULT *reflect.Value
Added instruction: [3] t2 = Call builtin (t1,'reflect.Value' :-go-string-,'Cap' :-go-string-), RESULT *reflect.Value
Added instruction: [4] t3 = *t2, RESULT reflect.Value{
    typ_ *internal/abi.Type
    ptr unsafe.Pointer
    flag reflect.flag
}

Creating type go-func-(842)
Creating function (reflect.Value).Cap with type go-func-842(842)
Replacing existing synthetic bound method with concrete bound method
Added instruction: [5] t4 = Call static (reflect.Value).Cap(t3), RESULT int
Added no value instruction: [6] return ()
FINISHED adding instructions to (*reflect.Value).Cap
    entry: (predecessors:  successors:  not reachable
        [0] t0 = Alloc local info(name: v, type: *reflect.Value, on stack), RESULT **reflect.Value
        [1] *t0 = receiver: v *reflect.Value
        [2] t1 = *t0, RESULT *reflect.Value
        [3] t2 = Call builtin (t1,'reflect.Value' :-go-string-,'Cap' :-go-string-), RESULT *reflect.Value
        [4] t3 = *t2, RESULT reflect.Value{
    typ_ *internal/abi.Type
    ptr unsafe.Pointer
    flag reflect.flag
}

        [5] t4 = Call static (reflect.Value).Cap(t3), RESULT int
        [6] return (t4)


ADDING instructions to (*reflect.Value).Clear
Added instruction: [0] t0 = Alloc local info(name: v, type: *reflect.Value, on stack), RESULT **reflect.Value
Added no value instruction: [1] *t0 = receiver: v *reflect.Value
Added instruction: [2] t1 = *t0, RESULT *reflect.Value
Added instruction: [3] t2 = Call builtin (t1,'reflect.Value' :-go-string-,'Clear' :-go-string-), RESULT *reflect.Value
Added instruction: [4] t3 = *t2, RESULT reflect.Value{
    typ_ *internal/abi.Type
    ptr unsafe.Pointer
    flag reflect.flag
}

Creating type go-func-(843)
Creating function (reflect.Value).Clear with type go-func-843(843)
Replacing existing synthetic bound method with concrete bound method
Added instruction: [5] t4 = Call static (reflect.Value).Clear(t3), RESULT void
Added no value instruction: [6] return ()
FINISHED adding instructions to (*reflect.Value).Clear
    entry: (predecessors:  successors:  not reachable
        [0] t0 = Alloc local info(name: v, type: *reflect.Value, on stack), RESULT **reflect.Value
        [1] *t0 = receiver: v *reflect.Value
        [2] t1 = *t0, RESULT *reflect.Value
        [3] t2 = Call builtin (t1,'reflect.Value' :-go-string-,'Clear' :-go-string-), RESULT *reflect.Value
        [4] t3 = *t2, RESULT reflect.Value{
    typ_ *internal/abi.Type
    ptr unsafe.Pointer
    flag reflect.flag
}

        [5] t4 = Call static (reflect.Value).Clear(t3), RESULT void
        [6] return ()


ADDING instructions to (*reflect.Value).Close
Added instruction: [0] t0 = Alloc local info(name: v, type: *reflect.Value, on stack), RESULT **reflect.Value
Added no value instruction: [1] *t0 = receiver: v *reflect.Value
Added instruction: [2] t1 = *t0, RESULT *reflect.Value
Added instruction: [3] t2 = Call builtin (t1,'reflect.Value' :-go-string-,'Close' :-go-string-), RESULT *reflect.Value
Added instruction: [4] t3 = *t2, RESULT reflect.Value{
    typ_ *internal/abi.Type
    ptr unsafe.Pointer
    flag reflect.flag
}

Creating type go-func-(844)
Creating function (reflect.Value).Close with type go-func-844(844)
Replacing existing synthetic bound method with concrete bound method
Added instruction: [5] t4 = Call static (reflect.Value).Close(t3), RESULT void
Added no value instruction: [6] return ()
FINISHED adding instructions to (*reflect.Value).Close
    entry: (predecessors:  successors:  not reachable
        [0] t0 = Alloc local info(name: v, type: *reflect.Value, on stack), RESULT **reflect.Value
        [1] *t0 = receiver: v *reflect.Value
        [2] t1 = *t0, RESULT *reflect.Value
        [3] t2 = Call builtin (t1,'reflect.Value' :-go-string-,'Close' :-go-string-), RESULT *reflect.Value
        [4] t3 = *t2, RESULT reflect.Value{
    typ_ *internal/abi.Type
    ptr unsafe.Pointer
    flag reflect.flag
}

        [5] t4 = Call static (reflect.Value).Close(t3), RESULT void
        [6] return ()


ADDING instructions to (*reflect.Value).Comparable
Added instruction: [0] t0 = Alloc local info(name: v, type: *reflect.Value, on stack), RESULT **reflect.Value
Added no value instruction: [1] *t0 = receiver: v *reflect.Value
Added instruction: [2] t1 = *t0, RESULT *reflect.Value
Added instruction: [3] t2 = Call builtin (t1,'reflect.Value' :-go-string-,'Comparable' :-go-string-), RESULT *reflect.Value
Added instruction: [4] t3 = *t2, RESULT reflect.Value{
    typ_ *internal/abi.Type
    ptr unsafe.Pointer
    flag reflect.flag
}

Creating type go-func-(845)
Creating function (reflect.Value).Comparable with type go-func-845(845)
Replacing existing synthetic bound method with concrete bound method
Added instruction: [5] t4 = Call static (reflect.Value).Comparable(t3), RESULT bool
Added no value instruction: [6] return ()
FINISHED adding instructions to (*reflect.Value).Comparable
    entry: (predecessors:  successors:  not reachable
        [0] t0 = Alloc local info(name: v, type: *reflect.Value, on stack), RESULT **reflect.Value
        [1] *t0 = receiver: v *reflect.Value
        [2] t1 = *t0, RESULT *reflect.Value
        [3] t2 = Call builtin (t1,'reflect.Value' :-go-string-,'Comparable' :-go-string-), RESULT *reflect.Value
        [4] t3 = *t2, RESULT reflect.Value{
    typ_ *internal/abi.Type
    ptr unsafe.Pointer
    flag reflect.flag
}

        [5] t4 = Call static (reflect.Value).Comparable(t3), RESULT bool
        [6] return (t4)


ADDING instructions to (*reflect.Value).Complex
Added instruction: [0] t0 = Alloc local info(name: v, type: *reflect.Value, on stack), RESULT **reflect.Value
Added no value instruction: [1] *t0 = receiver: v *reflect.Value
Added instruction: [2] t1 = *t0, RESULT *reflect.Value
Added instruction: [3] t2 = Call builtin (t1,'reflect.Value' :-go-string-,'Complex' :-go-string-), RESULT *reflect.Value
Added instruction: [4] t3 = *t2, RESULT reflect.Value{
    typ_ *internal/abi.Type
    ptr unsafe.Pointer
    flag reflect.flag
}

Creating type go-func-(846)
Creating function (reflect.Value).Complex with type go-func-846(846)
Replacing existing synthetic bound method with concrete bound method
Added instruction: [5] t4 = Call static (reflect.Value).Complex(t3), RESULT complex128
Added no value instruction: [6] return ()
FINISHED adding instructions to (*reflect.Value).Complex
    entry: (predecessors:  successors:  not reachable
        [0] t0 = Alloc local info(name: v, type: *reflect.Value, on stack), RESULT **reflect.Value
        [1] *t0 = receiver: v *reflect.Value
        [2] t1 = *t0, RESULT *reflect.Value
        [3] t2 = Call builtin (t1,'reflect.Value' :-go-string-,'Complex' :-go-string-), RESULT *reflect.Value
        [4] t3 = *t2, RESULT reflect.Value{
    typ_ *internal/abi.Type
    ptr unsafe.Pointer
    flag reflect.flag
}

        [5] t4 = Call static (reflect.Value).Complex(t3), RESULT complex128
        [6] return (t4)


ADDING instructions to (*reflect.Value).Convert
Added instruction: [0] t0 = Alloc local info(name: v, type: *reflect.Value, on stack), RESULT **reflect.Value
Added no value instruction: [1] *t0 = receiver: v *reflect.Value
Added instruction: [2] t1 = *t0, RESULT *reflect.Value
Added instruction: [3] t2 = Call builtin (t1,'reflect.Value' :-go-string-,'Convert' :-go-string-), RESULT *reflect.Value
Added instruction: [4] t3 = *t2, RESULT reflect.Value{
    typ_ *internal/abi.Type
    ptr unsafe.Pointer
    flag reflect.flag
}

Creating type go-func-(847)
Creating function (reflect.Value).Convert with type go-func-847(847)
Replacing existing synthetic bound method with concrete bound method
Added instruction: [5] t4 = Call static (reflect.Value).Convert(t3,parameter: t reflect.Type), RESULT reflect.Value{
    typ_ *internal/abi.Type
    ptr unsafe.Pointer
    flag reflect.flag
}

Added no value instruction: [6] return ()
FINISHED adding instructions to (*reflect.Value).Convert
    entry: (predecessors:  successors:  not reachable
        [0] t0 = Alloc local info(name: v, type: *reflect.Value, on stack), RESULT **reflect.Value
        [1] *t0 = receiver: v *reflect.Value
        [2] t1 = *t0, RESULT *reflect.Value
        [3] t2 = Call builtin (t1,'reflect.Value' :-go-string-,'Convert' :-go-string-), RESULT *reflect.Value
        [4] t3 = *t2, RESULT reflect.Value{
    typ_ *internal/abi.Type
    ptr unsafe.Pointer
    flag reflect.flag
}

        [5] t4 = Call static (reflect.Value).Convert(t3,parameter: t reflect.Type), RESULT reflect.Value{
    typ_ *internal/abi.Type
    ptr unsafe.Pointer
    flag reflect.flag
}

        [6] return (t4)


ADDING instructions to (*reflect.Value).Elem
Added instruction: [0] t0 = Alloc local info(name: v, type: *reflect.Value, on stack), RESULT **reflect.Value
Added no value instruction: [1] *t0 = receiver: v *reflect.Value
Added instruction: [2] t1 = *t0, RESULT *reflect.Value
Added instruction: [3] t2 = Call builtin (t1,'reflect.Value' :-go-string-,'Elem' :-go-string-), RESULT *reflect.Value
Added instruction: [4] t3 = *t2, RESULT reflect.Value{
    typ_ *internal/abi.Type
    ptr unsafe.Pointer
    flag reflect.flag
}

Creating type go-func-(848)
Creating function (reflect.Value).Elem with type go-func-848(848)
Replacing existing synthetic bound method with concrete bound method
Added instruction: [5] t4 = Call static (reflect.Value).Elem(t3), RESULT reflect.Value{
    typ_ *internal/abi.Type
    ptr unsafe.Pointer
    flag reflect.flag
}

Added no value instruction: [6] return ()
FINISHED adding instructions to (*reflect.Value).Elem
    entry: (predecessors:  successors:  not reachable
        [0] t0 = Alloc local info(name: v, type: *reflect.Value, on stack), RESULT **reflect.Value
        [1] *t0 = receiver: v *reflect.Value
        [2] t1 = *t0, RESULT *reflect.Value
        [3] t2 = Call builtin (t1,'reflect.Value' :-go-string-,'Elem' :-go-string-), RESULT *reflect.Value
        [4] t3 = *t2, RESULT reflect.Value{
    typ_ *internal/abi.Type
    ptr unsafe.Pointer
    flag reflect.flag
}

        [5] t4 = Call static (reflect.Value).Elem(t3), RESULT reflect.Value{
    typ_ *internal/abi.Type
    ptr unsafe.Pointer
    flag reflect.flag
}

        [6] return (t4)


ADDING instructions to (*reflect.Value).Equal
Added instruction: [0] t0 = Alloc local info(name: v, type: *reflect.Value, on stack), RESULT **reflect.Value
Added no value instruction: [1] *t0 = receiver: v *reflect.Value
Added instruction: [2] t1 = *t0, RESULT *reflect.Value
Added instruction: [3] t2 = Call builtin (t1,'reflect.Value' :-go-string-,'Equal' :-go-string-), RESULT *reflect.Value
Added instruction: [4] t3 = *t2, RESULT reflect.Value{
    typ_ *internal/abi.Type
    ptr unsafe.Pointer
    flag reflect.flag
}

Creating type go-func-(849)
Creating function (reflect.Value).Equal with type go-func-849(849)
Replacing existing synthetic bound method with concrete bound method
Added instruction: [5] t4 = Call static (reflect.Value).Equal(t3,parameter: u reflect.Value), RESULT bool
Added no value instruction: [6] return ()
FINISHED adding instructions to (*reflect.Value).Equal
    entry: (predecessors:  successors:  not reachable
        [0] t0 = Alloc local info(name: v, type: *reflect.Value, on stack), RESULT **reflect.Value
        [1] *t0 = receiver: v *reflect.Value
        [2] t1 = *t0, RESULT *reflect.Value
        [3] t2 = Call builtin (t1,'reflect.Value' :-go-string-,'Equal' :-go-string-), RESULT *reflect.Value
        [4] t3 = *t2, RESULT reflect.Value{
    typ_ *internal/abi.Type
    ptr unsafe.Pointer
    flag reflect.flag
}

        [5] t4 = Call static (reflect.Value).Equal(t3,parameter: u reflect.Value), RESULT bool
        [6] return (t4)


ADDING instructions to (*reflect.Value).Field
Added instruction: [0] t0 = Alloc local info(name: v, type: *reflect.Value, on stack), RESULT **reflect.Value
Added no value instruction: [1] *t0 = receiver: v *reflect.Value
Added instruction: [2] t1 = *t0, RESULT *reflect.Value
Added instruction: [3] t2 = Call builtin (t1,'reflect.Value' :-go-string-,'Field' :-go-string-), RESULT *reflect.Value
Added instruction: [4] t3 = *t2, RESULT reflect.Value{
    typ_ *internal/abi.Type
    ptr unsafe.Pointer
    flag reflect.flag
}

Creating type go-func-(850)
Creating function (reflect.Value).Field with type go-func-850(850)
Replacing existing synthetic bound method with concrete bound method
Added instruction: [5] t4 = Call static (reflect.Value).Field(t3,parameter: i int), RESULT reflect.Value{
    typ_ *internal/abi.Type
    ptr unsafe.Pointer
    flag reflect.flag
}

Added no value instruction: [6] return ()
FINISHED adding instructions to (*reflect.Value).Field
    entry: (predecessors:  successors:  not reachable
        [0] t0 = Alloc local info(name: v, type: *reflect.Value, on stack), RESULT **reflect.Value
        [1] *t0 = receiver: v *reflect.Value
        [2] t1 = *t0, RESULT *reflect.Value
        [3] t2 = Call builtin (t1,'reflect.Value' :-go-string-,'Field' :-go-string-), RESULT *reflect.Value
        [4] t3 = *t2, RESULT reflect.Value{
    typ_ *internal/abi.Type
    ptr unsafe.Pointer
    flag reflect.flag
}

        [5] t4 = Call static (reflect.Value).Field(t3,parameter: i int), RESULT reflect.Value{
    typ_ *internal/abi.Type
    ptr unsafe.Pointer
    flag reflect.flag
}

        [6] return (t4)


ADDING instructions to (*reflect.Value).FieldByIndex
Added instruction: [0] t0 = Alloc local info(name: v, type: *reflect.Value, on stack), RESULT **reflect.Value
Added no value instruction: [1] *t0 = receiver: v *reflect.Value
Added instruction: [2] t1 = *t0, RESULT *reflect.Value
Added instruction: [3] t2 = Call builtin (t1,'reflect.Value' :-go-string-,'FieldByIndex' :-go-string-), RESULT *reflect.Value
Added instruction: [4] t3 = *t2, RESULT reflect.Value{
    typ_ *internal/abi.Type
    ptr unsafe.Pointer
    flag reflect.flag
}

Creating type go-func-(851)
Creating function (reflect.Value).FieldByIndex with type go-func-851(851)
Replacing existing synthetic bound method with concrete bound method
Added instruction: [5] t4 = Call static (reflect.Value).FieldByIndex(t3,parameter: index []int), RESULT reflect.Value{
    typ_ *internal/abi.Type
    ptr unsafe.Pointer
    flag reflect.flag
}

Added no value instruction: [6] return ()
FINISHED adding instructions to (*reflect.Value).FieldByIndex
    entry: (predecessors:  successors:  not reachable
        [0] t0 = Alloc local info(name: v, type: *reflect.Value, on stack), RESULT **reflect.Value
        [1] *t0 = receiver: v *reflect.Value
        [2] t1 = *t0, RESULT *reflect.Value
        [3] t2 = Call builtin (t1,'reflect.Value' :-go-string-,'FieldByIndex' :-go-string-), RESULT *reflect.Value
        [4] t3 = *t2, RESULT reflect.Value{
    typ_ *internal/abi.Type
    ptr unsafe.Pointer
    flag reflect.flag
}

        [5] t4 = Call static (reflect.Value).FieldByIndex(t3,parameter: index []int), RESULT reflect.Value{
    typ_ *internal/abi.Type
    ptr unsafe.Pointer
    flag reflect.flag
}

        [6] return (t4)


ADDING instructions to (*reflect.Value).FieldByIndexErr
Added instruction: [0] t0 = Alloc local info(name: v, type: *reflect.Value, on stack), RESULT **reflect.Value
Added no value instruction: [1] *t0 = receiver: v *reflect.Value
Added instruction: [2] t1 = *t0, RESULT *reflect.Value
Added instruction: [3] t2 = Call builtin (t1,'reflect.Value' :-go-string-,'FieldByIndexErr' :-go-string-), RESULT *reflect.Value
Added instruction: [4] t3 = *t2, RESULT reflect.Value{
    typ_ *internal/abi.Type
    ptr unsafe.Pointer
    flag reflect.flag
}

Creating type go-func-(852)
Creating function (reflect.Value).FieldByIndexErr with type go-func-852(852)
Replacing existing synthetic bound method with concrete bound method
Creating type (reflect.Value, error)-Ret-Type(853)
Creating type *(reflect.Value, error)-Ret-Type(854)
Base of just created pointer type is (reflect.Value, error)-Ret-Type(853)
Added instruction: [5] t4 = Call static (reflect.Value).FieldByIndexErr(t3,parameter: index []int), RESULT *(reflect.Value, error)-Ret-Type
Added instruction: [6] t5 = extract  field 0 from t4, RESULT reflect.Value{
    typ_ *internal/abi.Type
    ptr unsafe.Pointer
    flag reflect.flag
}

Added instruction: [7] t6 = extract  field 1 from t4, RESULT error
Added no value instruction: [8] return ()
FINISHED adding instructions to (*reflect.Value).FieldByIndexErr
    entry: (predecessors:  successors:  not reachable
        [0] t0 = Alloc local info(name: v, type: *reflect.Value, on stack), RESULT **reflect.Value
        [1] *t0 = receiver: v *reflect.Value
        [2] t1 = *t0, RESULT *reflect.Value
        [3] t2 = Call builtin (t1,'reflect.Value' :-go-string-,'FieldByIndexErr' :-go-string-), RESULT *reflect.Value
        [4] t3 = *t2, RESULT reflect.Value{
    typ_ *internal/abi.Type
    ptr unsafe.Pointer
    flag reflect.flag
}

        [5] t4 = Call static (reflect.Value).FieldByIndexErr(t3,parameter: index []int), RESULT *(reflect.Value, error)-Ret-Type
        [6] t5 = extract  field 0 from t4, RESULT reflect.Value{
    typ_ *internal/abi.Type
    ptr unsafe.Pointer
    flag reflect.flag
}

        [7] t6 = extract  field 1 from t4, RESULT error
        [8] return (t5,t6)


ADDING instructions to (*reflect.Value).FieldByName
Added instruction: [0] t0 = Alloc local info(name: v, type: *reflect.Value, on stack), RESULT **reflect.Value
Added no value instruction: [1] *t0 = receiver: v *reflect.Value
Added instruction: [2] t1 = *t0, RESULT *reflect.Value
Added instruction: [3] t2 = Call builtin (t1,'reflect.Value' :-go-string-,'FieldByName' :-go-string-), RESULT *reflect.Value
Added instruction: [4] t3 = *t2, RESULT reflect.Value{
    typ_ *internal/abi.Type
    ptr unsafe.Pointer
    flag reflect.flag
}

Creating type go-func-(855)
Creating function (reflect.Value).FieldByName with type go-func-855(855)
Replacing existing synthetic bound method with concrete bound method
Added instruction: [5] t4 = Call static (reflect.Value).FieldByName(t3,parameter: name -go-string-), RESULT reflect.Value{
    typ_ *internal/abi.Type
    ptr unsafe.Pointer
    flag reflect.flag
}

Added no value instruction: [6] return ()
FINISHED adding instructions to (*reflect.Value).FieldByName
    entry: (predecessors:  successors:  not reachable
        [0] t0 = Alloc local info(name: v, type: *reflect.Value, on stack), RESULT **reflect.Value
        [1] *t0 = receiver: v *reflect.Value
        [2] t1 = *t0, RESULT *reflect.Value
        [3] t2 = Call builtin (t1,'reflect.Value' :-go-string-,'FieldByName' :-go-string-), RESULT *reflect.Value
        [4] t3 = *t2, RESULT reflect.Value{
    typ_ *internal/abi.Type
    ptr unsafe.Pointer
    flag reflect.flag
}

        [5] t4 = Call static (reflect.Value).FieldByName(t3,parameter: name -go-string-), RESULT reflect.Value{
    typ_ *internal/abi.Type
    ptr unsafe.Pointer
    flag reflect.flag
}

        [6] return (t4)


ADDING instructions to (*reflect.Value).FieldByNameFunc
Added instruction: [0] t0 = Alloc local info(name: v, type: *reflect.Value, on stack), RESULT **reflect.Value
Added no value instruction: [1] *t0 = receiver: v *reflect.Value
Added instruction: [2] t1 = *t0, RESULT *reflect.Value
Added instruction: [3] t2 = Call builtin (t1,'reflect.Value' :-go-string-,'FieldByNameFunc' :-go-string-), RESULT *reflect.Value
Added instruction: [4] t3 = *t2, RESULT reflect.Value{
    typ_ *internal/abi.Type
    ptr unsafe.Pointer
    flag reflect.flag
}

Creating type go-func-(856)
Creating function (reflect.Value).FieldByNameFunc with type go-func-856(856)
Replacing existing synthetic bound method with concrete bound method
Added instruction: [5] t4 = Call static (reflect.Value).FieldByNameFunc(t3,parameter: match go-func-473), RESULT reflect.Value{
    typ_ *internal/abi.Type
    ptr unsafe.Pointer
    flag reflect.flag
}

Added no value instruction: [6] return ()
FINISHED adding instructions to (*reflect.Value).FieldByNameFunc
    entry: (predecessors:  successors:  not reachable
        [0] t0 = Alloc local info(name: v, type: *reflect.Value, on stack), RESULT **reflect.Value
        [1] *t0 = receiver: v *reflect.Value
        [2] t1 = *t0, RESULT *reflect.Value
        [3] t2 = Call builtin (t1,'reflect.Value' :-go-string-,'FieldByNameFunc' :-go-string-), RESULT *reflect.Value
        [4] t3 = *t2, RESULT reflect.Value{
    typ_ *internal/abi.Type
    ptr unsafe.Pointer
    flag reflect.flag
}

        [5] t4 = Call static (reflect.Value).FieldByNameFunc(t3,parameter: match go-func-473), RESULT reflect.Value{
    typ_ *internal/abi.Type
    ptr unsafe.Pointer
    flag reflect.flag
}

        [6] return (t4)


ADDING instructions to (*reflect.Value).Float
Added instruction: [0] t0 = Alloc local info(name: v, type: *reflect.Value, on stack), RESULT **reflect.Value
Added no value instruction: [1] *t0 = receiver: v *reflect.Value
Added instruction: [2] t1 = *t0, RESULT *reflect.Value
Added instruction: [3] t2 = Call builtin (t1,'reflect.Value' :-go-string-,'Float' :-go-string-), RESULT *reflect.Value
Added instruction: [4] t3 = *t2, RESULT reflect.Value{
    typ_ *internal/abi.Type
    ptr unsafe.Pointer
    flag reflect.flag
}

Creating type go-func-(857)
Creating function (reflect.Value).Float with type go-func-857(857)
Replacing existing synthetic bound method with concrete bound method
Added instruction: [5] t4 = Call static (reflect.Value).Float(t3), RESULT float64
Added no value instruction: [6] return ()
FINISHED adding instructions to (*reflect.Value).Float
    entry: (predecessors:  successors:  not reachable
        [0] t0 = Alloc local info(name: v, type: *reflect.Value, on stack), RESULT **reflect.Value
        [1] *t0 = receiver: v *reflect.Value
        [2] t1 = *t0, RESULT *reflect.Value
        [3] t2 = Call builtin (t1,'reflect.Value' :-go-string-,'Float' :-go-string-), RESULT *reflect.Value
        [4] t3 = *t2, RESULT reflect.Value{
    typ_ *internal/abi.Type
    ptr unsafe.Pointer
    flag reflect.flag
}

        [5] t4 = Call static (reflect.Value).Float(t3), RESULT float64
        [6] return (t4)


ADDING instructions to (*reflect.Value).Grow
Added instruction: [0] t0 = Alloc local info(name: v, type: *reflect.Value, on stack), RESULT **reflect.Value
Added no value instruction: [1] *t0 = receiver: v *reflect.Value
Added instruction: [2] t1 = *t0, RESULT *reflect.Value
Added instruction: [3] t2 = Call builtin (t1,'reflect.Value' :-go-string-,'Grow' :-go-string-), RESULT *reflect.Value
Added instruction: [4] t3 = *t2, RESULT reflect.Value{
    typ_ *internal/abi.Type
    ptr unsafe.Pointer
    flag reflect.flag
}

Creating type go-func-(858)
Creating function (reflect.Value).Grow with type go-func-858(858)
Replacing existing synthetic bound method with concrete bound method
Added instruction: [5] t4 = Call static (reflect.Value).Grow(t3,parameter: n int), RESULT void
Added no value instruction: [6] return ()
FINISHED adding instructions to (*reflect.Value).Grow
    entry: (predecessors:  successors:  not reachable
        [0] t0 = Alloc local info(name: v, type: *reflect.Value, on stack), RESULT **reflect.Value
        [1] *t0 = receiver: v *reflect.Value
        [2] t1 = *t0, RESULT *reflect.Value
        [3] t2 = Call builtin (t1,'reflect.Value' :-go-string-,'Grow' :-go-string-), RESULT *reflect.Value
        [4] t3 = *t2, RESULT reflect.Value{
    typ_ *internal/abi.Type
    ptr unsafe.Pointer
    flag reflect.flag
}

        [5] t4 = Call static (reflect.Value).Grow(t3,parameter: n int), RESULT void
        [6] return ()


ADDING instructions to (*reflect.Value).Index
Added instruction: [0] t0 = Alloc local info(name: v, type: *reflect.Value, on stack), RESULT **reflect.Value
Added no value instruction: [1] *t0 = receiver: v *reflect.Value
Added instruction: [2] t1 = *t0, RESULT *reflect.Value
Added instruction: [3] t2 = Call builtin (t1,'reflect.Value' :-go-string-,'Index' :-go-string-), RESULT *reflect.Value
Added instruction: [4] t3 = *t2, RESULT reflect.Value{
    typ_ *internal/abi.Type
    ptr unsafe.Pointer
    flag reflect.flag
}

Creating type go-func-(859)
Creating function (reflect.Value).Index with type go-func-859(859)
Replacing existing synthetic bound method with concrete bound method
Added instruction: [5] t4 = Call static (reflect.Value).Index(t3,parameter: i int), RESULT reflect.Value{
    typ_ *internal/abi.Type
    ptr unsafe.Pointer
    flag reflect.flag
}

Added no value instruction: [6] return ()
FINISHED adding instructions to (*reflect.Value).Index
    entry: (predecessors:  successors:  not reachable
        [0] t0 = Alloc local info(name: v, type: *reflect.Value, on stack), RESULT **reflect.Value
        [1] *t0 = receiver: v *reflect.Value
        [2] t1 = *t0, RESULT *reflect.Value
        [3] t2 = Call builtin (t1,'reflect.Value' :-go-string-,'Index' :-go-string-), RESULT *reflect.Value
        [4] t3 = *t2, RESULT reflect.Value{
    typ_ *internal/abi.Type
    ptr unsafe.Pointer
    flag reflect.flag
}

        [5] t4 = Call static (reflect.Value).Index(t3,parameter: i int), RESULT reflect.Value{
    typ_ *internal/abi.Type
    ptr unsafe.Pointer
    flag reflect.flag
}

        [6] return (t4)


ADDING instructions to (*reflect.Value).Int
Added instruction: [0] t0 = Alloc local info(name: v, type: *reflect.Value, on stack), RESULT **reflect.Value
Added no value instruction: [1] *t0 = receiver: v *reflect.Value
Added instruction: [2] t1 = *t0, RESULT *reflect.Value
Added instruction: [3] t2 = Call builtin (t1,'reflect.Value' :-go-string-,'Int' :-go-string-), RESULT *reflect.Value
Added instruction: [4] t3 = *t2, RESULT reflect.Value{
    typ_ *internal/abi.Type
    ptr unsafe.Pointer
    flag reflect.flag
}

Creating type go-func-(860)
Creating function (reflect.Value).Int with type go-func-860(860)
Replacing existing synthetic bound method with concrete bound method
Added instruction: [5] t4 = Call static (reflect.Value).Int(t3), RESULT int64
Added no value instruction: [6] return ()
FINISHED adding instructions to (*reflect.Value).Int
    entry: (predecessors:  successors:  not reachable
        [0] t0 = Alloc local info(name: v, type: *reflect.Value, on stack), RESULT **reflect.Value
        [1] *t0 = receiver: v *reflect.Value
        [2] t1 = *t0, RESULT *reflect.Value
        [3] t2 = Call builtin (t1,'reflect.Value' :-go-string-,'Int' :-go-string-), RESULT *reflect.Value
        [4] t3 = *t2, RESULT reflect.Value{
    typ_ *internal/abi.Type
    ptr unsafe.Pointer
    flag reflect.flag
}

        [5] t4 = Call static (reflect.Value).Int(t3), RESULT int64
        [6] return (t4)


ADDING instructions to (*reflect.Value).Interface
Added instruction: [0] t0 = Alloc local info(name: v, type: *reflect.Value, on stack), RESULT **reflect.Value
Added no value instruction: [1] *t0 = receiver: v *reflect.Value
Added instruction: [2] t1 = *t0, RESULT *reflect.Value
Added instruction: [3] t2 = Call builtin (t1,'reflect.Value' :-go-string-,'Interface' :-go-string-), RESULT *reflect.Value
Added instruction: [4] t3 = *t2, RESULT reflect.Value{
    typ_ *internal/abi.Type
    ptr unsafe.Pointer
    flag reflect.flag
}

Creating type go-func-(861)
Creating function (reflect.Value).Interface with type go-func-861(861)
Replacing existing synthetic bound method with concrete bound method
Added instruction: [5] t4 = Call static (reflect.Value).Interface(t3), RESULT -go-any
Added no value instruction: [6] return ()
FINISHED adding instructions to (*reflect.Value).Interface
    entry: (predecessors:  successors:  not reachable
        [0] t0 = Alloc local info(name: v, type: *reflect.Value, on stack), RESULT **reflect.Value
        [1] *t0 = receiver: v *reflect.Value
        [2] t1 = *t0, RESULT *reflect.Value
        [3] t2 = Call builtin (t1,'reflect.Value' :-go-string-,'Interface' :-go-string-), RESULT *reflect.Value
        [4] t3 = *t2, RESULT reflect.Value{
    typ_ *internal/abi.Type
    ptr unsafe.Pointer
    flag reflect.flag
}

        [5] t4 = Call static (reflect.Value).Interface(t3), RESULT -go-any
        [6] return (t4)


ADDING instructions to (*reflect.Value).InterfaceData
Added instruction: [0] t0 = Alloc local info(name: v, type: *reflect.Value, on stack), RESULT **reflect.Value
Added no value instruction: [1] *t0 = receiver: v *reflect.Value
Added instruction: [2] t1 = *t0, RESULT *reflect.Value
Added instruction: [3] t2 = Call builtin (t1,'reflect.Value' :-go-string-,'InterfaceData' :-go-string-), RESULT *reflect.Value
Added instruction: [4] t3 = *t2, RESULT reflect.Value{
    typ_ *internal/abi.Type
    ptr unsafe.Pointer
    flag reflect.flag
}

Creating type go-func-(862)
Creating function (reflect.Value).InterfaceData with type go-func-862(862)
Replacing existing synthetic bound method with concrete bound method
Added instruction: [5] t4 = Call static (reflect.Value).InterfaceData(t3), RESULT uintptr[2]
Added no value instruction: [6] return ()
FINISHED adding instructions to (*reflect.Value).InterfaceData
    entry: (predecessors:  successors:  not reachable
        [0] t0 = Alloc local info(name: v, type: *reflect.Value, on stack), RESULT **reflect.Value
        [1] *t0 = receiver: v *reflect.Value
        [2] t1 = *t0, RESULT *reflect.Value
        [3] t2 = Call builtin (t1,'reflect.Value' :-go-string-,'InterfaceData' :-go-string-), RESULT *reflect.Value
        [4] t3 = *t2, RESULT reflect.Value{
    typ_ *internal/abi.Type
    ptr unsafe.Pointer
    flag reflect.flag
}

        [5] t4 = Call static (reflect.Value).InterfaceData(t3), RESULT uintptr[2]
        [6] return (t4)


ADDING instructions to (*reflect.Value).IsNil
Added instruction: [0] t0 = Alloc local info(name: v, type: *reflect.Value, on stack), RESULT **reflect.Value
Added no value instruction: [1] *t0 = receiver: v *reflect.Value
Added instruction: [2] t1 = *t0, RESULT *reflect.Value
Added instruction: [3] t2 = Call builtin (t1,'reflect.Value' :-go-string-,'IsNil' :-go-string-), RESULT *reflect.Value
Added instruction: [4] t3 = *t2, RESULT reflect.Value{
    typ_ *internal/abi.Type
    ptr unsafe.Pointer
    flag reflect.flag
}

Creating type go-func-(863)
Creating function (reflect.Value).IsNil with type go-func-863(863)
Replacing existing synthetic bound method with concrete bound method
Added instruction: [5] t4 = Call static (reflect.Value).IsNil(t3), RESULT bool
Added no value instruction: [6] return ()
FINISHED adding instructions to (*reflect.Value).IsNil
    entry: (predecessors:  successors:  not reachable
        [0] t0 = Alloc local info(name: v, type: *reflect.Value, on stack), RESULT **reflect.Value
        [1] *t0 = receiver: v *reflect.Value
        [2] t1 = *t0, RESULT *reflect.Value
        [3] t2 = Call builtin (t1,'reflect.Value' :-go-string-,'IsNil' :-go-string-), RESULT *reflect.Value
        [4] t3 = *t2, RESULT reflect.Value{
    typ_ *internal/abi.Type
    ptr unsafe.Pointer
    flag reflect.flag
}

        [5] t4 = Call static (reflect.Value).IsNil(t3), RESULT bool
        [6] return (t4)


ADDING instructions to (*reflect.Value).IsValid
Added instruction: [0] t0 = Alloc local info(name: v, type: *reflect.Value, on stack), RESULT **reflect.Value
Added no value instruction: [1] *t0 = receiver: v *reflect.Value
Added instruction: [2] t1 = *t0, RESULT *reflect.Value
Added instruction: [3] t2 = Call builtin (t1,'reflect.Value' :-go-string-,'IsValid' :-go-string-), RESULT *reflect.Value
Added instruction: [4] t3 = *t2, RESULT reflect.Value{
    typ_ *internal/abi.Type
    ptr unsafe.Pointer
    flag reflect.flag
}

Creating type go-func-(864)
Creating function (reflect.Value).IsValid with type go-func-864(864)
Replacing existing synthetic bound method with concrete bound method
Added instruction: [5] t4 = Call static (reflect.Value).IsValid(t3), RESULT bool
Added no value instruction: [6] return ()
FINISHED adding instructions to (*reflect.Value).IsValid
    entry: (predecessors:  successors:  not reachable
        [0] t0 = Alloc local info(name: v, type: *reflect.Value, on stack), RESULT **reflect.Value
        [1] *t0 = receiver: v *reflect.Value
        [2] t1 = *t0, RESULT *reflect.Value
        [3] t2 = Call builtin (t1,'reflect.Value' :-go-string-,'IsValid' :-go-string-), RESULT *reflect.Value
        [4] t3 = *t2, RESULT reflect.Value{
    typ_ *internal/abi.Type
    ptr unsafe.Pointer
    flag reflect.flag
}

        [5] t4 = Call static (reflect.Value).IsValid(t3), RESULT bool
        [6] return (t4)


ADDING instructions to (*reflect.Value).IsZero
Added instruction: [0] t0 = Alloc local info(name: v, type: *reflect.Value, on stack), RESULT **reflect.Value
Added no value instruction: [1] *t0 = receiver: v *reflect.Value
Added instruction: [2] t1 = *t0, RESULT *reflect.Value
Added instruction: [3] t2 = Call builtin (t1,'reflect.Value' :-go-string-,'IsZero' :-go-string-), RESULT *reflect.Value
Added instruction: [4] t3 = *t2, RESULT reflect.Value{
    typ_ *internal/abi.Type
    ptr unsafe.Pointer
    flag reflect.flag
}

Creating type go-func-(865)
Creating function (reflect.Value).IsZero with type go-func-865(865)
Replacing existing synthetic bound method with concrete bound method
Added instruction: [5] t4 = Call static (reflect.Value).IsZero(t3), RESULT bool
Added no value instruction: [6] return ()
FINISHED adding instructions to (*reflect.Value).IsZero
    entry: (predecessors:  successors:  not reachable
        [0] t0 = Alloc local info(name: v, type: *reflect.Value, on stack), RESULT **reflect.Value
        [1] *t0 = receiver: v *reflect.Value
        [2] t1 = *t0, RESULT *reflect.Value
        [3] t2 = Call builtin (t1,'reflect.Value' :-go-string-,'IsZero' :-go-string-), RESULT *reflect.Value
        [4] t3 = *t2, RESULT reflect.Value{
    typ_ *internal/abi.Type
    ptr unsafe.Pointer
    flag reflect.flag
}

        [5] t4 = Call static (reflect.Value).IsZero(t3), RESULT bool
        [6] return (t4)


ADDING instructions to (*reflect.Value).Kind
Added instruction: [0] t0 = Alloc local info(name: v, type: *reflect.Value, on stack), RESULT **reflect.Value
Added no value instruction: [1] *t0 = receiver: v *reflect.Value
Added instruction: [2] t1 = *t0, RESULT *reflect.Value
Added instruction: [3] t2 = Call builtin (t1,'reflect.Value' :-go-string-,'Kind' :-go-string-), RESULT *reflect.Value
Added instruction: [4] t3 = *t2, RESULT reflect.Value{
    typ_ *internal/abi.Type
    ptr unsafe.Pointer
    flag reflect.flag
}

Creating type go-func-(866)
Creating function (reflect.Value).Kind with type go-func-866(866)
Replacing existing synthetic bound method with concrete bound method
Added instruction: [5] t4 = Call static (reflect.Value).Kind(t3), RESULT reflect.Kind
Added no value instruction: [6] return ()
FINISHED adding instructions to (*reflect.Value).Kind
    entry: (predecessors:  successors:  not reachable
        [0] t0 = Alloc local info(name: v, type: *reflect.Value, on stack), RESULT **reflect.Value
        [1] *t0 = receiver: v *reflect.Value
        [2] t1 = *t0, RESULT *reflect.Value
        [3] t2 = Call builtin (t1,'reflect.Value' :-go-string-,'Kind' :-go-string-), RESULT *reflect.Value
        [4] t3 = *t2, RESULT reflect.Value{
    typ_ *internal/abi.Type
    ptr unsafe.Pointer
    flag reflect.flag
}

        [5] t4 = Call static (reflect.Value).Kind(t3), RESULT reflect.Kind
        [6] return (t4)


ADDING instructions to (*reflect.Value).Len
Added instruction: [0] t0 = Alloc local info(name: v, type: *reflect.Value, on stack), RESULT **reflect.Value
Added no value instruction: [1] *t0 = receiver: v *reflect.Value
Added instruction: [2] t1 = *t0, RESULT *reflect.Value
Added instruction: [3] t2 = Call builtin (t1,'reflect.Value' :-go-string-,'Len' :-go-string-), RESULT *reflect.Value
Added instruction: [4] t3 = *t2, RESULT reflect.Value{
    typ_ *internal/abi.Type
    ptr unsafe.Pointer
    flag reflect.flag
}

Creating type go-func-(867)
Creating function (reflect.Value).Len with type go-func-867(867)
Replacing existing synthetic bound method with concrete bound method
Added instruction: [5] t4 = Call static (reflect.Value).Len(t3), RESULT int
Added no value instruction: [6] return ()
FINISHED adding instructions to (*reflect.Value).Len
    entry: (predecessors:  successors:  not reachable
        [0] t0 = Alloc local info(name: v, type: *reflect.Value, on stack), RESULT **reflect.Value
        [1] *t0 = receiver: v *reflect.Value
        [2] t1 = *t0, RESULT *reflect.Value
        [3] t2 = Call builtin (t1,'reflect.Value' :-go-string-,'Len' :-go-string-), RESULT *reflect.Value
        [4] t3 = *t2, RESULT reflect.Value{
    typ_ *internal/abi.Type
    ptr unsafe.Pointer
    flag reflect.flag
}

        [5] t4 = Call static (reflect.Value).Len(t3), RESULT int
        [6] return (t4)


ADDING instructions to (*reflect.Value).MapIndex
Added instruction: [0] t0 = Alloc local info(name: v, type: *reflect.Value, on stack), RESULT **reflect.Value
Added no value instruction: [1] *t0 = receiver: v *reflect.Value
Added instruction: [2] t1 = *t0, RESULT *reflect.Value
Added instruction: [3] t2 = Call builtin (t1,'reflect.Value' :-go-string-,'MapIndex' :-go-string-), RESULT *reflect.Value
Added instruction: [4] t3 = *t2, RESULT reflect.Value{
    typ_ *internal/abi.Type
    ptr unsafe.Pointer
    flag reflect.flag
}

Creating type go-func-(868)
Creating function (reflect.Value).MapIndex with type go-func-868(868)
Replacing existing synthetic bound method with concrete bound method
Added instruction: [5] t4 = Call static (reflect.Value).MapIndex(t3,parameter: key reflect.Value), RESULT reflect.Value{
    typ_ *internal/abi.Type
    ptr unsafe.Pointer
    flag reflect.flag
}

Added no value instruction: [6] return ()
FINISHED adding instructions to (*reflect.Value).MapIndex
    entry: (predecessors:  successors:  not reachable
        [0] t0 = Alloc local info(name: v, type: *reflect.Value, on stack), RESULT **reflect.Value
        [1] *t0 = receiver: v *reflect.Value
        [2] t1 = *t0, RESULT *reflect.Value
        [3] t2 = Call builtin (t1,'reflect.Value' :-go-string-,'MapIndex' :-go-string-), RESULT *reflect.Value
        [4] t3 = *t2, RESULT reflect.Value{
    typ_ *internal/abi.Type
    ptr unsafe.Pointer
    flag reflect.flag
}

        [5] t4 = Call static (reflect.Value).MapIndex(t3,parameter: key reflect.Value), RESULT reflect.Value{
    typ_ *internal/abi.Type
    ptr unsafe.Pointer
    flag reflect.flag
}

        [6] return (t4)


ADDING instructions to (*reflect.Value).MapKeys
Added instruction: [0] t0 = Alloc local info(name: v, type: *reflect.Value, on stack), RESULT **reflect.Value
Added no value instruction: [1] *t0 = receiver: v *reflect.Value
Added instruction: [2] t1 = *t0, RESULT *reflect.Value
Added instruction: [3] t2 = Call builtin (t1,'reflect.Value' :-go-string-,'MapKeys' :-go-string-), RESULT *reflect.Value
Added instruction: [4] t3 = *t2, RESULT reflect.Value{
    typ_ *internal/abi.Type
    ptr unsafe.Pointer
    flag reflect.flag
}

Creating type go-func-(869)
Creating function (reflect.Value).MapKeys with type go-func-869(869)
Replacing existing synthetic bound method with concrete bound method
Added instruction: [5] t4 = Call static (reflect.Value).MapKeys(t3), RESULT []reflect.Value
Added no value instruction: [6] return ()
FINISHED adding instructions to (*reflect.Value).MapKeys
    entry: (predecessors:  successors:  not reachable
        [0] t0 = Alloc local info(name: v, type: *reflect.Value, on stack), RESULT **reflect.Value
        [1] *t0 = receiver: v *reflect.Value
        [2] t1 = *t0, RESULT *reflect.Value
        [3] t2 = Call builtin (t1,'reflect.Value' :-go-string-,'MapKeys' :-go-string-), RESULT *reflect.Value
        [4] t3 = *t2, RESULT reflect.Value{
    typ_ *internal/abi.Type
    ptr unsafe.Pointer
    flag reflect.flag
}

        [5] t4 = Call static (reflect.Value).MapKeys(t3), RESULT []reflect.Value
        [6] return (t4)


ADDING instructions to (*reflect.Value).MapRange
Added instruction: [0] t0 = Alloc local info(name: v, type: *reflect.Value, on stack), RESULT **reflect.Value
Added no value instruction: [1] *t0 = receiver: v *reflect.Value
Added instruction: [2] t1 = *t0, RESULT *reflect.Value
Added instruction: [3] t2 = Call builtin (t1,'reflect.Value' :-go-string-,'MapRange' :-go-string-), RESULT *reflect.Value
Added instruction: [4] t3 = *t2, RESULT reflect.Value{
    typ_ *internal/abi.Type
    ptr unsafe.Pointer
    flag reflect.flag
}

Creating type go-func-(870)
Creating function (reflect.Value).MapRange with type go-func-870(870)
Replacing existing synthetic bound method with concrete bound method
Added instruction: [5] t4 = Call static (reflect.Value).MapRange(t3), RESULT *reflect.MapIter
Added no value instruction: [6] return ()
FINISHED adding instructions to (*reflect.Value).MapRange
    entry: (predecessors:  successors:  not reachable
        [0] t0 = Alloc local info(name: v, type: *reflect.Value, on stack), RESULT **reflect.Value
        [1] *t0 = receiver: v *reflect.Value
        [2] t1 = *t0, RESULT *reflect.Value
        [3] t2 = Call builtin (t1,'reflect.Value' :-go-string-,'MapRange' :-go-string-), RESULT *reflect.Value
        [4] t3 = *t2, RESULT reflect.Value{
    typ_ *internal/abi.Type
    ptr unsafe.Pointer
    flag reflect.flag
}

        [5] t4 = Call static (reflect.Value).MapRange(t3), RESULT *reflect.MapIter
        [6] return (t4)


ADDING instructions to (*reflect.Value).Method
Added instruction: [0] t0 = Alloc local info(name: v, type: *reflect.Value, on stack), RESULT **reflect.Value
Added no value instruction: [1] *t0 = receiver: v *reflect.Value
Added instruction: [2] t1 = *t0, RESULT *reflect.Value
Added instruction: [3] t2 = Call builtin (t1,'reflect.Value' :-go-string-,'Method' :-go-string-), RESULT *reflect.Value
Added instruction: [4] t3 = *t2, RESULT reflect.Value{
    typ_ *internal/abi.Type
    ptr unsafe.Pointer
    flag reflect.flag
}

Creating type go-func-(871)
Creating function (reflect.Value).Method with type go-func-871(871)
Replacing existing synthetic bound method with concrete bound method
Added instruction: [5] t4 = Call static (reflect.Value).Method(t3,parameter: i int), RESULT reflect.Value{
    typ_ *internal/abi.Type
    ptr unsafe.Pointer
    flag reflect.flag
}

Added no value instruction: [6] return ()
FINISHED adding instructions to (*reflect.Value).Method
    entry: (predecessors:  successors:  not reachable
        [0] t0 = Alloc local info(name: v, type: *reflect.Value, on stack), RESULT **reflect.Value
        [1] *t0 = receiver: v *reflect.Value
        [2] t1 = *t0, RESULT *reflect.Value
        [3] t2 = Call builtin (t1,'reflect.Value' :-go-string-,'Method' :-go-string-), RESULT *reflect.Value
        [4] t3 = *t2, RESULT reflect.Value{
    typ_ *internal/abi.Type
    ptr unsafe.Pointer
    flag reflect.flag
}

        [5] t4 = Call static (reflect.Value).Method(t3,parameter: i int), RESULT reflect.Value{
    typ_ *internal/abi.Type
    ptr unsafe.Pointer
    flag reflect.flag
}

        [6] return (t4)


ADDING instructions to (*reflect.Value).MethodByName
Added instruction: [0] t0 = Alloc local info(name: v, type: *reflect.Value, on stack), RESULT **reflect.Value
Added no value instruction: [1] *t0 = receiver: v *reflect.Value
Added instruction: [2] t1 = *t0, RESULT *reflect.Value
Added instruction: [3] t2 = Call builtin (t1,'reflect.Value' :-go-string-,'MethodByName' :-go-string-), RESULT *reflect.Value
Added instruction: [4] t3 = *t2, RESULT reflect.Value{
    typ_ *internal/abi.Type
    ptr unsafe.Pointer
    flag reflect.flag
}

Creating type go-func-(872)
Creating function (reflect.Value).MethodByName with type go-func-872(872)
Replacing existing synthetic bound method with concrete bound method
Added instruction: [5] t4 = Call static (reflect.Value).MethodByName(t3,parameter: name -go-string-), RESULT reflect.Value{
    typ_ *internal/abi.Type
    ptr unsafe.Pointer
    flag reflect.flag
}

Added no value instruction: [6] return ()
FINISHED adding instructions to (*reflect.Value).MethodByName
    entry: (predecessors:  successors:  not reachable
        [0] t0 = Alloc local info(name: v, type: *reflect.Value, on stack), RESULT **reflect.Value
        [1] *t0 = receiver: v *reflect.Value
        [2] t1 = *t0, RESULT *reflect.Value
        [3] t2 = Call builtin (t1,'reflect.Value' :-go-string-,'MethodByName' :-go-string-), RESULT *reflect.Value
        [4] t3 = *t2, RESULT reflect.Value{
    typ_ *internal/abi.Type
    ptr unsafe.Pointer
    flag reflect.flag
}

        [5] t4 = Call static (reflect.Value).MethodByName(t3,parameter: name -go-string-), RESULT reflect.Value{
    typ_ *internal/abi.Type
    ptr unsafe.Pointer
    flag reflect.flag
}

        [6] return (t4)


ADDING instructions to (*reflect.Value).NumField
Added instruction: [0] t0 = Alloc local info(name: v, type: *reflect.Value, on stack), RESULT **reflect.Value
Added no value instruction: [1] *t0 = receiver: v *reflect.Value
Added instruction: [2] t1 = *t0, RESULT *reflect.Value
Added instruction: [3] t2 = Call builtin (t1,'reflect.Value' :-go-string-,'NumField' :-go-string-), RESULT *reflect.Value
Added instruction: [4] t3 = *t2, RESULT reflect.Value{
    typ_ *internal/abi.Type
    ptr unsafe.Pointer
    flag reflect.flag
}

Creating type go-func-(873)
Creating function (reflect.Value).NumField with type go-func-873(873)
Replacing existing synthetic bound method with concrete bound method
Added instruction: [5] t4 = Call static (reflect.Value).NumField(t3), RESULT int
Added no value instruction: [6] return ()
FINISHED adding instructions to (*reflect.Value).NumField
    entry: (predecessors:  successors:  not reachable
        [0] t0 = Alloc local info(name: v, type: *reflect.Value, on stack), RESULT **reflect.Value
        [1] *t0 = receiver: v *reflect.Value
        [2] t1 = *t0, RESULT *reflect.Value
        [3] t2 = Call builtin (t1,'reflect.Value' :-go-string-,'NumField' :-go-string-), RESULT *reflect.Value
        [4] t3 = *t2, RESULT reflect.Value{
    typ_ *internal/abi.Type
    ptr unsafe.Pointer
    flag reflect.flag
}

        [5] t4 = Call static (reflect.Value).NumField(t3), RESULT int
        [6] return (t4)


ADDING instructions to (*reflect.Value).NumMethod
Added instruction: [0] t0 = Alloc local info(name: v, type: *reflect.Value, on stack), RESULT **reflect.Value
Added no value instruction: [1] *t0 = receiver: v *reflect.Value
Added instruction: [2] t1 = *t0, RESULT *reflect.Value
Added instruction: [3] t2 = Call builtin (t1,'reflect.Value' :-go-string-,'NumMethod' :-go-string-), RESULT *reflect.Value
Added instruction: [4] t3 = *t2, RESULT reflect.Value{
    typ_ *internal/abi.Type
    ptr unsafe.Pointer
    flag reflect.flag
}

Creating type go-func-(874)
Creating function (reflect.Value).NumMethod with type go-func-874(874)
Replacing existing synthetic bound method with concrete bound method
Added instruction: [5] t4 = Call static (reflect.Value).NumMethod(t3), RESULT int
Added no value instruction: [6] return ()
FINISHED adding instructions to (*reflect.Value).NumMethod
    entry: (predecessors:  successors:  not reachable
        [0] t0 = Alloc local info(name: v, type: *reflect.Value, on stack), RESULT **reflect.Value
        [1] *t0 = receiver: v *reflect.Value
        [2] t1 = *t0, RESULT *reflect.Value
        [3] t2 = Call builtin (t1,'reflect.Value' :-go-string-,'NumMethod' :-go-string-), RESULT *reflect.Value
        [4] t3 = *t2, RESULT reflect.Value{
    typ_ *internal/abi.Type
    ptr unsafe.Pointer
    flag reflect.flag
}

        [5] t4 = Call static (reflect.Value).NumMethod(t3), RESULT int
        [6] return (t4)


ADDING instructions to (*reflect.Value).OverflowComplex
Added instruction: [0] t0 = Alloc local info(name: v, type: *reflect.Value, on stack), RESULT **reflect.Value
Added no value instruction: [1] *t0 = receiver: v *reflect.Value
Added instruction: [2] t1 = *t0, RESULT *reflect.Value
Added instruction: [3] t2 = Call builtin (t1,'reflect.Value' :-go-string-,'OverflowComplex' :-go-string-), RESULT *reflect.Value
Added instruction: [4] t3 = *t2, RESULT reflect.Value{
    typ_ *internal/abi.Type
    ptr unsafe.Pointer
    flag reflect.flag
}

Creating type go-func-(875)
Creating function (reflect.Value).OverflowComplex with type go-func-875(875)
Replacing existing synthetic bound method with concrete bound method
Added instruction: [5] t4 = Call static (reflect.Value).OverflowComplex(t3,parameter: x complex128), RESULT bool
Added no value instruction: [6] return ()
FINISHED adding instructions to (*reflect.Value).OverflowComplex
    entry: (predecessors:  successors:  not reachable
        [0] t0 = Alloc local info(name: v, type: *reflect.Value, on stack), RESULT **reflect.Value
        [1] *t0 = receiver: v *reflect.Value
        [2] t1 = *t0, RESULT *reflect.Value
        [3] t2 = Call builtin (t1,'reflect.Value' :-go-string-,'OverflowComplex' :-go-string-), RESULT *reflect.Value
        [4] t3 = *t2, RESULT reflect.Value{
    typ_ *internal/abi.Type
    ptr unsafe.Pointer
    flag reflect.flag
}

        [5] t4 = Call static (reflect.Value).OverflowComplex(t3,parameter: x complex128), RESULT bool
        [6] return (t4)


ADDING instructions to (*reflect.Value).OverflowFloat
Added instruction: [0] t0 = Alloc local info(name: v, type: *reflect.Value, on stack), RESULT **reflect.Value
Added no value instruction: [1] *t0 = receiver: v *reflect.Value
Added instruction: [2] t1 = *t0, RESULT *reflect.Value
Added instruction: [3] t2 = Call builtin (t1,'reflect.Value' :-go-string-,'OverflowFloat' :-go-string-), RESULT *reflect.Value
Added instruction: [4] t3 = *t2, RESULT reflect.Value{
    typ_ *internal/abi.Type
    ptr unsafe.Pointer
    flag reflect.flag
}

Creating type go-func-(876)
Creating function (reflect.Value).OverflowFloat with type go-func-876(876)
Replacing existing synthetic bound method with concrete bound method
Added instruction: [5] t4 = Call static (reflect.Value).OverflowFloat(t3,parameter: x float64), RESULT bool
Added no value instruction: [6] return ()
FINISHED adding instructions to (*reflect.Value).OverflowFloat
    entry: (predecessors:  successors:  not reachable
        [0] t0 = Alloc local info(name: v, type: *reflect.Value, on stack), RESULT **reflect.Value
        [1] *t0 = receiver: v *reflect.Value
        [2] t1 = *t0, RESULT *reflect.Value
        [3] t2 = Call builtin (t1,'reflect.Value' :-go-string-,'OverflowFloat' :-go-string-), RESULT *reflect.Value
        [4] t3 = *t2, RESULT reflect.Value{
    typ_ *internal/abi.Type
    ptr unsafe.Pointer
    flag reflect.flag
}

        [5] t4 = Call static (reflect.Value).OverflowFloat(t3,parameter: x float64), RESULT bool
        [6] return (t4)


ADDING instructions to (*reflect.Value).OverflowInt
Added instruction: [0] t0 = Alloc local info(name: v, type: *reflect.Value, on stack), RESULT **reflect.Value
Added no value instruction: [1] *t0 = receiver: v *reflect.Value
Added instruction: [2] t1 = *t0, RESULT *reflect.Value
Added instruction: [3] t2 = Call builtin (t1,'reflect.Value' :-go-string-,'OverflowInt' :-go-string-), RESULT *reflect.Value
Added instruction: [4] t3 = *t2, RESULT reflect.Value{
    typ_ *internal/abi.Type
    ptr unsafe.Pointer
    flag reflect.flag
}

Creating type go-func-(877)
Creating function (reflect.Value).OverflowInt with type go-func-877(877)
Replacing existing synthetic bound method with concrete bound method
Added instruction: [5] t4 = Call static (reflect.Value).OverflowInt(t3,parameter: x int64), RESULT bool
Added no value instruction: [6] return ()
FINISHED adding instructions to (*reflect.Value).OverflowInt
    entry: (predecessors:  successors:  not reachable
        [0] t0 = Alloc local info(name: v, type: *reflect.Value, on stack), RESULT **reflect.Value
        [1] *t0 = receiver: v *reflect.Value
        [2] t1 = *t0, RESULT *reflect.Value
        [3] t2 = Call builtin (t1,'reflect.Value' :-go-string-,'OverflowInt' :-go-string-), RESULT *reflect.Value
        [4] t3 = *t2, RESULT reflect.Value{
    typ_ *internal/abi.Type
    ptr unsafe.Pointer
    flag reflect.flag
}

        [5] t4 = Call static (reflect.Value).OverflowInt(t3,parameter: x int64), RESULT bool
        [6] return (t4)


ADDING instructions to (*reflect.Value).OverflowUint
Added instruction: [0] t0 = Alloc local info(name: v, type: *reflect.Value, on stack), RESULT **reflect.Value
Added no value instruction: [1] *t0 = receiver: v *reflect.Value
Added instruction: [2] t1 = *t0, RESULT *reflect.Value
Added instruction: [3] t2 = Call builtin (t1,'reflect.Value' :-go-string-,'OverflowUint' :-go-string-), RESULT *reflect.Value
Added instruction: [4] t3 = *t2, RESULT reflect.Value{
    typ_ *internal/abi.Type
    ptr unsafe.Pointer
    flag reflect.flag
}

Creating type go-func-(878)
Creating function (reflect.Value).OverflowUint with type go-func-878(878)
Replacing existing synthetic bound method with concrete bound method
Added instruction: [5] t4 = Call static (reflect.Value).OverflowUint(t3,parameter: x uint64), RESULT bool
Added no value instruction: [6] return ()
FINISHED adding instructions to (*reflect.Value).OverflowUint
    entry: (predecessors:  successors:  not reachable
        [0] t0 = Alloc local info(name: v, type: *reflect.Value, on stack), RESULT **reflect.Value
        [1] *t0 = receiver: v *reflect.Value
        [2] t1 = *t0, RESULT *reflect.Value
        [3] t2 = Call builtin (t1,'reflect.Value' :-go-string-,'OverflowUint' :-go-string-), RESULT *reflect.Value
        [4] t3 = *t2, RESULT reflect.Value{
    typ_ *internal/abi.Type
    ptr unsafe.Pointer
    flag reflect.flag
}

        [5] t4 = Call static (reflect.Value).OverflowUint(t3,parameter: x uint64), RESULT bool
        [6] return (t4)


ADDING instructions to (*reflect.Value).Pointer
Added instruction: [0] t0 = Alloc local info(name: v, type: *reflect.Value, on stack), RESULT **reflect.Value
Added no value instruction: [1] *t0 = receiver: v *reflect.Value
Added instruction: [2] t1 = *t0, RESULT *reflect.Value
Added instruction: [3] t2 = Call builtin (t1,'reflect.Value' :-go-string-,'Pointer' :-go-string-), RESULT *reflect.Value
Added instruction: [4] t3 = *t2, RESULT reflect.Value{
    typ_ *internal/abi.Type
    ptr unsafe.Pointer
    flag reflect.flag
}

Creating type go-func-(879)
Creating function (reflect.Value).Pointer with type go-func-879(879)
Replacing existing synthetic bound method with concrete bound method
Added instruction: [5] t4 = Call static (reflect.Value).Pointer(t3), RESULT uintptr
Added no value instruction: [6] return ()
FINISHED adding instructions to (*reflect.Value).Pointer
    entry: (predecessors:  successors:  not reachable
        [0] t0 = Alloc local info(name: v, type: *reflect.Value, on stack), RESULT **reflect.Value
        [1] *t0 = receiver: v *reflect.Value
        [2] t1 = *t0, RESULT *reflect.Value
        [3] t2 = Call builtin (t1,'reflect.Value' :-go-string-,'Pointer' :-go-string-), RESULT *reflect.Value
        [4] t3 = *t2, RESULT reflect.Value{
    typ_ *internal/abi.Type
    ptr unsafe.Pointer
    flag reflect.flag
}

        [5] t4 = Call static (reflect.Value).Pointer(t3), RESULT uintptr
        [6] return (t4)


ADDING instructions to (*reflect.Value).Recv
Added instruction: [0] t0 = Alloc local info(name: v, type: *reflect.Value, on stack), RESULT **reflect.Value
Added no value instruction: [1] *t0 = receiver: v *reflect.Value
Added instruction: [2] t1 = *t0, RESULT *reflect.Value
Added instruction: [3] t2 = Call builtin (t1,'reflect.Value' :-go-string-,'Recv' :-go-string-), RESULT *reflect.Value
Added instruction: [4] t3 = *t2, RESULT reflect.Value{
    typ_ *internal/abi.Type
    ptr unsafe.Pointer
    flag reflect.flag
}

Creating type go-func-(880)
Creating function (reflect.Value).Recv with type go-func-880(880)
Replacing existing synthetic bound method with concrete bound method
Creating type (reflect.Value, bool)-Ret-Type(881)
Creating type *(reflect.Value, bool)-Ret-Type(882)
Base of just created pointer type is (reflect.Value, bool)-Ret-Type(881)
Added instruction: [5] t4 = Call static (reflect.Value).Recv(t3), RESULT *(reflect.Value, bool)-Ret-Type
Added instruction: [6] t5 = extract  field 0 from t4, RESULT reflect.Value{
    typ_ *internal/abi.Type
    ptr unsafe.Pointer
    flag reflect.flag
}

Added instruction: [7] t6 = extract  field 1 from t4, RESULT bool
Added no value instruction: [8] return ()
FINISHED adding instructions to (*reflect.Value).Recv
    entry: (predecessors:  successors:  not reachable
        [0] t0 = Alloc local info(name: v, type: *reflect.Value, on stack), RESULT **reflect.Value
        [1] *t0 = receiver: v *reflect.Value
        [2] t1 = *t0, RESULT *reflect.Value
        [3] t2 = Call builtin (t1,'reflect.Value' :-go-string-,'Recv' :-go-string-), RESULT *reflect.Value
        [4] t3 = *t2, RESULT reflect.Value{
    typ_ *internal/abi.Type
    ptr unsafe.Pointer
    flag reflect.flag
}

        [5] t4 = Call static (reflect.Value).Recv(t3), RESULT *(reflect.Value, bool)-Ret-Type
        [6] t5 = extract  field 0 from t4, RESULT reflect.Value{
    typ_ *internal/abi.Type
    ptr unsafe.Pointer
    flag reflect.flag
}

        [7] t6 = extract  field 1 from t4, RESULT bool
        [8] return (t5,t6)


ADDING instructions to (*reflect.Value).Send
Added instruction: [0] t0 = Alloc local info(name: v, type: *reflect.Value, on stack), RESULT **reflect.Value
Added no value instruction: [1] *t0 = receiver: v *reflect.Value
Added instruction: [2] t1 = *t0, RESULT *reflect.Value
Added instruction: [3] t2 = Call builtin (t1,'reflect.Value' :-go-string-,'Send' :-go-string-), RESULT *reflect.Value
Added instruction: [4] t3 = *t2, RESULT reflect.Value{
    typ_ *internal/abi.Type
    ptr unsafe.Pointer
    flag reflect.flag
}

Creating type go-func-(883)
Creating function (reflect.Value).Send with type go-func-883(883)
Replacing existing synthetic bound method with concrete bound method
Added instruction: [5] t4 = Call static (reflect.Value).Send(t3,parameter: x reflect.Value), RESULT void
Added no value instruction: [6] return ()
FINISHED adding instructions to (*reflect.Value).Send
    entry: (predecessors:  successors:  not reachable
        [0] t0 = Alloc local info(name: v, type: *reflect.Value, on stack), RESULT **reflect.Value
        [1] *t0 = receiver: v *reflect.Value
        [2] t1 = *t0, RESULT *reflect.Value
        [3] t2 = Call builtin (t1,'reflect.Value' :-go-string-,'Send' :-go-string-), RESULT *reflect.Value
        [4] t3 = *t2, RESULT reflect.Value{
    typ_ *internal/abi.Type
    ptr unsafe.Pointer
    flag reflect.flag
}

        [5] t4 = Call static (reflect.Value).Send(t3,parameter: x reflect.Value), RESULT void
        [6] return ()


ADDING instructions to (*reflect.Value).Seq
Added instruction: [0] t0 = Alloc local info(name: v, type: *reflect.Value, on stack), RESULT **reflect.Value
Added no value instruction: [1] *t0 = receiver: v *reflect.Value
Added instruction: [2] t1 = *t0, RESULT *reflect.Value
Added instruction: [3] t2 = Call builtin (t1,'reflect.Value' :-go-string-,'Seq' :-go-string-), RESULT *reflect.Value
Added instruction: [4] t3 = *t2, RESULT reflect.Value{
    typ_ *internal/abi.Type
    ptr unsafe.Pointer
    flag reflect.flag
}

Creating type go-func-(884)
Creating function (reflect.Value).Seq with type go-func-884(884)
Replacing existing synthetic bound method with concrete bound method
Added instruction: [5] t4 = Call static (reflect.Value).Seq(t3), RESULT iter.Seq[reflect.Value](go-func-517)
Added no value instruction: [6] return ()
FINISHED adding instructions to (*reflect.Value).Seq
    entry: (predecessors:  successors:  not reachable
        [0] t0 = Alloc local info(name: v, type: *reflect.Value, on stack), RESULT **reflect.Value
        [1] *t0 = receiver: v *reflect.Value
        [2] t1 = *t0, RESULT *reflect.Value
        [3] t2 = Call builtin (t1,'reflect.Value' :-go-string-,'Seq' :-go-string-), RESULT *reflect.Value
        [4] t3 = *t2, RESULT reflect.Value{
    typ_ *internal/abi.Type
    ptr unsafe.Pointer
    flag reflect.flag
}

        [5] t4 = Call static (reflect.Value).Seq(t3), RESULT iter.Seq[reflect.Value](go-func-517)
        [6] return (t4)


ADDING instructions to (*reflect.Value).Seq2
Added instruction: [0] t0 = Alloc local info(name: v, type: *reflect.Value, on stack), RESULT **reflect.Value
Added no value instruction: [1] *t0 = receiver: v *reflect.Value
Added instruction: [2] t1 = *t0, RESULT *reflect.Value
Added instruction: [3] t2 = Call builtin (t1,'reflect.Value' :-go-string-,'Seq2' :-go-string-), RESULT *reflect.Value
Added instruction: [4] t3 = *t2, RESULT reflect.Value{
    typ_ *internal/abi.Type
    ptr unsafe.Pointer
    flag reflect.flag
}

Creating type go-func-(885)
Creating function (reflect.Value).Seq2 with type go-func-885(885)
Replacing existing synthetic bound method with concrete bound method
Added instruction: [5] t4 = Call static (reflect.Value).Seq2(t3), RESULT iter.Seq2[reflect.Value, reflect.Value](go-func-521)
Added no value instruction: [6] return ()
FINISHED adding instructions to (*reflect.Value).Seq2
    entry: (predecessors:  successors:  not reachable
        [0] t0 = Alloc local info(name: v, type: *reflect.Value, on stack), RESULT **reflect.Value
        [1] *t0 = receiver: v *reflect.Value
        [2] t1 = *t0, RESULT *reflect.Value
        [3] t2 = Call builtin (t1,'reflect.Value' :-go-string-,'Seq2' :-go-string-), RESULT *reflect.Value
        [4] t3 = *t2, RESULT reflect.Value{
    typ_ *internal/abi.Type
    ptr unsafe.Pointer
    flag reflect.flag
}

        [5] t4 = Call static (reflect.Value).Seq2(t3), RESULT iter.Seq2[reflect.Value, reflect.Value](go-func-521)
        [6] return (t4)


ADDING instructions to (*reflect.Value).Set
Added instruction: [0] t0 = Alloc local info(name: v, type: *reflect.Value, on stack), RESULT **reflect.Value
Added no value instruction: [1] *t0 = receiver: v *reflect.Value
Added instruction: [2] t1 = *t0, RESULT *reflect.Value
Added instruction: [3] t2 = Call builtin (t1,'reflect.Value' :-go-string-,'Set' :-go-string-), RESULT *reflect.Value
Added instruction: [4] t3 = *t2, RESULT reflect.Value{
    typ_ *internal/abi.Type
    ptr unsafe.Pointer
    flag reflect.flag
}

Creating type go-func-(886)
Creating function (reflect.Value).Set with type go-func-886(886)
Replacing existing synthetic bound method with concrete bound method
Added instruction: [5] t4 = Call static (reflect.Value).Set(t3,parameter: x reflect.Value), RESULT void
Added no value instruction: [6] return ()
FINISHED adding instructions to (*reflect.Value).Set
    entry: (predecessors:  successors:  not reachable
        [0] t0 = Alloc local info(name: v, type: *reflect.Value, on stack), RESULT **reflect.Value
        [1] *t0 = receiver: v *reflect.Value
        [2] t1 = *t0, RESULT *reflect.Value
        [3] t2 = Call builtin (t1,'reflect.Value' :-go-string-,'Set' :-go-string-), RESULT *reflect.Value
        [4] t3 = *t2, RESULT reflect.Value{
    typ_ *internal/abi.Type
    ptr unsafe.Pointer
    flag reflect.flag
}

        [5] t4 = Call static (reflect.Value).Set(t3,parameter: x reflect.Value), RESULT void
        [6] return ()


ADDING instructions to (*reflect.Value).SetBool
Added instruction: [0] t0 = Alloc local info(name: v, type: *reflect.Value, on stack), RESULT **reflect.Value
Added no value instruction: [1] *t0 = receiver: v *reflect.Value
Added instruction: [2] t1 = *t0, RESULT *reflect.Value
Added instruction: [3] t2 = Call builtin (t1,'reflect.Value' :-go-string-,'SetBool' :-go-string-), RESULT *reflect.Value
Added instruction: [4] t3 = *t2, RESULT reflect.Value{
    typ_ *internal/abi.Type
    ptr unsafe.Pointer
    flag reflect.flag
}

Creating type go-func-(887)
Creating function (reflect.Value).SetBool with type go-func-887(887)
Replacing existing synthetic bound method with concrete bound method
Added instruction: [5] t4 = Call static (reflect.Value).SetBool(t3,parameter: x bool), RESULT void
Added no value instruction: [6] return ()
FINISHED adding instructions to (*reflect.Value).SetBool
    entry: (predecessors:  successors:  not reachable
        [0] t0 = Alloc local info(name: v, type: *reflect.Value, on stack), RESULT **reflect.Value
        [1] *t0 = receiver: v *reflect.Value
        [2] t1 = *t0, RESULT *reflect.Value
        [3] t2 = Call builtin (t1,'reflect.Value' :-go-string-,'SetBool' :-go-string-), RESULT *reflect.Value
        [4] t3 = *t2, RESULT reflect.Value{
    typ_ *internal/abi.Type
    ptr unsafe.Pointer
    flag reflect.flag
}

        [5] t4 = Call static (reflect.Value).SetBool(t3,parameter: x bool), RESULT void
        [6] return ()


ADDING instructions to (*reflect.Value).SetBytes
Added instruction: [0] t0 = Alloc local info(name: v, type: *reflect.Value, on stack), RESULT **reflect.Value
Added no value instruction: [1] *t0 = receiver: v *reflect.Value
Added instruction: [2] t1 = *t0, RESULT *reflect.Value
Added instruction: [3] t2 = Call builtin (t1,'reflect.Value' :-go-string-,'SetBytes' :-go-string-), RESULT *reflect.Value
Added instruction: [4] t3 = *t2, RESULT reflect.Value{
    typ_ *internal/abi.Type
    ptr unsafe.Pointer
    flag reflect.flag
}

Creating type go-func-(888)
Creating function (reflect.Value).SetBytes with type go-func-888(888)
Replacing existing synthetic bound method with concrete bound method
Added instruction: [5] t4 = Call static (reflect.Value).SetBytes(t3,parameter: x []byte), RESULT void
Added no value instruction: [6] return ()
FINISHED adding instructions to (*reflect.Value).SetBytes
    entry: (predecessors:  successors:  not reachable
        [0] t0 = Alloc local info(name: v, type: *reflect.Value, on stack), RESULT **reflect.Value
        [1] *t0 = receiver: v *reflect.Value
        [2] t1 = *t0, RESULT *reflect.Value
        [3] t2 = Call builtin (t1,'reflect.Value' :-go-string-,'SetBytes' :-go-string-), RESULT *reflect.Value
        [4] t3 = *t2, RESULT reflect.Value{
    typ_ *internal/abi.Type
    ptr unsafe.Pointer
    flag reflect.flag
}

        [5] t4 = Call static (reflect.Value).SetBytes(t3,parameter: x []byte), RESULT void
        [6] return ()


ADDING instructions to (*reflect.Value).SetCap
Added instruction: [0] t0 = Alloc local info(name: v, type: *reflect.Value, on stack), RESULT **reflect.Value
Added no value instruction: [1] *t0 = receiver: v *reflect.Value
Added instruction: [2] t1 = *t0, RESULT *reflect.Value
Added instruction: [3] t2 = Call builtin (t1,'reflect.Value' :-go-string-,'SetCap' :-go-string-), RESULT *reflect.Value
Added instruction: [4] t3 = *t2, RESULT reflect.Value{
    typ_ *internal/abi.Type
    ptr unsafe.Pointer
    flag reflect.flag
}

Creating type go-func-(889)
Creating function (reflect.Value).SetCap with type go-func-889(889)
Replacing existing synthetic bound method with concrete bound method
Added instruction: [5] t4 = Call static (reflect.Value).SetCap(t3,parameter: n int), RESULT void
Added no value instruction: [6] return ()
FINISHED adding instructions to (*reflect.Value).SetCap
    entry: (predecessors:  successors:  not reachable
        [0] t0 = Alloc local info(name: v, type: *reflect.Value, on stack), RESULT **reflect.Value
        [1] *t0 = receiver: v *reflect.Value
        [2] t1 = *t0, RESULT *reflect.Value
        [3] t2 = Call builtin (t1,'reflect.Value' :-go-string-,'SetCap' :-go-string-), RESULT *reflect.Value
        [4] t3 = *t2, RESULT reflect.Value{
    typ_ *internal/abi.Type
    ptr unsafe.Pointer
    flag reflect.flag
}

        [5] t4 = Call static (reflect.Value).SetCap(t3,parameter: n int), RESULT void
        [6] return ()


ADDING instructions to (*reflect.Value).SetComplex
Added instruction: [0] t0 = Alloc local info(name: v, type: *reflect.Value, on stack), RESULT **reflect.Value
Added no value instruction: [1] *t0 = receiver: v *reflect.Value
Added instruction: [2] t1 = *t0, RESULT *reflect.Value
Added instruction: [3] t2 = Call builtin (t1,'reflect.Value' :-go-string-,'SetComplex' :-go-string-), RESULT *reflect.Value
Added instruction: [4] t3 = *t2, RESULT reflect.Value{
    typ_ *internal/abi.Type
    ptr unsafe.Pointer
    flag reflect.flag
}

Creating type go-func-(890)
Creating function (reflect.Value).SetComplex with type go-func-890(890)
Replacing existing synthetic bound method with concrete bound method
Added instruction: [5] t4 = Call static (reflect.Value).SetComplex(t3,parameter: x complex128), RESULT void
Added no value instruction: [6] return ()
FINISHED adding instructions to (*reflect.Value).SetComplex
    entry: (predecessors:  successors:  not reachable
        [0] t0 = Alloc local info(name: v, type: *reflect.Value, on stack), RESULT **reflect.Value
        [1] *t0 = receiver: v *reflect.Value
        [2] t1 = *t0, RESULT *reflect.Value
        [3] t2 = Call builtin (t1,'reflect.Value' :-go-string-,'SetComplex' :-go-string-), RESULT *reflect.Value
        [4] t3 = *t2, RESULT reflect.Value{
    typ_ *internal/abi.Type
    ptr unsafe.Pointer
    flag reflect.flag
}

        [5] t4 = Call static (reflect.Value).SetComplex(t3,parameter: x complex128), RESULT void
        [6] return ()


ADDING instructions to (*reflect.Value).SetFloat
Added instruction: [0] t0 = Alloc local info(name: v, type: *reflect.Value, on stack), RESULT **reflect.Value
Added no value instruction: [1] *t0 = receiver: v *reflect.Value
Added instruction: [2] t1 = *t0, RESULT *reflect.Value
Added instruction: [3] t2 = Call builtin (t1,'reflect.Value' :-go-string-,'SetFloat' :-go-string-), RESULT *reflect.Value
Added instruction: [4] t3 = *t2, RESULT reflect.Value{
    typ_ *internal/abi.Type
    ptr unsafe.Pointer
    flag reflect.flag
}

Creating type go-func-(891)
Creating function (reflect.Value).SetFloat with type go-func-891(891)
Replacing existing synthetic bound method with concrete bound method
Added instruction: [5] t4 = Call static (reflect.Value).SetFloat(t3,parameter: x float64), RESULT void
Added no value instruction: [6] return ()
FINISHED adding instructions to (*reflect.Value).SetFloat
    entry: (predecessors:  successors:  not reachable
        [0] t0 = Alloc local info(name: v, type: *reflect.Value, on stack), RESULT **reflect.Value
        [1] *t0 = receiver: v *reflect.Value
        [2] t1 = *t0, RESULT *reflect.Value
        [3] t2 = Call builtin (t1,'reflect.Value' :-go-string-,'SetFloat' :-go-string-), RESULT *reflect.Value
        [4] t3 = *t2, RESULT reflect.Value{
    typ_ *internal/abi.Type
    ptr unsafe.Pointer
    flag reflect.flag
}

        [5] t4 = Call static (reflect.Value).SetFloat(t3,parameter: x float64), RESULT void
        [6] return ()


ADDING instructions to (*reflect.Value).SetInt
Added instruction: [0] t0 = Alloc local info(name: v, type: *reflect.Value, on stack), RESULT **reflect.Value
Added no value instruction: [1] *t0 = receiver: v *reflect.Value
Added instruction: [2] t1 = *t0, RESULT *reflect.Value
Added instruction: [3] t2 = Call builtin (t1,'reflect.Value' :-go-string-,'SetInt' :-go-string-), RESULT *reflect.Value
Added instruction: [4] t3 = *t2, RESULT reflect.Value{
    typ_ *internal/abi.Type
    ptr unsafe.Pointer
    flag reflect.flag
}

Creating type go-func-(892)
Creating function (reflect.Value).SetInt with type go-func-892(892)
Replacing existing synthetic bound method with concrete bound method
Added instruction: [5] t4 = Call static (reflect.Value).SetInt(t3,parameter: x int64), RESULT void
Added no value instruction: [6] return ()
FINISHED adding instructions to (*reflect.Value).SetInt
    entry: (predecessors:  successors:  not reachable
        [0] t0 = Alloc local info(name: v, type: *reflect.Value, on stack), RESULT **reflect.Value
        [1] *t0 = receiver: v *reflect.Value
        [2] t1 = *t0, RESULT *reflect.Value
        [3] t2 = Call builtin (t1,'reflect.Value' :-go-string-,'SetInt' :-go-string-), RESULT *reflect.Value
        [4] t3 = *t2, RESULT reflect.Value{
    typ_ *internal/abi.Type
    ptr unsafe.Pointer
    flag reflect.flag
}

        [5] t4 = Call static (reflect.Value).SetInt(t3,parameter: x int64), RESULT void
        [6] return ()


ADDING instructions to (*reflect.Value).SetIterKey
Added instruction: [0] t0 = Alloc local info(name: v, type: *reflect.Value, on stack), RESULT **reflect.Value
Added no value instruction: [1] *t0 = receiver: v *reflect.Value
Added instruction: [2] t1 = *t0, RESULT *reflect.Value
Added instruction: [3] t2 = Call builtin (t1,'reflect.Value' :-go-string-,'SetIterKey' :-go-string-), RESULT *reflect.Value
Added instruction: [4] t3 = *t2, RESULT reflect.Value{
    typ_ *internal/abi.Type
    ptr unsafe.Pointer
    flag reflect.flag
}

Creating type go-func-(893)
Creating function (reflect.Value).SetIterKey with type go-func-893(893)
Replacing existing synthetic bound method with concrete bound method
Added instruction: [5] t4 = Call static (reflect.Value).SetIterKey(t3,parameter: iter *reflect.MapIter), RESULT void
Added no value instruction: [6] return ()
FINISHED adding instructions to (*reflect.Value).SetIterKey
    entry: (predecessors:  successors:  not reachable
        [0] t0 = Alloc local info(name: v, type: *reflect.Value, on stack), RESULT **reflect.Value
        [1] *t0 = receiver: v *reflect.Value
        [2] t1 = *t0, RESULT *reflect.Value
        [3] t2 = Call builtin (t1,'reflect.Value' :-go-string-,'SetIterKey' :-go-string-), RESULT *reflect.Value
        [4] t3 = *t2, RESULT reflect.Value{
    typ_ *internal/abi.Type
    ptr unsafe.Pointer
    flag reflect.flag
}

        [5] t4 = Call static (reflect.Value).SetIterKey(t3,parameter: iter *reflect.MapIter), RESULT void
        [6] return ()


ADDING instructions to (*reflect.Value).SetIterValue
Added instruction: [0] t0 = Alloc local info(name: v, type: *reflect.Value, on stack), RESULT **reflect.Value
Added no value instruction: [1] *t0 = receiver: v *reflect.Value
Added instruction: [2] t1 = *t0, RESULT *reflect.Value
Added instruction: [3] t2 = Call builtin (t1,'reflect.Value' :-go-string-,'SetIterValue' :-go-string-), RESULT *reflect.Value
Added instruction: [4] t3 = *t2, RESULT reflect.Value{
    typ_ *internal/abi.Type
    ptr unsafe.Pointer
    flag reflect.flag
}

Creating type go-func-(894)
Creating function (reflect.Value).SetIterValue with type go-func-894(894)
Replacing existing synthetic bound method with concrete bound method
Added instruction: [5] t4 = Call static (reflect.Value).SetIterValue(t3,parameter: iter *reflect.MapIter), RESULT void
Added no value instruction: [6] return ()
FINISHED adding instructions to (*reflect.Value).SetIterValue
    entry: (predecessors:  successors:  not reachable
        [0] t0 = Alloc local info(name: v, type: *reflect.Value, on stack), RESULT **reflect.Value
        [1] *t0 = receiver: v *reflect.Value
        [2] t1 = *t0, RESULT *reflect.Value
        [3] t2 = Call builtin (t1,'reflect.Value' :-go-string-,'SetIterValue' :-go-string-), RESULT *reflect.Value
        [4] t3 = *t2, RESULT reflect.Value{
    typ_ *internal/abi.Type
    ptr unsafe.Pointer
    flag reflect.flag
}

        [5] t4 = Call static (reflect.Value).SetIterValue(t3,parameter: iter *reflect.MapIter), RESULT void
        [6] return ()


ADDING instructions to (*reflect.Value).SetLen
Added instruction: [0] t0 = Alloc local info(name: v, type: *reflect.Value, on stack), RESULT **reflect.Value
Added no value instruction: [1] *t0 = receiver: v *reflect.Value
Added instruction: [2] t1 = *t0, RESULT *reflect.Value
Added instruction: [3] t2 = Call builtin (t1,'reflect.Value' :-go-string-,'SetLen' :-go-string-), RESULT *reflect.Value
Added instruction: [4] t3 = *t2, RESULT reflect.Value{
    typ_ *internal/abi.Type
    ptr unsafe.Pointer
    flag reflect.flag
}

Creating type go-func-(895)
Creating function (reflect.Value).SetLen with type go-func-895(895)
Replacing existing synthetic bound method with concrete bound method
Added instruction: [5] t4 = Call static (reflect.Value).SetLen(t3,parameter: n int), RESULT void
Added no value instruction: [6] return ()
FINISHED adding instructions to (*reflect.Value).SetLen
    entry: (predecessors:  successors:  not reachable
        [0] t0 = Alloc local info(name: v, type: *reflect.Value, on stack), RESULT **reflect.Value
        [1] *t0 = receiver: v *reflect.Value
        [2] t1 = *t0, RESULT *reflect.Value
        [3] t2 = Call builtin (t1,'reflect.Value' :-go-string-,'SetLen' :-go-string-), RESULT *reflect.Value
        [4] t3 = *t2, RESULT reflect.Value{
    typ_ *internal/abi.Type
    ptr unsafe.Pointer
    flag reflect.flag
}

        [5] t4 = Call static (reflect.Value).SetLen(t3,parameter: n int), RESULT void
        [6] return ()


ADDING instructions to (*reflect.Value).SetMapIndex
Added instruction: [0] t0 = Alloc local info(name: v, type: *reflect.Value, on stack), RESULT **reflect.Value
Added no value instruction: [1] *t0 = receiver: v *reflect.Value
Added instruction: [2] t1 = *t0, RESULT *reflect.Value
Added instruction: [3] t2 = Call builtin (t1,'reflect.Value' :-go-string-,'SetMapIndex' :-go-string-), RESULT *reflect.Value
Added instruction: [4] t3 = *t2, RESULT reflect.Value{
    typ_ *internal/abi.Type
    ptr unsafe.Pointer
    flag reflect.flag
}

Creating type go-func-(896)
Creating function (reflect.Value).SetMapIndex with type go-func-896(896)
Replacing existing synthetic bound method with concrete bound method
Added instruction: [5] t4 = Call static (reflect.Value).SetMapIndex(t3,parameter: key reflect.Value,parameter: elem reflect.Value), RESULT void
Added no value instruction: [6] return ()
FINISHED adding instructions to (*reflect.Value).SetMapIndex
    entry: (predecessors:  successors:  not reachable
        [0] t0 = Alloc local info(name: v, type: *reflect.Value, on stack), RESULT **reflect.Value
        [1] *t0 = receiver: v *reflect.Value
        [2] t1 = *t0, RESULT *reflect.Value
        [3] t2 = Call builtin (t1,'reflect.Value' :-go-string-,'SetMapIndex' :-go-string-), RESULT *reflect.Value
        [4] t3 = *t2, RESULT reflect.Value{
    typ_ *internal/abi.Type
    ptr unsafe.Pointer
    flag reflect.flag
}

        [5] t4 = Call static (reflect.Value).SetMapIndex(t3,parameter: key reflect.Value,parameter: elem reflect.Value), RESULT void
        [6] return ()


ADDING instructions to (*reflect.Value).SetPointer
Added instruction: [0] t0 = Alloc local info(name: v, type: *reflect.Value, on stack), RESULT **reflect.Value
Added no value instruction: [1] *t0 = receiver: v *reflect.Value
Added instruction: [2] t1 = *t0, RESULT *reflect.Value
Added instruction: [3] t2 = Call builtin (t1,'reflect.Value' :-go-string-,'SetPointer' :-go-string-), RESULT *reflect.Value
Added instruction: [4] t3 = *t2, RESULT reflect.Value{
    typ_ *internal/abi.Type
    ptr unsafe.Pointer
    flag reflect.flag
}

Creating type go-func-(897)
Creating function (reflect.Value).SetPointer with type go-func-897(897)
Replacing existing synthetic bound method with concrete bound method
Added instruction: [5] t4 = Call static (reflect.Value).SetPointer(t3,parameter: x unsafe.Pointer), RESULT void
Added no value instruction: [6] return ()
FINISHED adding instructions to (*reflect.Value).SetPointer
    entry: (predecessors:  successors:  not reachable
        [0] t0 = Alloc local info(name: v, type: *reflect.Value, on stack), RESULT **reflect.Value
        [1] *t0 = receiver: v *reflect.Value
        [2] t1 = *t0, RESULT *reflect.Value
        [3] t2 = Call builtin (t1,'reflect.Value' :-go-string-,'SetPointer' :-go-string-), RESULT *reflect.Value
        [4] t3 = *t2, RESULT reflect.Value{
    typ_ *internal/abi.Type
    ptr unsafe.Pointer
    flag reflect.flag
}

        [5] t4 = Call static (reflect.Value).SetPointer(t3,parameter: x unsafe.Pointer), RESULT void
        [6] return ()


ADDING instructions to (*reflect.Value).SetString
Added instruction: [0] t0 = Alloc local info(name: v, type: *reflect.Value, on stack), RESULT **reflect.Value
Added no value instruction: [1] *t0 = receiver: v *reflect.Value
Added instruction: [2] t1 = *t0, RESULT *reflect.Value
Added instruction: [3] t2 = Call builtin (t1,'reflect.Value' :-go-string-,'SetString' :-go-string-), RESULT *reflect.Value
Added instruction: [4] t3 = *t2, RESULT reflect.Value{
    typ_ *internal/abi.Type
    ptr unsafe.Pointer
    flag reflect.flag
}

Creating type go-func-(898)
Creating function (reflect.Value).SetString with type go-func-898(898)
Replacing existing synthetic bound method with concrete bound method
Added instruction: [5] t4 = Call static (reflect.Value).SetString(t3,parameter: x -go-string-), RESULT void
Added no value instruction: [6] return ()
FINISHED adding instructions to (*reflect.Value).SetString
    entry: (predecessors:  successors:  not reachable
        [0] t0 = Alloc local info(name: v, type: *reflect.Value, on stack), RESULT **reflect.Value
        [1] *t0 = receiver: v *reflect.Value
        [2] t1 = *t0, RESULT *reflect.Value
        [3] t2 = Call builtin (t1,'reflect.Value' :-go-string-,'SetString' :-go-string-), RESULT *reflect.Value
        [4] t3 = *t2, RESULT reflect.Value{
    typ_ *internal/abi.Type
    ptr unsafe.Pointer
    flag reflect.flag
}

        [5] t4 = Call static (reflect.Value).SetString(t3,parameter: x -go-string-), RESULT void
        [6] return ()


ADDING instructions to (*reflect.Value).SetUint
Added instruction: [0] t0 = Alloc local info(name: v, type: *reflect.Value, on stack), RESULT **reflect.Value
Added no value instruction: [1] *t0 = receiver: v *reflect.Value
Added instruction: [2] t1 = *t0, RESULT *reflect.Value
Added instruction: [3] t2 = Call builtin (t1,'reflect.Value' :-go-string-,'SetUint' :-go-string-), RESULT *reflect.Value
Added instruction: [4] t3 = *t2, RESULT reflect.Value{
    typ_ *internal/abi.Type
    ptr unsafe.Pointer
    flag reflect.flag
}

Creating type go-func-(899)
Creating function (reflect.Value).SetUint with type go-func-899(899)
Replacing existing synthetic bound method with concrete bound method
Added instruction: [5] t4 = Call static (reflect.Value).SetUint(t3,parameter: x uint64), RESULT void
Added no value instruction: [6] return ()
FINISHED adding instructions to (*reflect.Value).SetUint
    entry: (predecessors:  successors:  not reachable
        [0] t0 = Alloc local info(name: v, type: *reflect.Value, on stack), RESULT **reflect.Value
        [1] *t0 = receiver: v *reflect.Value
        [2] t1 = *t0, RESULT *reflect.Value
        [3] t2 = Call builtin (t1,'reflect.Value' :-go-string-,'SetUint' :-go-string-), RESULT *reflect.Value
        [4] t3 = *t2, RESULT reflect.Value{
    typ_ *internal/abi.Type
    ptr unsafe.Pointer
    flag reflect.flag
}

        [5] t4 = Call static (reflect.Value).SetUint(t3,parameter: x uint64), RESULT void
        [6] return ()


ADDING instructions to (*reflect.Value).SetZero
Added instruction: [0] t0 = Alloc local info(name: v, type: *reflect.Value, on stack), RESULT **reflect.Value
Added no value instruction: [1] *t0 = receiver: v *reflect.Value
Added instruction: [2] t1 = *t0, RESULT *reflect.Value
Added instruction: [3] t2 = Call builtin (t1,'reflect.Value' :-go-string-,'SetZero' :-go-string-), RESULT *reflect.Value
Added instruction: [4] t3 = *t2, RESULT reflect.Value{
    typ_ *internal/abi.Type
    ptr unsafe.Pointer
    flag reflect.flag
}

Creating type go-func-(900)
Creating function (reflect.Value).SetZero with type go-func-900(900)
Replacing existing synthetic bound method with concrete bound method
Added instruction: [5] t4 = Call static (reflect.Value).SetZero(t3), RESULT void
Added no value instruction: [6] return ()
FINISHED adding instructions to (*reflect.Value).SetZero
    entry: (predecessors:  successors:  not reachable
        [0] t0 = Alloc local info(name: v, type: *reflect.Value, on stack), RESULT **reflect.Value
        [1] *t0 = receiver: v *reflect.Value
        [2] t1 = *t0, RESULT *reflect.Value
        [3] t2 = Call builtin (t1,'reflect.Value' :-go-string-,'SetZero' :-go-string-), RESULT *reflect.Value
        [4] t3 = *t2, RESULT reflect.Value{
    typ_ *internal/abi.Type
    ptr unsafe.Pointer
    flag reflect.flag
}

        [5] t4 = Call static (reflect.Value).SetZero(t3), RESULT void
        [6] return ()


ADDING instructions to (*reflect.Value).Slice
Added instruction: [0] t0 = Alloc local info(name: v, type: *reflect.Value, on stack), RESULT **reflect.Value
Added no value instruction: [1] *t0 = receiver: v *reflect.Value
Added instruction: [2] t1 = *t0, RESULT *reflect.Value
Added instruction: [3] t2 = Call builtin (t1,'reflect.Value' :-go-string-,'Slice' :-go-string-), RESULT *reflect.Value
Added instruction: [4] t3 = *t2, RESULT reflect.Value{
    typ_ *internal/abi.Type
    ptr unsafe.Pointer
    flag reflect.flag
}

Creating type go-func-(901)
Creating function (reflect.Value).Slice with type go-func-901(901)
Replacing existing synthetic bound method with concrete bound method
Added instruction: [5] t4 = Call static (reflect.Value).Slice(t3,parameter: i int,parameter: j int), RESULT reflect.Value{
    typ_ *internal/abi.Type
    ptr unsafe.Pointer
    flag reflect.flag
}

Added no value instruction: [6] return ()
FINISHED adding instructions to (*reflect.Value).Slice
    entry: (predecessors:  successors:  not reachable
        [0] t0 = Alloc local info(name: v, type: *reflect.Value, on stack), RESULT **reflect.Value
        [1] *t0 = receiver: v *reflect.Value
        [2] t1 = *t0, RESULT *reflect.Value
        [3] t2 = Call builtin (t1,'reflect.Value' :-go-string-,'Slice' :-go-string-), RESULT *reflect.Value
        [4] t3 = *t2, RESULT reflect.Value{
    typ_ *internal/abi.Type
    ptr unsafe.Pointer
    flag reflect.flag
}

        [5] t4 = Call static (reflect.Value).Slice(t3,parameter: i int,parameter: j int), RESULT reflect.Value{
    typ_ *internal/abi.Type
    ptr unsafe.Pointer
    flag reflect.flag
}

        [6] return (t4)


ADDING instructions to (*reflect.Value).Slice3
Added instruction: [0] t0 = Alloc local info(name: v, type: *reflect.Value, on stack), RESULT **reflect.Value
Added no value instruction: [1] *t0 = receiver: v *reflect.Value
Added instruction: [2] t1 = *t0, RESULT *reflect.Value
Added instruction: [3] t2 = Call builtin (t1,'reflect.Value' :-go-string-,'Slice3' :-go-string-), RESULT *reflect.Value
Added instruction: [4] t3 = *t2, RESULT reflect.Value{
    typ_ *internal/abi.Type
    ptr unsafe.Pointer
    flag reflect.flag
}

Creating type go-func-(902)
Creating function (reflect.Value).Slice3 with type go-func-902(902)
Replacing existing synthetic bound method with concrete bound method
Added instruction: [5] t4 = Call static (reflect.Value).Slice3(t3,parameter: i int,parameter: j int,parameter: k int), RESULT reflect.Value{
    typ_ *internal/abi.Type
    ptr unsafe.Pointer
    flag reflect.flag
}

Added no value instruction: [6] return ()
FINISHED adding instructions to (*reflect.Value).Slice3
    entry: (predecessors:  successors:  not reachable
        [0] t0 = Alloc local info(name: v, type: *reflect.Value, on stack), RESULT **reflect.Value
        [1] *t0 = receiver: v *reflect.Value
        [2] t1 = *t0, RESULT *reflect.Value
        [3] t2 = Call builtin (t1,'reflect.Value' :-go-string-,'Slice3' :-go-string-), RESULT *reflect.Value
        [4] t3 = *t2, RESULT reflect.Value{
    typ_ *internal/abi.Type
    ptr unsafe.Pointer
    flag reflect.flag
}

        [5] t4 = Call static (reflect.Value).Slice3(t3,parameter: i int,parameter: j int,parameter: k int), RESULT reflect.Value{
    typ_ *internal/abi.Type
    ptr unsafe.Pointer
    flag reflect.flag
}

        [6] return (t4)


ADDING instructions to (*reflect.Value).String
Added instruction: [0] t0 = Alloc local info(name: v, type: *reflect.Value, on stack), RESULT **reflect.Value
Added no value instruction: [1] *t0 = receiver: v *reflect.Value
Added instruction: [2] t1 = *t0, RESULT *reflect.Value
Added instruction: [3] t2 = Call builtin (t1,'reflect.Value' :-go-string-,'String' :-go-string-), RESULT *reflect.Value
Added instruction: [4] t3 = *t2, RESULT reflect.Value{
    typ_ *internal/abi.Type
    ptr unsafe.Pointer
    flag reflect.flag
}

Creating type go-func-(903)
Creating function (reflect.Value).String with type go-func-903(903)
Replacing existing synthetic bound method with concrete bound method
Added instruction: [5] t4 = Call static (reflect.Value).String(t3), RESULT -go-string-
Added no value instruction: [6] return ()
FINISHED adding instructions to (*reflect.Value).String
    entry: (predecessors:  successors:  not reachable
        [0] t0 = Alloc local info(name: v, type: *reflect.Value, on stack), RESULT **reflect.Value
        [1] *t0 = receiver: v *reflect.Value
        [2] t1 = *t0, RESULT *reflect.Value
        [3] t2 = Call builtin (t1,'reflect.Value' :-go-string-,'String' :-go-string-), RESULT *reflect.Value
        [4] t3 = *t2, RESULT reflect.Value{
    typ_ *internal/abi.Type
    ptr unsafe.Pointer
    flag reflect.flag
}

        [5] t4 = Call static (reflect.Value).String(t3), RESULT -go-string-
        [6] return (t4)


ADDING instructions to (*reflect.Value).TryRecv
Added instruction: [0] t0 = Alloc local info(name: v, type: *reflect.Value, on stack), RESULT **reflect.Value
Added no value instruction: [1] *t0 = receiver: v *reflect.Value
Added instruction: [2] t1 = *t0, RESULT *reflect.Value
Added instruction: [3] t2 = Call builtin (t1,'reflect.Value' :-go-string-,'TryRecv' :-go-string-), RESULT *reflect.Value
Added instruction: [4] t3 = *t2, RESULT reflect.Value{
    typ_ *internal/abi.Type
    ptr unsafe.Pointer
    flag reflect.flag
}

Creating type go-func-(904)
Creating function (reflect.Value).TryRecv with type go-func-904(904)
Replacing existing synthetic bound method with concrete bound method
Added instruction: [5] t4 = Call static (reflect.Value).TryRecv(t3), RESULT *(reflect.Value, bool)-Ret-Type
Added instruction: [6] t5 = extract  field 0 from t4, RESULT reflect.Value{
    typ_ *internal/abi.Type
    ptr unsafe.Pointer
    flag reflect.flag
}

Added instruction: [7] t6 = extract  field 1 from t4, RESULT bool
Added no value instruction: [8] return ()
FINISHED adding instructions to (*reflect.Value).TryRecv
    entry: (predecessors:  successors:  not reachable
        [0] t0 = Alloc local info(name: v, type: *reflect.Value, on stack), RESULT **reflect.Value
        [1] *t0 = receiver: v *reflect.Value
        [2] t1 = *t0, RESULT *reflect.Value
        [3] t2 = Call builtin (t1,'reflect.Value' :-go-string-,'TryRecv' :-go-string-), RESULT *reflect.Value
        [4] t3 = *t2, RESULT reflect.Value{
    typ_ *internal/abi.Type
    ptr unsafe.Pointer
    flag reflect.flag
}

        [5] t4 = Call static (reflect.Value).TryRecv(t3), RESULT *(reflect.Value, bool)-Ret-Type
        [6] t5 = extract  field 0 from t4, RESULT reflect.Value{
    typ_ *internal/abi.Type
    ptr unsafe.Pointer
    flag reflect.flag
}

        [7] t6 = extract  field 1 from t4, RESULT bool
        [8] return (t5,t6)


ADDING instructions to (*reflect.Value).TrySend
Added instruction: [0] t0 = Alloc local info(name: v, type: *reflect.Value, on stack), RESULT **reflect.Value
Added no value instruction: [1] *t0 = receiver: v *reflect.Value
Added instruction: [2] t1 = *t0, RESULT *reflect.Value
Added instruction: [3] t2 = Call builtin (t1,'reflect.Value' :-go-string-,'TrySend' :-go-string-), RESULT *reflect.Value
Added instruction: [4] t3 = *t2, RESULT reflect.Value{
    typ_ *internal/abi.Type
    ptr unsafe.Pointer
    flag reflect.flag
}

Creating type go-func-(905)
Creating function (reflect.Value).TrySend with type go-func-905(905)
Replacing existing synthetic bound method with concrete bound method
Added instruction: [5] t4 = Call static (reflect.Value).TrySend(t3,parameter: x reflect.Value), RESULT bool
Added no value instruction: [6] return ()
FINISHED adding instructions to (*reflect.Value).TrySend
    entry: (predecessors:  successors:  not reachable
        [0] t0 = Alloc local info(name: v, type: *reflect.Value, on stack), RESULT **reflect.Value
        [1] *t0 = receiver: v *reflect.Value
        [2] t1 = *t0, RESULT *reflect.Value
        [3] t2 = Call builtin (t1,'reflect.Value' :-go-string-,'TrySend' :-go-string-), RESULT *reflect.Value
        [4] t3 = *t2, RESULT reflect.Value{
    typ_ *internal/abi.Type
    ptr unsafe.Pointer
    flag reflect.flag
}

        [5] t4 = Call static (reflect.Value).TrySend(t3,parameter: x reflect.Value), RESULT bool
        [6] return (t4)


ADDING instructions to (*reflect.Value).Type
Added instruction: [0] t0 = Alloc local info(name: v, type: *reflect.Value, on stack), RESULT **reflect.Value
Added no value instruction: [1] *t0 = receiver: v *reflect.Value
Added instruction: [2] t1 = *t0, RESULT *reflect.Value
Added instruction: [3] t2 = Call builtin (t1,'reflect.Value' :-go-string-,'Type' :-go-string-), RESULT *reflect.Value
Added instruction: [4] t3 = *t2, RESULT reflect.Value{
    typ_ *internal/abi.Type
    ptr unsafe.Pointer
    flag reflect.flag
}

Creating type go-func-(906)
Creating function (reflect.Value).Type with type go-func-906(906)
Replacing existing synthetic bound method with concrete bound method
Added instruction: [5] t4 = Call static (reflect.Value).Type(t3), RESULT reflect.Type
Added no value instruction: [6] return ()
FINISHED adding instructions to (*reflect.Value).Type
    entry: (predecessors:  successors:  not reachable
        [0] t0 = Alloc local info(name: v, type: *reflect.Value, on stack), RESULT **reflect.Value
        [1] *t0 = receiver: v *reflect.Value
        [2] t1 = *t0, RESULT *reflect.Value
        [3] t2 = Call builtin (t1,'reflect.Value' :-go-string-,'Type' :-go-string-), RESULT *reflect.Value
        [4] t3 = *t2, RESULT reflect.Value{
    typ_ *internal/abi.Type
    ptr unsafe.Pointer
    flag reflect.flag
}

        [5] t4 = Call static (reflect.Value).Type(t3), RESULT reflect.Type
        [6] return (t4)


ADDING instructions to (*reflect.Value).Uint
Added instruction: [0] t0 = Alloc local info(name: v, type: *reflect.Value, on stack), RESULT **reflect.Value
Added no value instruction: [1] *t0 = receiver: v *reflect.Value
Added instruction: [2] t1 = *t0, RESULT *reflect.Value
Added instruction: [3] t2 = Call builtin (t1,'reflect.Value' :-go-string-,'Uint' :-go-string-), RESULT *reflect.Value
Added instruction: [4] t3 = *t2, RESULT reflect.Value{
    typ_ *internal/abi.Type
    ptr unsafe.Pointer
    flag reflect.flag
}

Creating type go-func-(907)
Creating function (reflect.Value).Uint with type go-func-907(907)
Replacing existing synthetic bound method with concrete bound method
Added instruction: [5] t4 = Call static (reflect.Value).Uint(t3), RESULT uint64
Added no value instruction: [6] return ()
FINISHED adding instructions to (*reflect.Value).Uint
    entry: (predecessors:  successors:  not reachable
        [0] t0 = Alloc local info(name: v, type: *reflect.Value, on stack), RESULT **reflect.Value
        [1] *t0 = receiver: v *reflect.Value
        [2] t1 = *t0, RESULT *reflect.Value
        [3] t2 = Call builtin (t1,'reflect.Value' :-go-string-,'Uint' :-go-string-), RESULT *reflect.Value
        [4] t3 = *t2, RESULT reflect.Value{
    typ_ *internal/abi.Type
    ptr unsafe.Pointer
    flag reflect.flag
}

        [5] t4 = Call static (reflect.Value).Uint(t3), RESULT uint64
        [6] return (t4)


ADDING instructions to (*reflect.Value).UnsafeAddr
Added instruction: [0] t0 = Alloc local info(name: v, type: *reflect.Value, on stack), RESULT **reflect.Value
Added no value instruction: [1] *t0 = receiver: v *reflect.Value
Added instruction: [2] t1 = *t0, RESULT *reflect.Value
Added instruction: [3] t2 = Call builtin (t1,'reflect.Value' :-go-string-,'UnsafeAddr' :-go-string-), RESULT *reflect.Value
Added instruction: [4] t3 = *t2, RESULT reflect.Value{
    typ_ *internal/abi.Type
    ptr unsafe.Pointer
    flag reflect.flag
}

Creating type go-func-(908)
Creating function (reflect.Value).UnsafeAddr with type go-func-908(908)
Replacing existing synthetic bound method with concrete bound method
Added instruction: [5] t4 = Call static (reflect.Value).UnsafeAddr(t3), RESULT uintptr
Added no value instruction: [6] return ()
FINISHED adding instructions to (*reflect.Value).UnsafeAddr
    entry: (predecessors:  successors:  not reachable
        [0] t0 = Alloc local info(name: v, type: *reflect.Value, on stack), RESULT **reflect.Value
        [1] *t0 = receiver: v *reflect.Value
        [2] t1 = *t0, RESULT *reflect.Value
        [3] t2 = Call builtin (t1,'reflect.Value' :-go-string-,'UnsafeAddr' :-go-string-), RESULT *reflect.Value
        [4] t3 = *t2, RESULT reflect.Value{
    typ_ *internal/abi.Type
    ptr unsafe.Pointer
    flag reflect.flag
}

        [5] t4 = Call static (reflect.Value).UnsafeAddr(t3), RESULT uintptr
        [6] return (t4)


ADDING instructions to (*reflect.Value).UnsafePointer
Added instruction: [0] t0 = Alloc local info(name: v, type: *reflect.Value, on stack), RESULT **reflect.Value
Added no value instruction: [1] *t0 = receiver: v *reflect.Value
Added instruction: [2] t1 = *t0, RESULT *reflect.Value
Added instruction: [3] t2 = Call builtin (t1,'reflect.Value' :-go-string-,'UnsafePointer' :-go-string-), RESULT *reflect.Value
Added instruction: [4] t3 = *t2, RESULT reflect.Value{
    typ_ *internal/abi.Type
    ptr unsafe.Pointer
    flag reflect.flag
}

Creating type go-func-(909)
Creating function (reflect.Value).UnsafePointer with type go-func-909(909)
Replacing existing synthetic bound method with concrete bound method
Added instruction: [5] t4 = Call static (reflect.Value).UnsafePointer(t3), RESULT unsafe.Pointer
Added no value instruction: [6] return ()
FINISHED adding instructions to (*reflect.Value).UnsafePointer
    entry: (predecessors:  successors:  not reachable
        [0] t0 = Alloc local info(name: v, type: *reflect.Value, on stack), RESULT **reflect.Value
        [1] *t0 = receiver: v *reflect.Value
        [2] t1 = *t0, RESULT *reflect.Value
        [3] t2 = Call builtin (t1,'reflect.Value' :-go-string-,'UnsafePointer' :-go-string-), RESULT *reflect.Value
        [4] t3 = *t2, RESULT reflect.Value{
    typ_ *internal/abi.Type
    ptr unsafe.Pointer
    flag reflect.flag
}

        [5] t4 = Call static (reflect.Value).UnsafePointer(t3), RESULT unsafe.Pointer
        [6] return (t4)


ADDING instructions to (*reflect.Value).abiType
Added instruction: [0] t0 = Alloc local info(name: v, type: *reflect.Value, on stack), RESULT **reflect.Value
Added no value instruction: [1] *t0 = receiver: v *reflect.Value
Added instruction: [2] t1 = *t0, RESULT *reflect.Value
Added instruction: [3] t2 = Call builtin (t1,'reflect.Value' :-go-string-,'abiType' :-go-string-), RESULT *reflect.Value
Added instruction: [4] t3 = *t2, RESULT reflect.Value{
    typ_ *internal/abi.Type
    ptr unsafe.Pointer
    flag reflect.flag
}

Creating type go-func-(910)
Creating function (reflect.Value).abiType with type go-func-910(910)
Replacing existing synthetic bound method with concrete bound method
Added instruction: [5] t4 = Call static (reflect.Value).abiType(t3), RESULT *internal/abi.Type
Added no value instruction: [6] return ()
FINISHED adding instructions to (*reflect.Value).abiType
    entry: (predecessors:  successors:  not reachable
        [0] t0 = Alloc local info(name: v, type: *reflect.Value, on stack), RESULT **reflect.Value
        [1] *t0 = receiver: v *reflect.Value
        [2] t1 = *t0, RESULT *reflect.Value
        [3] t2 = Call builtin (t1,'reflect.Value' :-go-string-,'abiType' :-go-string-), RESULT *reflect.Value
        [4] t3 = *t2, RESULT reflect.Value{
    typ_ *internal/abi.Type
    ptr unsafe.Pointer
    flag reflect.flag
}

        [5] t4 = Call static (reflect.Value).abiType(t3), RESULT *internal/abi.Type
        [6] return (t4)


ADDING instructions to (*reflect.Value).abiTypeSlow
Added instruction: [0] t0 = Alloc local info(name: v, type: *reflect.Value, on stack), RESULT **reflect.Value
Added no value instruction: [1] *t0 = receiver: v *reflect.Value
Added instruction: [2] t1 = *t0, RESULT *reflect.Value
Added instruction: [3] t2 = Call builtin (t1,'reflect.Value' :-go-string-,'abiTypeSlow' :-go-string-), RESULT *reflect.Value
Added instruction: [4] t3 = *t2, RESULT reflect.Value{
    typ_ *internal/abi.Type
    ptr unsafe.Pointer
    flag reflect.flag
}

Creating type go-func-(911)
Creating function (reflect.Value).abiTypeSlow with type go-func-911(911)
Replacing existing synthetic bound method with concrete bound method
Added instruction: [5] t4 = Call static (reflect.Value).abiTypeSlow(t3), RESULT *internal/abi.Type
Added no value instruction: [6] return ()
FINISHED adding instructions to (*reflect.Value).abiTypeSlow
    entry: (predecessors:  successors:  not reachable
        [0] t0 = Alloc local info(name: v, type: *reflect.Value, on stack), RESULT **reflect.Value
        [1] *t0 = receiver: v *reflect.Value
        [2] t1 = *t0, RESULT *reflect.Value
        [3] t2 = Call builtin (t1,'reflect.Value' :-go-string-,'abiTypeSlow' :-go-string-), RESULT *reflect.Value
        [4] t3 = *t2, RESULT reflect.Value{
    typ_ *internal/abi.Type
    ptr unsafe.Pointer
    flag reflect.flag
}

        [5] t4 = Call static (reflect.Value).abiTypeSlow(t3), RESULT *internal/abi.Type
        [6] return (t4)


ADDING instructions to (*reflect.Value).assignTo
Added instruction: [0] t0 = Alloc local info(name: v, type: *reflect.Value, on stack), RESULT **reflect.Value
Added no value instruction: [1] *t0 = receiver: v *reflect.Value
Added instruction: [2] t1 = *t0, RESULT *reflect.Value
Added instruction: [3] t2 = Call builtin (t1,'reflect.Value' :-go-string-,'assignTo' :-go-string-), RESULT *reflect.Value
Added instruction: [4] t3 = *t2, RESULT reflect.Value{
    typ_ *internal/abi.Type
    ptr unsafe.Pointer
    flag reflect.flag
}

Creating type go-func-(912)
Creating function (reflect.Value).assignTo with type go-func-912(912)
Replacing existing synthetic bound method with concrete bound method
Added instruction: [5] t4 = Call static (reflect.Value).assignTo(t3,parameter: context -go-string-,parameter: dst *internal/abi.Type,parameter: target unsafe.Pointer), RESULT reflect.Value{
    typ_ *internal/abi.Type
    ptr unsafe.Pointer
    flag reflect.flag
}

Added no value instruction: [6] return ()
FINISHED adding instructions to (*reflect.Value).assignTo
    entry: (predecessors:  successors:  not reachable
        [0] t0 = Alloc local info(name: v, type: *reflect.Value, on stack), RESULT **reflect.Value
        [1] *t0 = receiver: v *reflect.Value
        [2] t1 = *t0, RESULT *reflect.Value
        [3] t2 = Call builtin (t1,'reflect.Value' :-go-string-,'assignTo' :-go-string-), RESULT *reflect.Value
        [4] t3 = *t2, RESULT reflect.Value{
    typ_ *internal/abi.Type
    ptr unsafe.Pointer
    flag reflect.flag
}

        [5] t4 = Call static (reflect.Value).assignTo(t3,parameter: context -go-string-,parameter: dst *internal/abi.Type,parameter: target unsafe.Pointer), RESULT reflect.Value{
    typ_ *internal/abi.Type
    ptr unsafe.Pointer
    flag reflect.flag
}

        [6] return (t4)


ADDING instructions to (*reflect.Value).bytesSlow
Added instruction: [0] t0 = Alloc local info(name: v, type: *reflect.Value, on stack), RESULT **reflect.Value
Added no value instruction: [1] *t0 = receiver: v *reflect.Value
Added instruction: [2] t1 = *t0, RESULT *reflect.Value
Added instruction: [3] t2 = Call builtin (t1,'reflect.Value' :-go-string-,'bytesSlow' :-go-string-), RESULT *reflect.Value
Added instruction: [4] t3 = *t2, RESULT reflect.Value{
    typ_ *internal/abi.Type
    ptr unsafe.Pointer
    flag reflect.flag
}

Creating type go-func-(913)
Creating function (reflect.Value).bytesSlow with type go-func-913(913)
Replacing existing synthetic bound method with concrete bound method
Added instruction: [5] t4 = Call static (reflect.Value).bytesSlow(t3), RESULT []byte
Added no value instruction: [6] return ()
FINISHED adding instructions to (*reflect.Value).bytesSlow
    entry: (predecessors:  successors:  not reachable
        [0] t0 = Alloc local info(name: v, type: *reflect.Value, on stack), RESULT **reflect.Value
        [1] *t0 = receiver: v *reflect.Value
        [2] t1 = *t0, RESULT *reflect.Value
        [3] t2 = Call builtin (t1,'reflect.Value' :-go-string-,'bytesSlow' :-go-string-), RESULT *reflect.Value
        [4] t3 = *t2, RESULT reflect.Value{
    typ_ *internal/abi.Type
    ptr unsafe.Pointer
    flag reflect.flag
}

        [5] t4 = Call static (reflect.Value).bytesSlow(t3), RESULT []byte
        [6] return (t4)


ADDING instructions to (*reflect.Value).call
Added instruction: [0] t0 = Alloc local info(name: v, type: *reflect.Value, on stack), RESULT **reflect.Value
Added no value instruction: [1] *t0 = receiver: v *reflect.Value
Added instruction: [2] t1 = *t0, RESULT *reflect.Value
Added instruction: [3] t2 = Call builtin (t1,'reflect.Value' :-go-string-,'call' :-go-string-), RESULT *reflect.Value
Added instruction: [4] t3 = *t2, RESULT reflect.Value{
    typ_ *internal/abi.Type
    ptr unsafe.Pointer
    flag reflect.flag
}

Creating type go-func-(914)
Creating function (reflect.Value).call with type go-func-914(914)
Replacing existing synthetic bound method with concrete bound method
Added instruction: [5] t4 = Call static (reflect.Value).call(t3,parameter: op -go-string-,parameter: in []reflect.Value), RESULT []reflect.Value
Added no value instruction: [6] return ()
FINISHED adding instructions to (*reflect.Value).call
    entry: (predecessors:  successors:  not reachable
        [0] t0 = Alloc local info(name: v, type: *reflect.Value, on stack), RESULT **reflect.Value
        [1] *t0 = receiver: v *reflect.Value
        [2] t1 = *t0, RESULT *reflect.Value
        [3] t2 = Call builtin (t1,'reflect.Value' :-go-string-,'call' :-go-string-), RESULT *reflect.Value
        [4] t3 = *t2, RESULT reflect.Value{
    typ_ *internal/abi.Type
    ptr unsafe.Pointer
    flag reflect.flag
}

        [5] t4 = Call static (reflect.Value).call(t3,parameter: op -go-string-,parameter: in []reflect.Value), RESULT []reflect.Value
        [6] return (t4)


ADDING instructions to (*reflect.Value).capNonSlice
Added instruction: [0] t0 = Alloc local info(name: v, type: *reflect.Value, on stack), RESULT **reflect.Value
Added no value instruction: [1] *t0 = receiver: v *reflect.Value
Added instruction: [2] t1 = *t0, RESULT *reflect.Value
Added instruction: [3] t2 = Call builtin (t1,'reflect.Value' :-go-string-,'capNonSlice' :-go-string-), RESULT *reflect.Value
Added instruction: [4] t3 = *t2, RESULT reflect.Value{
    typ_ *internal/abi.Type
    ptr unsafe.Pointer
    flag reflect.flag
}

Creating type go-func-(915)
Creating function (reflect.Value).capNonSlice with type go-func-915(915)
Replacing existing synthetic bound method with concrete bound method
Added instruction: [5] t4 = Call static (reflect.Value).capNonSlice(t3), RESULT int
Added no value instruction: [6] return ()
FINISHED adding instructions to (*reflect.Value).capNonSlice
    entry: (predecessors:  successors:  not reachable
        [0] t0 = Alloc local info(name: v, type: *reflect.Value, on stack), RESULT **reflect.Value
        [1] *t0 = receiver: v *reflect.Value
        [2] t1 = *t0, RESULT *reflect.Value
        [3] t2 = Call builtin (t1,'reflect.Value' :-go-string-,'capNonSlice' :-go-string-), RESULT *reflect.Value
        [4] t3 = *t2, RESULT reflect.Value{
    typ_ *internal/abi.Type
    ptr unsafe.Pointer
    flag reflect.flag
}

        [5] t4 = Call static (reflect.Value).capNonSlice(t3), RESULT int
        [6] return (t4)


ADDING instructions to (*reflect.Value).extendSlice
Added instruction: [0] t0 = Alloc local info(name: v, type: *reflect.Value, on stack), RESULT **reflect.Value
Added no value instruction: [1] *t0 = receiver: v *reflect.Value
Added instruction: [2] t1 = *t0, RESULT *reflect.Value
Added instruction: [3] t2 = Call builtin (t1,'reflect.Value' :-go-string-,'extendSlice' :-go-string-), RESULT *reflect.Value
Added instruction: [4] t3 = *t2, RESULT reflect.Value{
    typ_ *internal/abi.Type
    ptr unsafe.Pointer
    flag reflect.flag
}

Creating type go-func-(916)
Creating function (reflect.Value).extendSlice with type go-func-916(916)
Replacing existing synthetic bound method with concrete bound method
Added instruction: [5] t4 = Call static (reflect.Value).extendSlice(t3,parameter: n int), RESULT reflect.Value{
    typ_ *internal/abi.Type
    ptr unsafe.Pointer
    flag reflect.flag
}

Added no value instruction: [6] return ()
FINISHED adding instructions to (*reflect.Value).extendSlice
    entry: (predecessors:  successors:  not reachable
        [0] t0 = Alloc local info(name: v, type: *reflect.Value, on stack), RESULT **reflect.Value
        [1] *t0 = receiver: v *reflect.Value
        [2] t1 = *t0, RESULT *reflect.Value
        [3] t2 = Call builtin (t1,'reflect.Value' :-go-string-,'extendSlice' :-go-string-), RESULT *reflect.Value
        [4] t3 = *t2, RESULT reflect.Value{
    typ_ *internal/abi.Type
    ptr unsafe.Pointer
    flag reflect.flag
}

        [5] t4 = Call static (reflect.Value).extendSlice(t3,parameter: n int), RESULT reflect.Value{
    typ_ *internal/abi.Type
    ptr unsafe.Pointer
    flag reflect.flag
}

        [6] return (t4)


ADDING instructions to (*reflect.Value).grow
Added instruction: [0] t0 = Alloc local info(name: v, type: *reflect.Value, on stack), RESULT **reflect.Value
Added no value instruction: [1] *t0 = receiver: v *reflect.Value
Added instruction: [2] t1 = *t0, RESULT *reflect.Value
Added instruction: [3] t2 = Call builtin (t1,'reflect.Value' :-go-string-,'grow' :-go-string-), RESULT *reflect.Value
Added instruction: [4] t3 = *t2, RESULT reflect.Value{
    typ_ *internal/abi.Type
    ptr unsafe.Pointer
    flag reflect.flag
}

Creating type go-func-(917)
Creating function (reflect.Value).grow with type go-func-917(917)
Replacing existing synthetic bound method with concrete bound method
Added instruction: [5] t4 = Call static (reflect.Value).grow(t3,parameter: n int), RESULT void
Added no value instruction: [6] return ()
FINISHED adding instructions to (*reflect.Value).grow
    entry: (predecessors:  successors:  not reachable
        [0] t0 = Alloc local info(name: v, type: *reflect.Value, on stack), RESULT **reflect.Value
        [1] *t0 = receiver: v *reflect.Value
        [2] t1 = *t0, RESULT *reflect.Value
        [3] t2 = Call builtin (t1,'reflect.Value' :-go-string-,'grow' :-go-string-), RESULT *reflect.Value
        [4] t3 = *t2, RESULT reflect.Value{
    typ_ *internal/abi.Type
    ptr unsafe.Pointer
    flag reflect.flag
}

        [5] t4 = Call static (reflect.Value).grow(t3,parameter: n int), RESULT void
        [6] return ()


ADDING instructions to (*reflect.Value).kind
Added instruction: [0] t0 = Alloc local info(name: f, type: *reflect.Value, on stack), RESULT **reflect.Value
Added no value instruction: [1] *t0 = receiver: f *reflect.Value
Added instruction: [2] t1 = *t0, RESULT *reflect.Value
Creating type *reflect.flag(918)
Base of just created pointer type is reflect.flag(438)
Added instruction: [3] t2 = &t1.[#2], RESULT *reflect.flag
Added instruction: [4] t3 = *t2, RESULT reflect.flag
Creating type go-func-(919)
Creating function (reflect.flag).kind with type go-func-919(919)
Adding bound method kind((reflect.flag).kind) to type reflect.flag
Added instruction: [5] t4 = Call static (reflect.flag).kind(t3), RESULT reflect.Kind
Added no value instruction: [6] return ()
FINISHED adding instructions to (*reflect.Value).kind
    entry: (predecessors:  successors:  not reachable
        [0] t0 = Alloc local info(name: f, type: *reflect.Value, on stack), RESULT **reflect.Value
        [1] *t0 = receiver: f *reflect.Value
        [2] t1 = *t0, RESULT *reflect.Value
        [3] t2 = &t1.[#2], RESULT *reflect.flag
        [4] t3 = *t2, RESULT reflect.flag
        [5] t4 = Call static (reflect.flag).kind(t3), RESULT reflect.Kind
        [6] return (t4)


ADDING instructions to (*reflect.Value).lenNonSlice
Added instruction: [0] t0 = Alloc local info(name: v, type: *reflect.Value, on stack), RESULT **reflect.Value
Added no value instruction: [1] *t0 = receiver: v *reflect.Value
Added instruction: [2] t1 = *t0, RESULT *reflect.Value
Added instruction: [3] t2 = Call builtin (t1,'reflect.Value' :-go-string-,'lenNonSlice' :-go-string-), RESULT *reflect.Value
Added instruction: [4] t3 = *t2, RESULT reflect.Value{
    typ_ *internal/abi.Type
    ptr unsafe.Pointer
    flag reflect.flag
}

Creating type go-func-(920)
Creating function (reflect.Value).lenNonSlice with type go-func-920(920)
Replacing existing synthetic bound method with concrete bound method
Added instruction: [5] t4 = Call static (reflect.Value).lenNonSlice(t3), RESULT int
Added no value instruction: [6] return ()
FINISHED adding instructions to (*reflect.Value).lenNonSlice
    entry: (predecessors:  successors:  not reachable
        [0] t0 = Alloc local info(name: v, type: *reflect.Value, on stack), RESULT **reflect.Value
        [1] *t0 = receiver: v *reflect.Value
        [2] t1 = *t0, RESULT *reflect.Value
        [3] t2 = Call builtin (t1,'reflect.Value' :-go-string-,'lenNonSlice' :-go-string-), RESULT *reflect.Value
        [4] t3 = *t2, RESULT reflect.Value{
    typ_ *internal/abi.Type
    ptr unsafe.Pointer
    flag reflect.flag
}

        [5] t4 = Call static (reflect.Value).lenNonSlice(t3), RESULT int
        [6] return (t4)


ADDING instructions to (*reflect.Value).mustBe
Added instruction: [0] t0 = Alloc local info(name: f, type: *reflect.Value, on stack), RESULT **reflect.Value
Added no value instruction: [1] *t0 = receiver: f *reflect.Value
Added instruction: [2] t1 = *t0, RESULT *reflect.Value
Added instruction: [3] t2 = &t1.[#2], RESULT *reflect.flag
Added instruction: [4] t3 = *t2, RESULT reflect.flag
Creating type go-func-(921)
Creating function (reflect.flag).mustBe with type go-func-921(921)
Adding bound method mustBe((reflect.flag).mustBe) to type reflect.flag
Added instruction: [5] t4 = Call static (reflect.flag).mustBe(t3,parameter: expected reflect.Kind), RESULT void
Added no value instruction: [6] return ()
FINISHED adding instructions to (*reflect.Value).mustBe
    entry: (predecessors:  successors:  not reachable
        [0] t0 = Alloc local info(name: f, type: *reflect.Value, on stack), RESULT **reflect.Value
        [1] *t0 = receiver: f *reflect.Value
        [2] t1 = *t0, RESULT *reflect.Value
        [3] t2 = &t1.[#2], RESULT *reflect.flag
        [4] t3 = *t2, RESULT reflect.flag
        [5] t4 = Call static (reflect.flag).mustBe(t3,parameter: expected reflect.Kind), RESULT void
        [6] return ()


ADDING instructions to (*reflect.Value).mustBeAssignable
Added instruction: [0] t0 = Alloc local info(name: f, type: *reflect.Value, on stack), RESULT **reflect.Value
Added no value instruction: [1] *t0 = receiver: f *reflect.Value
Added instruction: [2] t1 = *t0, RESULT *reflect.Value
Added instruction: [3] t2 = &t1.[#2], RESULT *reflect.flag
Added instruction: [4] t3 = *t2, RESULT reflect.flag
Creating type go-func-(922)
Creating function (reflect.flag).mustBeAssignable with type go-func-922(922)
Adding bound method mustBeAssignable((reflect.flag).mustBeAssignable) to type reflect.flag
Added instruction: [5] t4 = Call static (reflect.flag).mustBeAssignable(t3), RESULT void
Added no value instruction: [6] return ()
FINISHED adding instructions to (*reflect.Value).mustBeAssignable
    entry: (predecessors:  successors:  not reachable
        [0] t0 = Alloc local info(name: f, type: *reflect.Value, on stack), RESULT **reflect.Value
        [1] *t0 = receiver: f *reflect.Value
        [2] t1 = *t0, RESULT *reflect.Value
        [3] t2 = &t1.[#2], RESULT *reflect.flag
        [4] t3 = *t2, RESULT reflect.flag
        [5] t4 = Call static (reflect.flag).mustBeAssignable(t3), RESULT void
        [6] return ()


ADDING instructions to (*reflect.Value).mustBeAssignableSlow
Added instruction: [0] t0 = Alloc local info(name: f, type: *reflect.Value, on stack), RESULT **reflect.Value
Added no value instruction: [1] *t0 = receiver: f *reflect.Value
Added instruction: [2] t1 = *t0, RESULT *reflect.Value
Added instruction: [3] t2 = &t1.[#2], RESULT *reflect.flag
Added instruction: [4] t3 = *t2, RESULT reflect.flag
Creating type go-func-(923)
Creating function (reflect.flag).mustBeAssignableSlow with type go-func-923(923)
Adding bound method mustBeAssignableSlow((reflect.flag).mustBeAssignableSlow) to type reflect.flag
Added instruction: [5] t4 = Call static (reflect.flag).mustBeAssignableSlow(t3), RESULT void
Added no value instruction: [6] return ()
FINISHED adding instructions to (*reflect.Value).mustBeAssignableSlow
    entry: (predecessors:  successors:  not reachable
        [0] t0 = Alloc local info(name: f, type: *reflect.Value, on stack), RESULT **reflect.Value
        [1] *t0 = receiver: f *reflect.Value
        [2] t1 = *t0, RESULT *reflect.Value
        [3] t2 = &t1.[#2], RESULT *reflect.flag
        [4] t3 = *t2, RESULT reflect.flag
        [5] t4 = Call static (reflect.flag).mustBeAssignableSlow(t3), RESULT void
        [6] return ()


ADDING instructions to (*reflect.Value).mustBeExported
Added instruction: [0] t0 = Alloc local info(name: f, type: *reflect.Value, on stack), RESULT **reflect.Value
Added no value instruction: [1] *t0 = receiver: f *reflect.Value
Added instruction: [2] t1 = *t0, RESULT *reflect.Value
Added instruction: [3] t2 = &t1.[#2], RESULT *reflect.flag
Added instruction: [4] t3 = *t2, RESULT reflect.flag
Creating type go-func-(924)
Creating function (reflect.flag).mustBeExported with type go-func-924(924)
Adding bound method mustBeExported((reflect.flag).mustBeExported) to type reflect.flag
Added instruction: [5] t4 = Call static (reflect.flag).mustBeExported(t3), RESULT void
Added no value instruction: [6] return ()
FINISHED adding instructions to (*reflect.Value).mustBeExported
    entry: (predecessors:  successors:  not reachable
        [0] t0 = Alloc local info(name: f, type: *reflect.Value, on stack), RESULT **reflect.Value
        [1] *t0 = receiver: f *reflect.Value
        [2] t1 = *t0, RESULT *reflect.Value
        [3] t2 = &t1.[#2], RESULT *reflect.flag
        [4] t3 = *t2, RESULT reflect.flag
        [5] t4 = Call static (reflect.flag).mustBeExported(t3), RESULT void
        [6] return ()


ADDING instructions to (*reflect.Value).mustBeExportedSlow
Added instruction: [0] t0 = Alloc local info(name: f, type: *reflect.Value, on stack), RESULT **reflect.Value
Added no value instruction: [1] *t0 = receiver: f *reflect.Value
Added instruction: [2] t1 = *t0, RESULT *reflect.Value
Added instruction: [3] t2 = &t1.[#2], RESULT *reflect.flag
Added instruction: [4] t3 = *t2, RESULT reflect.flag
Creating type go-func-(925)
Creating function (reflect.flag).mustBeExportedSlow with type go-func-925(925)
Adding bound method mustBeExportedSlow((reflect.flag).mustBeExportedSlow) to type reflect.flag
Added instruction: [5] t4 = Call static (reflect.flag).mustBeExportedSlow(t3), RESULT void
Added no value instruction: [6] return ()
FINISHED adding instructions to (*reflect.Value).mustBeExportedSlow
    entry: (predecessors:  successors:  not reachable
        [0] t0 = Alloc local info(name: f, type: *reflect.Value, on stack), RESULT **reflect.Value
        [1] *t0 = receiver: f *reflect.Value
        [2] t1 = *t0, RESULT *reflect.Value
        [3] t2 = &t1.[#2], RESULT *reflect.flag
        [4] t3 = *t2, RESULT reflect.flag
        [5] t4 = Call static (reflect.flag).mustBeExportedSlow(t3), RESULT void
        [6] return ()


ADDING instructions to (*reflect.Value).panicNotBool
Added instruction: [0] t0 = Alloc local info(name: v, type: *reflect.Value, on stack), RESULT **reflect.Value
Added no value instruction: [1] *t0 = receiver: v *reflect.Value
Added instruction: [2] t1 = *t0, RESULT *reflect.Value
Added instruction: [3] t2 = Call builtin (t1,'reflect.Value' :-go-string-,'panicNotBool' :-go-string-), RESULT *reflect.Value
Added instruction: [4] t3 = *t2, RESULT reflect.Value{
    typ_ *internal/abi.Type
    ptr unsafe.Pointer
    flag reflect.flag
}

Creating type go-func-(926)
Creating function (reflect.Value).panicNotBool with type go-func-926(926)
Replacing existing synthetic bound method with concrete bound method
Added instruction: [5] t4 = Call static (reflect.Value).panicNotBool(t3), RESULT void
Added no value instruction: [6] return ()
FINISHED adding instructions to (*reflect.Value).panicNotBool
    entry: (predecessors:  successors:  not reachable
        [0] t0 = Alloc local info(name: v, type: *reflect.Value, on stack), RESULT **reflect.Value
        [1] *t0 = receiver: v *reflect.Value
        [2] t1 = *t0, RESULT *reflect.Value
        [3] t2 = Call builtin (t1,'reflect.Value' :-go-string-,'panicNotBool' :-go-string-), RESULT *reflect.Value
        [4] t3 = *t2, RESULT reflect.Value{
    typ_ *internal/abi.Type
    ptr unsafe.Pointer
    flag reflect.flag
}

        [5] t4 = Call static (reflect.Value).panicNotBool(t3), RESULT void
        [6] return ()


ADDING instructions to (*reflect.Value).panicNotMap
Added instruction: [0] t0 = Alloc local info(name: f, type: *reflect.Value, on stack), RESULT **reflect.Value
Added no value instruction: [1] *t0 = receiver: f *reflect.Value
Added instruction: [2] t1 = *t0, RESULT *reflect.Value
Added instruction: [3] t2 = &t1.[#2], RESULT *reflect.flag
Added instruction: [4] t3 = *t2, RESULT reflect.flag
Creating type go-func-(927)
Creating function (reflect.flag).panicNotMap with type go-func-927(927)
Adding bound method panicNotMap((reflect.flag).panicNotMap) to type reflect.flag
Added instruction: [5] t4 = Call static (reflect.flag).panicNotMap(t3), RESULT void
Added no value instruction: [6] return ()
FINISHED adding instructions to (*reflect.Value).panicNotMap
    entry: (predecessors:  successors:  not reachable
        [0] t0 = Alloc local info(name: f, type: *reflect.Value, on stack), RESULT **reflect.Value
        [1] *t0 = receiver: f *reflect.Value
        [2] t1 = *t0, RESULT *reflect.Value
        [3] t2 = &t1.[#2], RESULT *reflect.flag
        [4] t3 = *t2, RESULT reflect.flag
        [5] t4 = Call static (reflect.flag).panicNotMap(t3), RESULT void
        [6] return ()


ADDING instructions to (*reflect.Value).pointer
Added instruction: [0] t0 = Alloc local info(name: v, type: *reflect.Value, on stack), RESULT **reflect.Value
Added no value instruction: [1] *t0 = receiver: v *reflect.Value
Added instruction: [2] t1 = *t0, RESULT *reflect.Value
Added instruction: [3] t2 = Call builtin (t1,'reflect.Value' :-go-string-,'pointer' :-go-string-), RESULT *reflect.Value
Added instruction: [4] t3 = *t2, RESULT reflect.Value{
    typ_ *internal/abi.Type
    ptr unsafe.Pointer
    flag reflect.flag
}

Creating type go-func-(928)
Creating function (reflect.Value).pointer with type go-func-928(928)
Replacing existing synthetic bound method with concrete bound method
Added instruction: [5] t4 = Call static (reflect.Value).pointer(t3), RESULT unsafe.Pointer
Added no value instruction: [6] return ()
FINISHED adding instructions to (*reflect.Value).pointer
    entry: (predecessors:  successors:  not reachable
        [0] t0 = Alloc local info(name: v, type: *reflect.Value, on stack), RESULT **reflect.Value
        [1] *t0 = receiver: v *reflect.Value
        [2] t1 = *t0, RESULT *reflect.Value
        [3] t2 = Call builtin (t1,'reflect.Value' :-go-string-,'pointer' :-go-string-), RESULT *reflect.Value
        [4] t3 = *t2, RESULT reflect.Value{
    typ_ *internal/abi.Type
    ptr unsafe.Pointer
    flag reflect.flag
}

        [5] t4 = Call static (reflect.Value).pointer(t3), RESULT unsafe.Pointer
        [6] return (t4)


ADDING instructions to (*reflect.Value).recv
Added instruction: [0] t0 = Alloc local info(name: v, type: *reflect.Value, on stack), RESULT **reflect.Value
Added no value instruction: [1] *t0 = receiver: v *reflect.Value
Added instruction: [2] t1 = *t0, RESULT *reflect.Value
Added instruction: [3] t2 = Call builtin (t1,'reflect.Value' :-go-string-,'recv' :-go-string-), RESULT *reflect.Value
Added instruction: [4] t3 = *t2, RESULT reflect.Value{
    typ_ *internal/abi.Type
    ptr unsafe.Pointer
    flag reflect.flag
}

Creating type go-func-(929)
Creating function (reflect.Value).recv with type go-func-929(929)
Replacing existing synthetic bound method with concrete bound method
Added instruction: [5] t4 = Call static (reflect.Value).recv(t3,parameter: nb bool), RESULT *(reflect.Value, bool)-Ret-Type
Added instruction: [6] t5 = extract  field 0 from t4, RESULT reflect.Value{
    typ_ *internal/abi.Type
    ptr unsafe.Pointer
    flag reflect.flag
}

Added instruction: [7] t6 = extract  field 1 from t4, RESULT bool
Added no value instruction: [8] return ()
FINISHED adding instructions to (*reflect.Value).recv
    entry: (predecessors:  successors:  not reachable
        [0] t0 = Alloc local info(name: v, type: *reflect.Value, on stack), RESULT **reflect.Value
        [1] *t0 = receiver: v *reflect.Value
        [2] t1 = *t0, RESULT *reflect.Value
        [3] t2 = Call builtin (t1,'reflect.Value' :-go-string-,'recv' :-go-string-), RESULT *reflect.Value
        [4] t3 = *t2, RESULT reflect.Value{
    typ_ *internal/abi.Type
    ptr unsafe.Pointer
    flag reflect.flag
}

        [5] t4 = Call static (reflect.Value).recv(t3,parameter: nb bool), RESULT *(reflect.Value, bool)-Ret-Type
        [6] t5 = extract  field 0 from t4, RESULT reflect.Value{
    typ_ *internal/abi.Type
    ptr unsafe.Pointer
    flag reflect.flag
}

        [7] t6 = extract  field 1 from t4, RESULT bool
        [8] return (t5,t6)


ADDING instructions to (*reflect.Value).ro
Added instruction: [0] t0 = Alloc local info(name: f, type: *reflect.Value, on stack), RESULT **reflect.Value
Added no value instruction: [1] *t0 = receiver: f *reflect.Value
Added instruction: [2] t1 = *t0, RESULT *reflect.Value
Added instruction: [3] t2 = &t1.[#2], RESULT *reflect.flag
Added instruction: [4] t3 = *t2, RESULT reflect.flag
Creating type go-func-(930)
Creating function (reflect.flag).ro with type go-func-930(930)
Adding bound method ro((reflect.flag).ro) to type reflect.flag
Added instruction: [5] t4 = Call static (reflect.flag).ro(t3), RESULT reflect.flag
Added no value instruction: [6] return ()
FINISHED adding instructions to (*reflect.Value).ro
    entry: (predecessors:  successors:  not reachable
        [0] t0 = Alloc local info(name: f, type: *reflect.Value, on stack), RESULT **reflect.Value
        [1] *t0 = receiver: f *reflect.Value
        [2] t1 = *t0, RESULT *reflect.Value
        [3] t2 = &t1.[#2], RESULT *reflect.flag
        [4] t3 = *t2, RESULT reflect.flag
        [5] t4 = Call static (reflect.flag).ro(t3), RESULT reflect.flag
        [6] return (t4)


ADDING instructions to (*reflect.Value).runes
Added instruction: [0] t0 = Alloc local info(name: v, type: *reflect.Value, on stack), RESULT **reflect.Value
Added no value instruction: [1] *t0 = receiver: v *reflect.Value
Added instruction: [2] t1 = *t0, RESULT *reflect.Value
Added instruction: [3] t2 = Call builtin (t1,'reflect.Value' :-go-string-,'runes' :-go-string-), RESULT *reflect.Value
Added instruction: [4] t3 = *t2, RESULT reflect.Value{
    typ_ *internal/abi.Type
    ptr unsafe.Pointer
    flag reflect.flag
}

Creating type go-func-(931)
Creating function (reflect.Value).runes with type go-func-931(931)
Replacing existing synthetic bound method with concrete bound method
Added instruction: [5] t4 = Call static (reflect.Value).runes(t3), RESULT []rune
Added no value instruction: [6] return ()
FINISHED adding instructions to (*reflect.Value).runes
    entry: (predecessors:  successors:  not reachable
        [0] t0 = Alloc local info(name: v, type: *reflect.Value, on stack), RESULT **reflect.Value
        [1] *t0 = receiver: v *reflect.Value
        [2] t1 = *t0, RESULT *reflect.Value
        [3] t2 = Call builtin (t1,'reflect.Value' :-go-string-,'runes' :-go-string-), RESULT *reflect.Value
        [4] t3 = *t2, RESULT reflect.Value{
    typ_ *internal/abi.Type
    ptr unsafe.Pointer
    flag reflect.flag
}

        [5] t4 = Call static (reflect.Value).runes(t3), RESULT []rune
        [6] return (t4)


ADDING instructions to (*reflect.Value).send
Added instruction: [0] t0 = Alloc local info(name: v, type: *reflect.Value, on stack), RESULT **reflect.Value
Added no value instruction: [1] *t0 = receiver: v *reflect.Value
Added instruction: [2] t1 = *t0, RESULT *reflect.Value
Added instruction: [3] t2 = Call builtin (t1,'reflect.Value' :-go-string-,'send' :-go-string-), RESULT *reflect.Value
Added instruction: [4] t3 = *t2, RESULT reflect.Value{
    typ_ *internal/abi.Type
    ptr unsafe.Pointer
    flag reflect.flag
}

Creating type go-func-(932)
Creating function (reflect.Value).send with type go-func-932(932)
Replacing existing synthetic bound method with concrete bound method
Added instruction: [5] t4 = Call static (reflect.Value).send(t3,parameter: x reflect.Value,parameter: nb bool), RESULT bool
Added no value instruction: [6] return ()
FINISHED adding instructions to (*reflect.Value).send
    entry: (predecessors:  successors:  not reachable
        [0] t0 = Alloc local info(name: v, type: *reflect.Value, on stack), RESULT **reflect.Value
        [1] *t0 = receiver: v *reflect.Value
        [2] t1 = *t0, RESULT *reflect.Value
        [3] t2 = Call builtin (t1,'reflect.Value' :-go-string-,'send' :-go-string-), RESULT *reflect.Value
        [4] t3 = *t2, RESULT reflect.Value{
    typ_ *internal/abi.Type
    ptr unsafe.Pointer
    flag reflect.flag
}

        [5] t4 = Call static (reflect.Value).send(t3,parameter: x reflect.Value,parameter: nb bool), RESULT bool
        [6] return (t4)


ADDING instructions to (*reflect.Value).setRunes
Added instruction: [0] t0 = Alloc local info(name: v, type: *reflect.Value, on stack), RESULT **reflect.Value
Added no value instruction: [1] *t0 = receiver: v *reflect.Value
Added instruction: [2] t1 = *t0, RESULT *reflect.Value
Added instruction: [3] t2 = Call builtin (t1,'reflect.Value' :-go-string-,'setRunes' :-go-string-), RESULT *reflect.Value
Added instruction: [4] t3 = *t2, RESULT reflect.Value{
    typ_ *internal/abi.Type
    ptr unsafe.Pointer
    flag reflect.flag
}

Creating type go-func-(933)
Creating function (reflect.Value).setRunes with type go-func-933(933)
Replacing existing synthetic bound method with concrete bound method
Added instruction: [5] t4 = Call static (reflect.Value).setRunes(t3,parameter: x []rune), RESULT void
Added no value instruction: [6] return ()
FINISHED adding instructions to (*reflect.Value).setRunes
    entry: (predecessors:  successors:  not reachable
        [0] t0 = Alloc local info(name: v, type: *reflect.Value, on stack), RESULT **reflect.Value
        [1] *t0 = receiver: v *reflect.Value
        [2] t1 = *t0, RESULT *reflect.Value
        [3] t2 = Call builtin (t1,'reflect.Value' :-go-string-,'setRunes' :-go-string-), RESULT *reflect.Value
        [4] t3 = *t2, RESULT reflect.Value{
    typ_ *internal/abi.Type
    ptr unsafe.Pointer
    flag reflect.flag
}

        [5] t4 = Call static (reflect.Value).setRunes(t3,parameter: x []rune), RESULT void
        [6] return ()


ADDING instructions to (*reflect.Value).stringNonString
Added instruction: [0] t0 = Alloc local info(name: v, type: *reflect.Value, on stack), RESULT **reflect.Value
Added no value instruction: [1] *t0 = receiver: v *reflect.Value
Added instruction: [2] t1 = *t0, RESULT *reflect.Value
Added instruction: [3] t2 = Call builtin (t1,'reflect.Value' :-go-string-,'stringNonString' :-go-string-), RESULT *reflect.Value
Added instruction: [4] t3 = *t2, RESULT reflect.Value{
    typ_ *internal/abi.Type
    ptr unsafe.Pointer
    flag reflect.flag
}

Creating type go-func-(934)
Creating function (reflect.Value).stringNonString with type go-func-934(934)
Replacing existing synthetic bound method with concrete bound method
Added instruction: [5] t4 = Call static (reflect.Value).stringNonString(t3), RESULT -go-string-
Added no value instruction: [6] return ()
FINISHED adding instructions to (*reflect.Value).stringNonString
    entry: (predecessors:  successors:  not reachable
        [0] t0 = Alloc local info(name: v, type: *reflect.Value, on stack), RESULT **reflect.Value
        [1] *t0 = receiver: v *reflect.Value
        [2] t1 = *t0, RESULT *reflect.Value
        [3] t2 = Call builtin (t1,'reflect.Value' :-go-string-,'stringNonString' :-go-string-), RESULT *reflect.Value
        [4] t3 = *t2, RESULT reflect.Value{
    typ_ *internal/abi.Type
    ptr unsafe.Pointer
    flag reflect.flag
}

        [5] t4 = Call static (reflect.Value).stringNonString(t3), RESULT -go-string-
        [6] return (t4)


ADDING instructions to (*reflect.Value).typ
Added instruction: [0] t0 = Alloc local info(name: v, type: *reflect.Value, on stack), RESULT **reflect.Value
Added no value instruction: [1] *t0 = receiver: v *reflect.Value
Added instruction: [2] t1 = *t0, RESULT *reflect.Value
Added instruction: [3] t2 = Call builtin (t1,'reflect.Value' :-go-string-,'typ' :-go-string-), RESULT *reflect.Value
Added instruction: [4] t3 = *t2, RESULT reflect.Value{
    typ_ *internal/abi.Type
    ptr unsafe.Pointer
    flag reflect.flag
}

Creating type go-func-(935)
Creating function (reflect.Value).typ with type go-func-935(935)
Replacing existing synthetic bound method with concrete bound method
Added instruction: [5] t4 = Call static (reflect.Value).typ(t3), RESULT *internal/abi.Type
Added no value instruction: [6] return ()
FINISHED adding instructions to (*reflect.Value).typ
    entry: (predecessors:  successors:  not reachable
        [0] t0 = Alloc local info(name: v, type: *reflect.Value, on stack), RESULT **reflect.Value
        [1] *t0 = receiver: v *reflect.Value
        [2] t1 = *t0, RESULT *reflect.Value
        [3] t2 = Call builtin (t1,'reflect.Value' :-go-string-,'typ' :-go-string-), RESULT *reflect.Value
        [4] t3 = *t2, RESULT reflect.Value{
    typ_ *internal/abi.Type
    ptr unsafe.Pointer
    flag reflect.flag
}

        [5] t4 = Call static (reflect.Value).typ(t3), RESULT *internal/abi.Type
        [6] return (t4)


ADDING instructions to (*reflect.Value).typeSlow
Added instruction: [0] t0 = Alloc local info(name: v, type: *reflect.Value, on stack), RESULT **reflect.Value
Added no value instruction: [1] *t0 = receiver: v *reflect.Value
Added instruction: [2] t1 = *t0, RESULT *reflect.Value
Added instruction: [3] t2 = Call builtin (t1,'reflect.Value' :-go-string-,'typeSlow' :-go-string-), RESULT *reflect.Value
Added instruction: [4] t3 = *t2, RESULT reflect.Value{
    typ_ *internal/abi.Type
    ptr unsafe.Pointer
    flag reflect.flag
}

Creating type go-func-(936)
Creating function (reflect.Value).typeSlow with type go-func-936(936)
Replacing existing synthetic bound method with concrete bound method
Added instruction: [5] t4 = Call static (reflect.Value).typeSlow(t3), RESULT reflect.Type
Added no value instruction: [6] return ()
FINISHED adding instructions to (*reflect.Value).typeSlow
    entry: (predecessors:  successors:  not reachable
        [0] t0 = Alloc local info(name: v, type: *reflect.Value, on stack), RESULT **reflect.Value
        [1] *t0 = receiver: v *reflect.Value
        [2] t1 = *t0, RESULT *reflect.Value
        [3] t2 = Call builtin (t1,'reflect.Value' :-go-string-,'typeSlow' :-go-string-), RESULT *reflect.Value
        [4] t3 = *t2, RESULT reflect.Value{
    typ_ *internal/abi.Type
    ptr unsafe.Pointer
    flag reflect.flag
}

        [5] t4 = Call static (reflect.Value).typeSlow(t3), RESULT reflect.Type
        [6] return (t4)


ADDING instructions to (*runtime.BlockProfileRecord).Stack
Creating type **runtime.BlockProfileRecord(937)
Base of just created pointer type is *runtime.BlockProfileRecord(580)
Added instruction: [0] t0 = Alloc local info(name: r, type: *runtime.BlockProfileRecord, on stack), RESULT **runtime.BlockProfileRecord
Added no value instruction: [1] *t0 = receiver: r *runtime.BlockProfileRecord
Added instruction: [2] t1 = *t0, RESULT *runtime.BlockProfileRecord
Creating type *runtime.StackRecord(938)
Base of just created pointer type is runtime.StackRecord(577)
Added instruction: [3] t2 = &t1.[#2], RESULT *runtime.StackRecord
Creating type go-func-(939)
Creating function (*runtime.StackRecord).Stack with type go-func-939(939)
Adding bound method Stack((*runtime.StackRecord).Stack) to type runtime.StackRecord
Added instruction: [4] t3 = Call static (*runtime.StackRecord).Stack(t2), RESULT []uintptr
Added no value instruction: [5] return ()
FINISHED adding instructions to (*runtime.BlockProfileRecord).Stack
    entry: (predecessors:  successors:  not reachable
        [0] t0 = Alloc local info(name: r, type: *runtime.BlockProfileRecord, on stack), RESULT **runtime.BlockProfileRecord
        [1] *t0 = receiver: r *runtime.BlockProfileRecord
        [2] t1 = *t0, RESULT *runtime.BlockProfileRecord
        [3] t2 = &t1.[#2], RESULT *runtime.StackRecord
        [4] t3 = Call static (*runtime.StackRecord).Stack(t2), RESULT []uintptr
        [5] return (t3)


ADDING instructions to (*runtime.Cleanup).Stop
Creating type **runtime.Cleanup(940)
Base of just created pointer type is *runtime.Cleanup(585)
Added instruction: [0] t0 = Alloc local info(name: c, type: *runtime.Cleanup, on stack), RESULT **runtime.Cleanup
Added no value instruction: [1] *t0 = receiver: c *runtime.Cleanup
Added instruction: [2] t1 = *t0, RESULT *runtime.Cleanup
Added instruction: [3] t2 = Call builtin (t1,'runtime.Cleanup' :-go-string-,'Stop' :-go-string-), RESULT *runtime.Cleanup
Added instruction: [4] t3 = *t2, RESULT runtime.Cleanup{
    id uint64
    ptr uintptr
}

Creating type go-func-(941)
Creating function (runtime.Cleanup).Stop with type go-func-941(941)
Replacing existing synthetic bound method with concrete bound method
Added instruction: [5] t4 = Call static (runtime.Cleanup).Stop(t3), RESULT void
Added no value instruction: [6] return ()
FINISHED adding instructions to (*runtime.Cleanup).Stop
    entry: (predecessors:  successors:  not reachable
        [0] t0 = Alloc local info(name: c, type: *runtime.Cleanup, on stack), RESULT **runtime.Cleanup
        [1] *t0 = receiver: c *runtime.Cleanup
        [2] t1 = *t0, RESULT *runtime.Cleanup
        [3] t2 = Call builtin (t1,'runtime.Cleanup' :-go-string-,'Stop' :-go-string-), RESULT *runtime.Cleanup
        [4] t3 = *t2, RESULT runtime.Cleanup{
    id uint64
    ptr uintptr
}

        [5] t4 = Call static (runtime.Cleanup).Stop(t3), RESULT void
        [6] return ()


ADDING instructions to (*runtime.Pinner).unpin
Creating type **runtime.Pinner(942)
Base of just created pointer type is *runtime.Pinner(594)
Added instruction: [0] t0 = Alloc local info(name: p, type: *runtime.Pinner, on stack), RESULT **runtime.Pinner
Added no value instruction: [1] *t0 = receiver: p *runtime.Pinner
Added instruction: [2] t1 = *t0, RESULT *runtime.Pinner
Creating type **runtime.pinner(943)
Base of just created pointer type is *runtime.pinner(593)
Added instruction: [3] t2 = &t1.[#0], RESULT **runtime.pinner
Added instruction: [4] t3 = *t2, RESULT *runtime.pinner
Creating type go-func-(944)
Creating function (*runtime.pinner).unpin with type go-func-944(944)
Adding bound method unpin((*runtime.pinner).unpin) to type runtime.pinner
Added instruction: [5] t4 = Call static (*runtime.pinner).unpin(t3), RESULT void
Added no value instruction: [6] return ()
FINISHED adding instructions to (*runtime.Pinner).unpin
    entry: (predecessors:  successors:  not reachable
        [0] t0 = Alloc local info(name: p, type: *runtime.Pinner, on stack), RESULT **runtime.Pinner
        [1] *t0 = receiver: p *runtime.Pinner
        [2] t1 = *t0, RESULT *runtime.Pinner
        [3] t2 = &t1.[#0], RESULT **runtime.pinner
        [4] t3 = *t2, RESULT *runtime.pinner
        [5] t4 = Call static (*runtime.pinner).unpin(t3), RESULT void
        [6] return ()


ADDING instructions to (*syscall.Errno).Error
Creating type **syscall.Errno(945)
Base of just created pointer type is *syscall.Errno(597)
Added instruction: [0] t0 = Alloc local info(name: e, type: *syscall.Errno, on stack), RESULT **syscall.Errno
Added no value instruction: [1] *t0 = receiver: e *syscall.Errno
Added instruction: [2] t1 = *t0, RESULT *syscall.Errno
Added instruction: [3] t2 = Call builtin (t1,'syscall.Errno' :-go-string-,'Error' :-go-string-), RESULT *syscall.Errno
Added instruction: [4] t3 = *t2, RESULT syscall.Errno
Creating type go-func-(946)
Creating function (syscall.Errno).Error with type go-func-946(946)
Replacing existing synthetic bound method with concrete bound method
Added instruction: [5] t4 = Call static (syscall.Errno).Error(t3), RESULT -go-string-
Added no value instruction: [6] return ()
FINISHED adding instructions to (*syscall.Errno).Error
    entry: (predecessors:  successors:  not reachable
        [0] t0 = Alloc local info(name: e, type: *syscall.Errno, on stack), RESULT **syscall.Errno
        [1] *t0 = receiver: e *syscall.Errno
        [2] t1 = *t0, RESULT *syscall.Errno
        [3] t2 = Call builtin (t1,'syscall.Errno' :-go-string-,'Error' :-go-string-), RESULT *syscall.Errno
        [4] t3 = *t2, RESULT syscall.Errno
        [5] t4 = Call static (syscall.Errno).Error(t3), RESULT -go-string-
        [6] return (t4)


ADDING instructions to (*syscall.Errno).Is
Added instruction: [0] t0 = Alloc local info(name: e, type: *syscall.Errno, on stack), RESULT **syscall.Errno
Added no value instruction: [1] *t0 = receiver: e *syscall.Errno
Added instruction: [2] t1 = *t0, RESULT *syscall.Errno
Added instruction: [3] t2 = Call builtin (t1,'syscall.Errno' :-go-string-,'Is' :-go-string-), RESULT *syscall.Errno
Added instruction: [4] t3 = *t2, RESULT syscall.Errno
Creating type go-func-(947)
Creating function (syscall.Errno).Is with type go-func-947(947)
Replacing existing synthetic bound method with concrete bound method
Added instruction: [5] t4 = Call static (syscall.Errno).Is(t3,parameter: target error), RESULT bool
Added no value instruction: [6] return ()
FINISHED adding instructions to (*syscall.Errno).Is
    entry: (predecessors:  successors:  not reachable
        [0] t0 = Alloc local info(name: e, type: *syscall.Errno, on stack), RESULT **syscall.Errno
        [1] *t0 = receiver: e *syscall.Errno
        [2] t1 = *t0, RESULT *syscall.Errno
        [3] t2 = Call builtin (t1,'syscall.Errno' :-go-string-,'Is' :-go-string-), RESULT *syscall.Errno
        [4] t3 = *t2, RESULT syscall.Errno
        [5] t4 = Call static (syscall.Errno).Is(t3,parameter: target error), RESULT bool
        [6] return (t4)


ADDING instructions to (*syscall.Errno).Temporary
Added instruction: [0] t0 = Alloc local info(name: e, type: *syscall.Errno, on stack), RESULT **syscall.Errno
Added no value instruction: [1] *t0 = receiver: e *syscall.Errno
Added instruction: [2] t1 = *t0, RESULT *syscall.Errno
Added instruction: [3] t2 = Call builtin (t1,'syscall.Errno' :-go-string-,'Temporary' :-go-string-), RESULT *syscall.Errno
Added instruction: [4] t3 = *t2, RESULT syscall.Errno
Creating type go-func-(948)
Creating function (syscall.Errno).Temporary with type go-func-948(948)
Replacing existing synthetic bound method with concrete bound method
Added instruction: [5] t4 = Call static (syscall.Errno).Temporary(t3), RESULT bool
Added no value instruction: [6] return ()
FINISHED adding instructions to (*syscall.Errno).Temporary
    entry: (predecessors:  successors:  not reachable
        [0] t0 = Alloc local info(name: e, type: *syscall.Errno, on stack), RESULT **syscall.Errno
        [1] *t0 = receiver: e *syscall.Errno
        [2] t1 = *t0, RESULT *syscall.Errno
        [3] t2 = Call builtin (t1,'syscall.Errno' :-go-string-,'Temporary' :-go-string-), RESULT *syscall.Errno
        [4] t3 = *t2, RESULT syscall.Errno
        [5] t4 = Call static (syscall.Errno).Temporary(t3), RESULT bool
        [6] return (t4)


ADDING instructions to (*syscall.Errno).Timeout
Added instruction: [0] t0 = Alloc local info(name: e, type: *syscall.Errno, on stack), RESULT **syscall.Errno
Added no value instruction: [1] *t0 = receiver: e *syscall.Errno
Added instruction: [2] t1 = *t0, RESULT *syscall.Errno
Added instruction: [3] t2 = Call builtin (t1,'syscall.Errno' :-go-string-,'Timeout' :-go-string-), RESULT *syscall.Errno
Added instruction: [4] t3 = *t2, RESULT syscall.Errno
Creating type go-func-(949)
Creating function (syscall.Errno).Timeout with type go-func-949(949)
Replacing existing synthetic bound method with concrete bound method
Added instruction: [5] t4 = Call static (syscall.Errno).Timeout(t3), RESULT bool
Added no value instruction: [6] return ()
FINISHED adding instructions to (*syscall.Errno).Timeout
    entry: (predecessors:  successors:  not reachable
        [0] t0 = Alloc local info(name: e, type: *syscall.Errno, on stack), RESULT **syscall.Errno
        [1] *t0 = receiver: e *syscall.Errno
        [2] t1 = *t0, RESULT *syscall.Errno
        [3] t2 = Call builtin (t1,'syscall.Errno' :-go-string-,'Timeout' :-go-string-), RESULT *syscall.Errno
        [4] t3 = *t2, RESULT syscall.Errno
        [5] t4 = Call static (syscall.Errno).Timeout(t3), RESULT bool
        [6] return (t4)


ADDING instructions to (*syscall.Signal).Signal
Creating type **syscall.Signal(950)
Base of just created pointer type is *syscall.Signal(603)
Added instruction: [0] t0 = Alloc local info(name: s, type: *syscall.Signal, on stack), RESULT **syscall.Signal
Added no value instruction: [1] *t0 = receiver: s *syscall.Signal
Added instruction: [2] t1 = *t0, RESULT *syscall.Signal
Added instruction: [3] t2 = Call builtin (t1,'syscall.Signal' :-go-string-,'Signal' :-go-string-), RESULT *syscall.Signal
Added instruction: [4] t3 = *t2, RESULT syscall.Signal
Creating type go-func-(951)
Creating function (syscall.Signal).Signal with type go-func-951(951)
Replacing existing synthetic bound method with concrete bound method
Added instruction: [5] t4 = Call static (syscall.Signal).Signal(t3), RESULT void
Added no value instruction: [6] return ()
FINISHED adding instructions to (*syscall.Signal).Signal
    entry: (predecessors:  successors:  not reachable
        [0] t0 = Alloc local info(name: s, type: *syscall.Signal, on stack), RESULT **syscall.Signal
        [1] *t0 = receiver: s *syscall.Signal
        [2] t1 = *t0, RESULT *syscall.Signal
        [3] t2 = Call builtin (t1,'syscall.Signal' :-go-string-,'Signal' :-go-string-), RESULT *syscall.Signal
        [4] t3 = *t2, RESULT syscall.Signal
        [5] t4 = Call static (syscall.Signal).Signal(t3), RESULT void
        [6] return ()


ADDING instructions to (*syscall.Signal).String
Added instruction: [0] t0 = Alloc local info(name: s, type: *syscall.Signal, on stack), RESULT **syscall.Signal
Added no value instruction: [1] *t0 = receiver: s *syscall.Signal
Added instruction: [2] t1 = *t0, RESULT *syscall.Signal
Added instruction: [3] t2 = Call builtin (t1,'syscall.Signal' :-go-string-,'String' :-go-string-), RESULT *syscall.Signal
Added instruction: [4] t3 = *t2, RESULT syscall.Signal
Creating type go-func-(952)
Creating function (syscall.Signal).String with type go-func-952(952)
Replacing existing synthetic bound method with concrete bound method
Added instruction: [5] t4 = Call static (syscall.Signal).String(t3), RESULT -go-string-
Added no value instruction: [6] return ()
FINISHED adding instructions to (*syscall.Signal).String
    entry: (predecessors:  successors:  not reachable
        [0] t0 = Alloc local info(name: s, type: *syscall.Signal, on stack), RESULT **syscall.Signal
        [1] *t0 = receiver: s *syscall.Signal
        [2] t1 = *t0, RESULT *syscall.Signal
        [3] t2 = Call builtin (t1,'syscall.Signal' :-go-string-,'String' :-go-string-), RESULT *syscall.Signal
        [4] t3 = *t2, RESULT syscall.Signal
        [5] t4 = Call static (syscall.Signal).String(t3), RESULT -go-string-
        [6] return (t4)


ADDING instructions to (*syscall.WaitStatus).Continued
Creating type **syscall.WaitStatus(953)
Base of just created pointer type is *syscall.WaitStatus(607)
Added instruction: [0] t0 = Alloc local info(name: w, type: *syscall.WaitStatus, on stack), RESULT **syscall.WaitStatus
Added no value instruction: [1] *t0 = receiver: w *syscall.WaitStatus
Added instruction: [2] t1 = *t0, RESULT *syscall.WaitStatus
Added instruction: [3] t2 = Call builtin (t1,'syscall.WaitStatus' :-go-string-,'Continued' :-go-string-), RESULT *syscall.WaitStatus
Added instruction: [4] t3 = *t2, RESULT syscall.WaitStatus
Creating type go-func-(954)
Creating function (syscall.WaitStatus).Continued with type go-func-954(954)
Replacing existing synthetic bound method with concrete bound method
Added instruction: [5] t4 = Call static (syscall.WaitStatus).Continued(t3), RESULT bool
Added no value instruction: [6] return ()
FINISHED adding instructions to (*syscall.WaitStatus).Continued
    entry: (predecessors:  successors:  not reachable
        [0] t0 = Alloc local info(name: w, type: *syscall.WaitStatus, on stack), RESULT **syscall.WaitStatus
        [1] *t0 = receiver: w *syscall.WaitStatus
        [2] t1 = *t0, RESULT *syscall.WaitStatus
        [3] t2 = Call builtin (t1,'syscall.WaitStatus' :-go-string-,'Continued' :-go-string-), RESULT *syscall.WaitStatus
        [4] t3 = *t2, RESULT syscall.WaitStatus
        [5] t4 = Call static (syscall.WaitStatus).Continued(t3), RESULT bool
        [6] return (t4)


ADDING instructions to (*syscall.WaitStatus).CoreDump
Added instruction: [0] t0 = Alloc local info(name: w, type: *syscall.WaitStatus, on stack), RESULT **syscall.WaitStatus
Added no value instruction: [1] *t0 = receiver: w *syscall.WaitStatus
Added instruction: [2] t1 = *t0, RESULT *syscall.WaitStatus
Added instruction: [3] t2 = Call builtin (t1,'syscall.WaitStatus' :-go-string-,'CoreDump' :-go-string-), RESULT *syscall.WaitStatus
Added instruction: [4] t3 = *t2, RESULT syscall.WaitStatus
Creating type go-func-(955)
Creating function (syscall.WaitStatus).CoreDump with type go-func-955(955)
Replacing existing synthetic bound method with concrete bound method
Added instruction: [5] t4 = Call static (syscall.WaitStatus).CoreDump(t3), RESULT bool
Added no value instruction: [6] return ()
FINISHED adding instructions to (*syscall.WaitStatus).CoreDump
    entry: (predecessors:  successors:  not reachable
        [0] t0 = Alloc local info(name: w, type: *syscall.WaitStatus, on stack), RESULT **syscall.WaitStatus
        [1] *t0 = receiver: w *syscall.WaitStatus
        [2] t1 = *t0, RESULT *syscall.WaitStatus
        [3] t2 = Call builtin (t1,'syscall.WaitStatus' :-go-string-,'CoreDump' :-go-string-), RESULT *syscall.WaitStatus
        [4] t3 = *t2, RESULT syscall.WaitStatus
        [5] t4 = Call static (syscall.WaitStatus).CoreDump(t3), RESULT bool
        [6] return (t4)


ADDING instructions to (*syscall.WaitStatus).ExitStatus
Added instruction: [0] t0 = Alloc local info(name: w, type: *syscall.WaitStatus, on stack), RESULT **syscall.WaitStatus
Added no value instruction: [1] *t0 = receiver: w *syscall.WaitStatus
Added instruction: [2] t1 = *t0, RESULT *syscall.WaitStatus
Added instruction: [3] t2 = Call builtin (t1,'syscall.WaitStatus' :-go-string-,'ExitStatus' :-go-string-), RESULT *syscall.WaitStatus
Added instruction: [4] t3 = *t2, RESULT syscall.WaitStatus
Creating type go-func-(956)
Creating function (syscall.WaitStatus).ExitStatus with type go-func-956(956)
Replacing existing synthetic bound method with concrete bound method
Added instruction: [5] t4 = Call static (syscall.WaitStatus).ExitStatus(t3), RESULT int
Added no value instruction: [6] return ()
FINISHED adding instructions to (*syscall.WaitStatus).ExitStatus
    entry: (predecessors:  successors:  not reachable
        [0] t0 = Alloc local info(name: w, type: *syscall.WaitStatus, on stack), RESULT **syscall.WaitStatus
        [1] *t0 = receiver: w *syscall.WaitStatus
        [2] t1 = *t0, RESULT *syscall.WaitStatus
        [3] t2 = Call builtin (t1,'syscall.WaitStatus' :-go-string-,'ExitStatus' :-go-string-), RESULT *syscall.WaitStatus
        [4] t3 = *t2, RESULT syscall.WaitStatus
        [5] t4 = Call static (syscall.WaitStatus).ExitStatus(t3), RESULT int
        [6] return (t4)


ADDING instructions to (*syscall.WaitStatus).Exited
Added instruction: [0] t0 = Alloc local info(name: w, type: *syscall.WaitStatus, on stack), RESULT **syscall.WaitStatus
Added no value instruction: [1] *t0 = receiver: w *syscall.WaitStatus
Added instruction: [2] t1 = *t0, RESULT *syscall.WaitStatus
Added instruction: [3] t2 = Call builtin (t1,'syscall.WaitStatus' :-go-string-,'Exited' :-go-string-), RESULT *syscall.WaitStatus
Added instruction: [4] t3 = *t2, RESULT syscall.WaitStatus
Creating type go-func-(957)
Creating function (syscall.WaitStatus).Exited with type go-func-957(957)
Replacing existing synthetic bound method with concrete bound method
Added instruction: [5] t4 = Call static (syscall.WaitStatus).Exited(t3), RESULT bool
Added no value instruction: [6] return ()
FINISHED adding instructions to (*syscall.WaitStatus).Exited
    entry: (predecessors:  successors:  not reachable
        [0] t0 = Alloc local info(name: w, type: *syscall.WaitStatus, on stack), RESULT **syscall.WaitStatus
        [1] *t0 = receiver: w *syscall.WaitStatus
        [2] t1 = *t0, RESULT *syscall.WaitStatus
        [3] t2 = Call builtin (t1,'syscall.WaitStatus' :-go-string-,'Exited' :-go-string-), RESULT *syscall.WaitStatus
        [4] t3 = *t2, RESULT syscall.WaitStatus
        [5] t4 = Call static (syscall.WaitStatus).Exited(t3), RESULT bool
        [6] return (t4)


ADDING instructions to (*syscall.WaitStatus).Signal
Added instruction: [0] t0 = Alloc local info(name: w, type: *syscall.WaitStatus, on stack), RESULT **syscall.WaitStatus
Added no value instruction: [1] *t0 = receiver: w *syscall.WaitStatus
Added instruction: [2] t1 = *t0, RESULT *syscall.WaitStatus
Added instruction: [3] t2 = Call builtin (t1,'syscall.WaitStatus' :-go-string-,'Signal' :-go-string-), RESULT *syscall.WaitStatus
Added instruction: [4] t3 = *t2, RESULT syscall.WaitStatus
Creating type go-func-(958)
Creating function (syscall.WaitStatus).Signal with type go-func-958(958)
Replacing existing synthetic bound method with concrete bound method
Added instruction: [5] t4 = Call static (syscall.WaitStatus).Signal(t3), RESULT syscall.Signal
Added no value instruction: [6] return ()
FINISHED adding instructions to (*syscall.WaitStatus).Signal
    entry: (predecessors:  successors:  not reachable
        [0] t0 = Alloc local info(name: w, type: *syscall.WaitStatus, on stack), RESULT **syscall.WaitStatus
        [1] *t0 = receiver: w *syscall.WaitStatus
        [2] t1 = *t0, RESULT *syscall.WaitStatus
        [3] t2 = Call builtin (t1,'syscall.WaitStatus' :-go-string-,'Signal' :-go-string-), RESULT *syscall.WaitStatus
        [4] t3 = *t2, RESULT syscall.WaitStatus
        [5] t4 = Call static (syscall.WaitStatus).Signal(t3), RESULT syscall.Signal
        [6] return (t4)


ADDING instructions to (*syscall.WaitStatus).Signaled
Added instruction: [0] t0 = Alloc local info(name: w, type: *syscall.WaitStatus, on stack), RESULT **syscall.WaitStatus
Added no value instruction: [1] *t0 = receiver: w *syscall.WaitStatus
Added instruction: [2] t1 = *t0, RESULT *syscall.WaitStatus
Added instruction: [3] t2 = Call builtin (t1,'syscall.WaitStatus' :-go-string-,'Signaled' :-go-string-), RESULT *syscall.WaitStatus
Added instruction: [4] t3 = *t2, RESULT syscall.WaitStatus
Creating type go-func-(959)
Creating function (syscall.WaitStatus).Signaled with type go-func-959(959)
Replacing existing synthetic bound method with concrete bound method
Added instruction: [5] t4 = Call static (syscall.WaitStatus).Signaled(t3), RESULT bool
Added no value instruction: [6] return ()
FINISHED adding instructions to (*syscall.WaitStatus).Signaled
    entry: (predecessors:  successors:  not reachable
        [0] t0 = Alloc local info(name: w, type: *syscall.WaitStatus, on stack), RESULT **syscall.WaitStatus
        [1] *t0 = receiver: w *syscall.WaitStatus
        [2] t1 = *t0, RESULT *syscall.WaitStatus
        [3] t2 = Call builtin (t1,'syscall.WaitStatus' :-go-string-,'Signaled' :-go-string-), RESULT *syscall.WaitStatus
        [4] t3 = *t2, RESULT syscall.WaitStatus
        [5] t4 = Call static (syscall.WaitStatus).Signaled(t3), RESULT bool
        [6] return (t4)


ADDING instructions to (*syscall.WaitStatus).StopSignal
Added instruction: [0] t0 = Alloc local info(name: w, type: *syscall.WaitStatus, on stack), RESULT **syscall.WaitStatus
Added no value instruction: [1] *t0 = receiver: w *syscall.WaitStatus
Added instruction: [2] t1 = *t0, RESULT *syscall.WaitStatus
Added instruction: [3] t2 = Call builtin (t1,'syscall.WaitStatus' :-go-string-,'StopSignal' :-go-string-), RESULT *syscall.WaitStatus
Added instruction: [4] t3 = *t2, RESULT syscall.WaitStatus
Creating type go-func-(960)
Creating function (syscall.WaitStatus).StopSignal with type go-func-960(960)
Replacing existing synthetic bound method with concrete bound method
Added instruction: [5] t4 = Call static (syscall.WaitStatus).StopSignal(t3), RESULT syscall.Signal
Added no value instruction: [6] return ()
FINISHED adding instructions to (*syscall.WaitStatus).StopSignal
    entry: (predecessors:  successors:  not reachable
        [0] t0 = Alloc local info(name: w, type: *syscall.WaitStatus, on stack), RESULT **syscall.WaitStatus
        [1] *t0 = receiver: w *syscall.WaitStatus
        [2] t1 = *t0, RESULT *syscall.WaitStatus
        [3] t2 = Call builtin (t1,'syscall.WaitStatus' :-go-string-,'StopSignal' :-go-string-), RESULT *syscall.WaitStatus
        [4] t3 = *t2, RESULT syscall.WaitStatus
        [5] t4 = Call static (syscall.WaitStatus).StopSignal(t3), RESULT syscall.Signal
        [6] return (t4)


ADDING instructions to (*syscall.WaitStatus).Stopped
Added instruction: [0] t0 = Alloc local info(name: w, type: *syscall.WaitStatus, on stack), RESULT **syscall.WaitStatus
Added no value instruction: [1] *t0 = receiver: w *syscall.WaitStatus
Added instruction: [2] t1 = *t0, RESULT *syscall.WaitStatus
Added instruction: [3] t2 = Call builtin (t1,'syscall.WaitStatus' :-go-string-,'Stopped' :-go-string-), RESULT *syscall.WaitStatus
Added instruction: [4] t3 = *t2, RESULT syscall.WaitStatus
Creating type go-func-(961)
Creating function (syscall.WaitStatus).Stopped with type go-func-961(961)
Replacing existing synthetic bound method with concrete bound method
Added instruction: [5] t4 = Call static (syscall.WaitStatus).Stopped(t3), RESULT bool
Added no value instruction: [6] return ()
FINISHED adding instructions to (*syscall.WaitStatus).Stopped
    entry: (predecessors:  successors:  not reachable
        [0] t0 = Alloc local info(name: w, type: *syscall.WaitStatus, on stack), RESULT **syscall.WaitStatus
        [1] *t0 = receiver: w *syscall.WaitStatus
        [2] t1 = *t0, RESULT *syscall.WaitStatus
        [3] t2 = Call builtin (t1,'syscall.WaitStatus' :-go-string-,'Stopped' :-go-string-), RESULT *syscall.WaitStatus
        [4] t3 = *t2, RESULT syscall.WaitStatus
        [5] t4 = Call static (syscall.WaitStatus).Stopped(t3), RESULT bool
        [6] return (t4)


ADDING instructions to (*syscall.WaitStatus).TrapCause
Added instruction: [0] t0 = Alloc local info(name: w, type: *syscall.WaitStatus, on stack), RESULT **syscall.WaitStatus
Added no value instruction: [1] *t0 = receiver: w *syscall.WaitStatus
Added instruction: [2] t1 = *t0, RESULT *syscall.WaitStatus
Added instruction: [3] t2 = Call builtin (t1,'syscall.WaitStatus' :-go-string-,'TrapCause' :-go-string-), RESULT *syscall.WaitStatus
Added instruction: [4] t3 = *t2, RESULT syscall.WaitStatus
Creating type go-func-(962)
Creating function (syscall.WaitStatus).TrapCause with type go-func-962(962)
Replacing existing synthetic bound method with concrete bound method
Added instruction: [5] t4 = Call static (syscall.WaitStatus).TrapCause(t3), RESULT int
Added no value instruction: [6] return ()
FINISHED adding instructions to (*syscall.WaitStatus).TrapCause
    entry: (predecessors:  successors:  not reachable
        [0] t0 = Alloc local info(name: w, type: *syscall.WaitStatus, on stack), RESULT **syscall.WaitStatus
        [1] *t0 = receiver: w *syscall.WaitStatus
        [2] t1 = *t0, RESULT *syscall.WaitStatus
        [3] t2 = Call builtin (t1,'syscall.WaitStatus' :-go-string-,'TrapCause' :-go-string-), RESULT *syscall.WaitStatus
        [4] t3 = *t2, RESULT syscall.WaitStatus
        [5] t4 = Call static (syscall.WaitStatus).TrapCause(t3), RESULT int
        [6] return (t4)


ADDING instructions to (*time.Duration).Abs
Creating type **time.Duration(963)
Base of just created pointer type is *time.Duration(618)
Added instruction: [0] t0 = Alloc local info(name: d, type: *time.Duration, on stack), RESULT **time.Duration
Added no value instruction: [1] *t0 = receiver: d *time.Duration
Added instruction: [2] t1 = *t0, RESULT *time.Duration
Added instruction: [3] t2 = Call builtin (t1,'time.Duration' :-go-string-,'Abs' :-go-string-), RESULT *time.Duration
Added instruction: [4] t3 = *t2, RESULT time.Duration
Creating type go-func-(964)
Creating function (time.Duration).Abs with type go-func-964(964)
Replacing existing synthetic bound method with concrete bound method
Added instruction: [5] t4 = Call static (time.Duration).Abs(t3), RESULT time.Duration
Added no value instruction: [6] return ()
FINISHED adding instructions to (*time.Duration).Abs
    entry: (predecessors:  successors:  not reachable
        [0] t0 = Alloc local info(name: d, type: *time.Duration, on stack), RESULT **time.Duration
        [1] *t0 = receiver: d *time.Duration
        [2] t1 = *t0, RESULT *time.Duration
        [3] t2 = Call builtin (t1,'time.Duration' :-go-string-,'Abs' :-go-string-), RESULT *time.Duration
        [4] t3 = *t2, RESULT time.Duration
        [5] t4 = Call static (time.Duration).Abs(t3), RESULT time.Duration
        [6] return (t4)


ADDING instructions to (*time.Duration).Hours
Added instruction: [0] t0 = Alloc local info(name: d, type: *time.Duration, on stack), RESULT **time.Duration
Added no value instruction: [1] *t0 = receiver: d *time.Duration
Added instruction: [2] t1 = *t0, RESULT *time.Duration
Added instruction: [3] t2 = Call builtin (t1,'time.Duration' :-go-string-,'Hours' :-go-string-), RESULT *time.Duration
Added instruction: [4] t3 = *t2, RESULT time.Duration
Creating type go-func-(965)
Creating function (time.Duration).Hours with type go-func-965(965)
Replacing existing synthetic bound method with concrete bound method
Added instruction: [5] t4 = Call static (time.Duration).Hours(t3), RESULT float64
Added no value instruction: [6] return ()
FINISHED adding instructions to (*time.Duration).Hours
    entry: (predecessors:  successors:  not reachable
        [0] t0 = Alloc local info(name: d, type: *time.Duration, on stack), RESULT **time.Duration
        [1] *t0 = receiver: d *time.Duration
        [2] t1 = *t0, RESULT *time.Duration
        [3] t2 = Call builtin (t1,'time.Duration' :-go-string-,'Hours' :-go-string-), RESULT *time.Duration
        [4] t3 = *t2, RESULT time.Duration
        [5] t4 = Call static (time.Duration).Hours(t3), RESULT float64
        [6] return (t4)


ADDING instructions to (*time.Duration).Microseconds
Added instruction: [0] t0 = Alloc local info(name: d, type: *time.Duration, on stack), RESULT **time.Duration
Added no value instruction: [1] *t0 = receiver: d *time.Duration
Added instruction: [2] t1 = *t0, RESULT *time.Duration
Added instruction: [3] t2 = Call builtin (t1,'time.Duration' :-go-string-,'Microseconds' :-go-string-), RESULT *time.Duration
Added instruction: [4] t3 = *t2, RESULT time.Duration
Creating type go-func-(966)
Creating function (time.Duration).Microseconds with type go-func-966(966)
Replacing existing synthetic bound method with concrete bound method
Added instruction: [5] t4 = Call static (time.Duration).Microseconds(t3), RESULT int64
Added no value instruction: [6] return ()
FINISHED adding instructions to (*time.Duration).Microseconds
    entry: (predecessors:  successors:  not reachable
        [0] t0 = Alloc local info(name: d, type: *time.Duration, on stack), RESULT **time.Duration
        [1] *t0 = receiver: d *time.Duration
        [2] t1 = *t0, RESULT *time.Duration
        [3] t2 = Call builtin (t1,'time.Duration' :-go-string-,'Microseconds' :-go-string-), RESULT *time.Duration
        [4] t3 = *t2, RESULT time.Duration
        [5] t4 = Call static (time.Duration).Microseconds(t3), RESULT int64
        [6] return (t4)


ADDING instructions to (*time.Duration).Milliseconds
Added instruction: [0] t0 = Alloc local info(name: d, type: *time.Duration, on stack), RESULT **time.Duration
Added no value instruction: [1] *t0 = receiver: d *time.Duration
Added instruction: [2] t1 = *t0, RESULT *time.Duration
Added instruction: [3] t2 = Call builtin (t1,'time.Duration' :-go-string-,'Milliseconds' :-go-string-), RESULT *time.Duration
Added instruction: [4] t3 = *t2, RESULT time.Duration
Creating type go-func-(967)
Creating function (time.Duration).Milliseconds with type go-func-967(967)
Replacing existing synthetic bound method with concrete bound method
Added instruction: [5] t4 = Call static (time.Duration).Milliseconds(t3), RESULT int64
Added no value instruction: [6] return ()
FINISHED adding instructions to (*time.Duration).Milliseconds
    entry: (predecessors:  successors:  not reachable
        [0] t0 = Alloc local info(name: d, type: *time.Duration, on stack), RESULT **time.Duration
        [1] *t0 = receiver: d *time.Duration
        [2] t1 = *t0, RESULT *time.Duration
        [3] t2 = Call builtin (t1,'time.Duration' :-go-string-,'Milliseconds' :-go-string-), RESULT *time.Duration
        [4] t3 = *t2, RESULT time.Duration
        [5] t4 = Call static (time.Duration).Milliseconds(t3), RESULT int64
        [6] return (t4)


ADDING instructions to (*time.Duration).Minutes
Added instruction: [0] t0 = Alloc local info(name: d, type: *time.Duration, on stack), RESULT **time.Duration
Added no value instruction: [1] *t0 = receiver: d *time.Duration
Added instruction: [2] t1 = *t0, RESULT *time.Duration
Added instruction: [3] t2 = Call builtin (t1,'time.Duration' :-go-string-,'Minutes' :-go-string-), RESULT *time.Duration
Added instruction: [4] t3 = *t2, RESULT time.Duration
Creating type go-func-(968)
Creating function (time.Duration).Minutes with type go-func-968(968)
Replacing existing synthetic bound method with concrete bound method
Added instruction: [5] t4 = Call static (time.Duration).Minutes(t3), RESULT float64
Added no value instruction: [6] return ()
FINISHED adding instructions to (*time.Duration).Minutes
    entry: (predecessors:  successors:  not reachable
        [0] t0 = Alloc local info(name: d, type: *time.Duration, on stack), RESULT **time.Duration
        [1] *t0 = receiver: d *time.Duration
        [2] t1 = *t0, RESULT *time.Duration
        [3] t2 = Call builtin (t1,'time.Duration' :-go-string-,'Minutes' :-go-string-), RESULT *time.Duration
        [4] t3 = *t2, RESULT time.Duration
        [5] t4 = Call static (time.Duration).Minutes(t3), RESULT float64
        [6] return (t4)


ADDING instructions to (*time.Duration).Nanoseconds
Added instruction: [0] t0 = Alloc local info(name: d, type: *time.Duration, on stack), RESULT **time.Duration
Added no value instruction: [1] *t0 = receiver: d *time.Duration
Added instruction: [2] t1 = *t0, RESULT *time.Duration
Added instruction: [3] t2 = Call builtin (t1,'time.Duration' :-go-string-,'Nanoseconds' :-go-string-), RESULT *time.Duration
Added instruction: [4] t3 = *t2, RESULT time.Duration
Creating type go-func-(969)
Creating function (time.Duration).Nanoseconds with type go-func-969(969)
Replacing existing synthetic bound method with concrete bound method
Added instruction: [5] t4 = Call static (time.Duration).Nanoseconds(t3), RESULT int64
Added no value instruction: [6] return ()
FINISHED adding instructions to (*time.Duration).Nanoseconds
    entry: (predecessors:  successors:  not reachable
        [0] t0 = Alloc local info(name: d, type: *time.Duration, on stack), RESULT **time.Duration
        [1] *t0 = receiver: d *time.Duration
        [2] t1 = *t0, RESULT *time.Duration
        [3] t2 = Call builtin (t1,'time.Duration' :-go-string-,'Nanoseconds' :-go-string-), RESULT *time.Duration
        [4] t3 = *t2, RESULT time.Duration
        [5] t4 = Call static (time.Duration).Nanoseconds(t3), RESULT int64
        [6] return (t4)


ADDING instructions to (*time.Duration).Round
Added instruction: [0] t0 = Alloc local info(name: d, type: *time.Duration, on stack), RESULT **time.Duration
Added no value instruction: [1] *t0 = receiver: d *time.Duration
Added instruction: [2] t1 = *t0, RESULT *time.Duration
Added instruction: [3] t2 = Call builtin (t1,'time.Duration' :-go-string-,'Round' :-go-string-), RESULT *time.Duration
Added instruction: [4] t3 = *t2, RESULT time.Duration
Creating type go-func-(970)
Creating function (time.Duration).Round with type go-func-970(970)
Replacing existing synthetic bound method with concrete bound method
Added instruction: [5] t4 = Call static (time.Duration).Round(t3,parameter: m time.Duration), RESULT time.Duration
Added no value instruction: [6] return ()
FINISHED adding instructions to (*time.Duration).Round
    entry: (predecessors:  successors:  not reachable
        [0] t0 = Alloc local info(name: d, type: *time.Duration, on stack), RESULT **time.Duration
        [1] *t0 = receiver: d *time.Duration
        [2] t1 = *t0, RESULT *time.Duration
        [3] t2 = Call builtin (t1,'time.Duration' :-go-string-,'Round' :-go-string-), RESULT *time.Duration
        [4] t3 = *t2, RESULT time.Duration
        [5] t4 = Call static (time.Duration).Round(t3,parameter: m time.Duration), RESULT time.Duration
        [6] return (t4)


ADDING instructions to (*time.Duration).Seconds
Added instruction: [0] t0 = Alloc local info(name: d, type: *time.Duration, on stack), RESULT **time.Duration
Added no value instruction: [1] *t0 = receiver: d *time.Duration
Added instruction: [2] t1 = *t0, RESULT *time.Duration
Added instruction: [3] t2 = Call builtin (t1,'time.Duration' :-go-string-,'Seconds' :-go-string-), RESULT *time.Duration
Added instruction: [4] t3 = *t2, RESULT time.Duration
Creating type go-func-(971)
Creating function (time.Duration).Seconds with type go-func-971(971)
Replacing existing synthetic bound method with concrete bound method
Added instruction: [5] t4 = Call static (time.Duration).Seconds(t3), RESULT float64
Added no value instruction: [6] return ()
FINISHED adding instructions to (*time.Duration).Seconds
    entry: (predecessors:  successors:  not reachable
        [0] t0 = Alloc local info(name: d, type: *time.Duration, on stack), RESULT **time.Duration
        [1] *t0 = receiver: d *time.Duration
        [2] t1 = *t0, RESULT *time.Duration
        [3] t2 = Call builtin (t1,'time.Duration' :-go-string-,'Seconds' :-go-string-), RESULT *time.Duration
        [4] t3 = *t2, RESULT time.Duration
        [5] t4 = Call static (time.Duration).Seconds(t3), RESULT float64
        [6] return (t4)


ADDING instructions to (*time.Duration).String
Added instruction: [0] t0 = Alloc local info(name: d, type: *time.Duration, on stack), RESULT **time.Duration
Added no value instruction: [1] *t0 = receiver: d *time.Duration
Added instruction: [2] t1 = *t0, RESULT *time.Duration
Added instruction: [3] t2 = Call builtin (t1,'time.Duration' :-go-string-,'String' :-go-string-), RESULT *time.Duration
Added instruction: [4] t3 = *t2, RESULT time.Duration
Creating type go-func-(972)
Creating function (time.Duration).String with type go-func-972(972)
Replacing existing synthetic bound method with concrete bound method
Added instruction: [5] t4 = Call static (time.Duration).String(t3), RESULT -go-string-
Added no value instruction: [6] return ()
FINISHED adding instructions to (*time.Duration).String
    entry: (predecessors:  successors:  not reachable
        [0] t0 = Alloc local info(name: d, type: *time.Duration, on stack), RESULT **time.Duration
        [1] *t0 = receiver: d *time.Duration
        [2] t1 = *t0, RESULT *time.Duration
        [3] t2 = Call builtin (t1,'time.Duration' :-go-string-,'String' :-go-string-), RESULT *time.Duration
        [4] t3 = *t2, RESULT time.Duration
        [5] t4 = Call static (time.Duration).String(t3), RESULT -go-string-
        [6] return (t4)


ADDING instructions to (*time.Duration).Truncate
Added instruction: [0] t0 = Alloc local info(name: d, type: *time.Duration, on stack), RESULT **time.Duration
Added no value instruction: [1] *t0 = receiver: d *time.Duration
Added instruction: [2] t1 = *t0, RESULT *time.Duration
Added instruction: [3] t2 = Call builtin (t1,'time.Duration' :-go-string-,'Truncate' :-go-string-), RESULT *time.Duration
Added instruction: [4] t3 = *t2, RESULT time.Duration
Creating type go-func-(973)
Creating function (time.Duration).Truncate with type go-func-973(973)
Replacing existing synthetic bound method with concrete bound method
Added instruction: [5] t4 = Call static (time.Duration).Truncate(t3,parameter: m time.Duration), RESULT time.Duration
Added no value instruction: [6] return ()
FINISHED adding instructions to (*time.Duration).Truncate
    entry: (predecessors:  successors:  not reachable
        [0] t0 = Alloc local info(name: d, type: *time.Duration, on stack), RESULT **time.Duration
        [1] *t0 = receiver: d *time.Duration
        [2] t1 = *t0, RESULT *time.Duration
        [3] t2 = Call builtin (t1,'time.Duration' :-go-string-,'Truncate' :-go-string-), RESULT *time.Duration
        [4] t3 = *t2, RESULT time.Duration
        [5] t4 = Call static (time.Duration).Truncate(t3,parameter: m time.Duration), RESULT time.Duration
        [6] return (t4)


ADDING instructions to (*time.Duration).format
Added instruction: [0] t0 = Alloc local info(name: d, type: *time.Duration, on stack), RESULT **time.Duration
Added no value instruction: [1] *t0 = receiver: d *time.Duration
Added instruction: [2] t1 = *t0, RESULT *time.Duration
Added instruction: [3] t2 = Call builtin (t1,'time.Duration' :-go-string-,'format' :-go-string-), RESULT *time.Duration
Added instruction: [4] t3 = *t2, RESULT time.Duration
Creating type go-func-(974)
Creating function (time.Duration).format with type go-func-974(974)
Replacing existing synthetic bound method with concrete bound method
Added instruction: [5] t4 = Call static (time.Duration).format(t3,parameter: buf *byte[32]), RESULT int
Added no value instruction: [6] return ()
FINISHED adding instructions to (*time.Duration).format
    entry: (predecessors:  successors:  not reachable
        [0] t0 = Alloc local info(name: d, type: *time.Duration, on stack), RESULT **time.Duration
        [1] *t0 = receiver: d *time.Duration
        [2] t1 = *t0, RESULT *time.Duration
        [3] t2 = Call builtin (t1,'time.Duration' :-go-string-,'format' :-go-string-), RESULT *time.Duration
        [4] t3 = *t2, RESULT time.Duration
        [5] t4 = Call static (time.Duration).format(t3,parameter: buf *byte[32]), RESULT int
        [6] return (t4)


ADDING instructions to (*time.Month).String
Creating type **time.Month(975)
Base of just created pointer type is *time.Month(633)
Added instruction: [0] t0 = Alloc local info(name: m, type: *time.Month, on stack), RESULT **time.Month
Added no value instruction: [1] *t0 = receiver: m *time.Month
Added instruction: [2] t1 = *t0, RESULT *time.Month
Added instruction: [3] t2 = Call builtin (t1,'time.Month' :-go-string-,'String' :-go-string-), RESULT *time.Month
Added instruction: [4] t3 = *t2, RESULT time.Month
Creating type go-func-(976)
Creating function (time.Month).String with type go-func-976(976)
Replacing existing synthetic bound method with concrete bound method
Added instruction: [5] t4 = Call static (time.Month).String(t3), RESULT -go-string-
Added no value instruction: [6] return ()
FINISHED adding instructions to (*time.Month).String
    entry: (predecessors:  successors:  not reachable
        [0] t0 = Alloc local info(name: m, type: *time.Month, on stack), RESULT **time.Month
        [1] *t0 = receiver: m *time.Month
        [2] t1 = *t0, RESULT *time.Month
        [3] t2 = Call builtin (t1,'time.Month' :-go-string-,'String' :-go-string-), RESULT *time.Month
        [4] t3 = *t2, RESULT time.Month
        [5] t4 = Call static (time.Month).String(t3), RESULT -go-string-
        [6] return (t4)


ADDING instructions to (*time.Time).Add
Creating type **time.Time(977)
Base of just created pointer type is *time.Time(647)
Added instruction: [0] t0 = Alloc local info(name: t, type: *time.Time, on stack), RESULT **time.Time
Added no value instruction: [1] *t0 = receiver: t *time.Time
Added instruction: [2] t1 = *t0, RESULT *time.Time
Added instruction: [3] t2 = Call builtin (t1,'time.Time' :-go-string-,'Add' :-go-string-), RESULT *time.Time
Added instruction: [4] t3 = *t2, RESULT time.Time{
    wall uint64
    ext int64
    loc *time.Location
}

Creating type go-func-(978)
Creating function (time.Time).Add with type go-func-978(978)
Replacing existing synthetic bound method with concrete bound method
Added instruction: [5] t4 = Call static (time.Time).Add(t3,parameter: d time.Duration), RESULT time.Time{
    wall uint64
    ext int64
    loc *time.Location
}

Added no value instruction: [6] return ()
FINISHED adding instructions to (*time.Time).Add
    entry: (predecessors:  successors:  not reachable
        [0] t0 = Alloc local info(name: t, type: *time.Time, on stack), RESULT **time.Time
        [1] *t0 = receiver: t *time.Time
        [2] t1 = *t0, RESULT *time.Time
        [3] t2 = Call builtin (t1,'time.Time' :-go-string-,'Add' :-go-string-), RESULT *time.Time
        [4] t3 = *t2, RESULT time.Time{
    wall uint64
    ext int64
    loc *time.Location
}

        [5] t4 = Call static (time.Time).Add(t3,parameter: d time.Duration), RESULT time.Time{
    wall uint64
    ext int64
    loc *time.Location
}

        [6] return (t4)


ADDING instructions to (*time.Time).AddDate
Added instruction: [0] t0 = Alloc local info(name: t, type: *time.Time, on stack), RESULT **time.Time
Added no value instruction: [1] *t0 = receiver: t *time.Time
Added instruction: [2] t1 = *t0, RESULT *time.Time
Added instruction: [3] t2 = Call builtin (t1,'time.Time' :-go-string-,'AddDate' :-go-string-), RESULT *time.Time
Added instruction: [4] t3 = *t2, RESULT time.Time{
    wall uint64
    ext int64
    loc *time.Location
}

Creating type go-func-(979)
Creating function (time.Time).AddDate with type go-func-979(979)
Replacing existing synthetic bound method with concrete bound method
Added instruction: [5] t4 = Call static (time.Time).AddDate(t3,parameter: years int,parameter: months int,parameter: days int), RESULT time.Time{
    wall uint64
    ext int64
    loc *time.Location
}

Added no value instruction: [6] return ()
FINISHED adding instructions to (*time.Time).AddDate
    entry: (predecessors:  successors:  not reachable
        [0] t0 = Alloc local info(name: t, type: *time.Time, on stack), RESULT **time.Time
        [1] *t0 = receiver: t *time.Time
        [2] t1 = *t0, RESULT *time.Time
        [3] t2 = Call builtin (t1,'time.Time' :-go-string-,'AddDate' :-go-string-), RESULT *time.Time
        [4] t3 = *t2, RESULT time.Time{
    wall uint64
    ext int64
    loc *time.Location
}

        [5] t4 = Call static (time.Time).AddDate(t3,parameter: years int,parameter: months int,parameter: days int), RESULT time.Time{
    wall uint64
    ext int64
    loc *time.Location
}

        [6] return (t4)


ADDING instructions to (*time.Time).After
Added instruction: [0] t0 = Alloc local info(name: t, type: *time.Time, on stack), RESULT **time.Time
Added no value instruction: [1] *t0 = receiver: t *time.Time
Added instruction: [2] t1 = *t0, RESULT *time.Time
Added instruction: [3] t2 = Call builtin (t1,'time.Time' :-go-string-,'After' :-go-string-), RESULT *time.Time
Added instruction: [4] t3 = *t2, RESULT time.Time{
    wall uint64
    ext int64
    loc *time.Location
}

Creating type go-func-(980)
Creating function (time.Time).After with type go-func-980(980)
Replacing existing synthetic bound method with concrete bound method
Added instruction: [5] t4 = Call static (time.Time).After(t3,parameter: u time.Time), RESULT bool
Added no value instruction: [6] return ()
FINISHED adding instructions to (*time.Time).After
    entry: (predecessors:  successors:  not reachable
        [0] t0 = Alloc local info(name: t, type: *time.Time, on stack), RESULT **time.Time
        [1] *t0 = receiver: t *time.Time
        [2] t1 = *t0, RESULT *time.Time
        [3] t2 = Call builtin (t1,'time.Time' :-go-string-,'After' :-go-string-), RESULT *time.Time
        [4] t3 = *t2, RESULT time.Time{
    wall uint64
    ext int64
    loc *time.Location
}

        [5] t4 = Call static (time.Time).After(t3,parameter: u time.Time), RESULT bool
        [6] return (t4)


ADDING instructions to (*time.Time).AppendBinary
Added instruction: [0] t0 = Alloc local info(name: t, type: *time.Time, on stack), RESULT **time.Time
Added no value instruction: [1] *t0 = receiver: t *time.Time
Added instruction: [2] t1 = *t0, RESULT *time.Time
Added instruction: [3] t2 = Call builtin (t1,'time.Time' :-go-string-,'AppendBinary' :-go-string-), RESULT *time.Time
Added instruction: [4] t3 = *t2, RESULT time.Time{
    wall uint64
    ext int64
    loc *time.Location
}

Creating type go-func-(981)
Creating function (time.Time).AppendBinary with type go-func-981(981)
Replacing existing synthetic bound method with concrete bound method
Creating type ([]byte, error)-Ret-Type(982)
Creating type *([]byte, error)-Ret-Type(983)
Base of just created pointer type is ([]byte, error)-Ret-Type(982)
Added instruction: [5] t4 = Call static (time.Time).AppendBinary(t3,parameter: b []byte), RESULT *([]byte, error)-Ret-Type
Added instruction: [6] t5 = extract  field 0 from t4, RESULT []byte
Added instruction: [7] t6 = extract  field 1 from t4, RESULT error
Added no value instruction: [8] return ()
FINISHED adding instructions to (*time.Time).AppendBinary
    entry: (predecessors:  successors:  not reachable
        [0] t0 = Alloc local info(name: t, type: *time.Time, on stack), RESULT **time.Time
        [1] *t0 = receiver: t *time.Time
        [2] t1 = *t0, RESULT *time.Time
        [3] t2 = Call builtin (t1,'time.Time' :-go-string-,'AppendBinary' :-go-string-), RESULT *time.Time
        [4] t3 = *t2, RESULT time.Time{
    wall uint64
    ext int64
    loc *time.Location
}

        [5] t4 = Call static (time.Time).AppendBinary(t3,parameter: b []byte), RESULT *([]byte, error)-Ret-Type
        [6] t5 = extract  field 0 from t4, RESULT []byte
        [7] t6 = extract  field 1 from t4, RESULT error
        [8] return (t5,t6)


ADDING instructions to (*time.Time).AppendFormat
Added instruction: [0] t0 = Alloc local info(name: t, type: *time.Time, on stack), RESULT **time.Time
Added no value instruction: [1] *t0 = receiver: t *time.Time
Added instruction: [2] t1 = *t0, RESULT *time.Time
Added instruction: [3] t2 = Call builtin (t1,'time.Time' :-go-string-,'AppendFormat' :-go-string-), RESULT *time.Time
Added instruction: [4] t3 = *t2, RESULT time.Time{
    wall uint64
    ext int64
    loc *time.Location
}

Creating type go-func-(984)
Creating function (time.Time).AppendFormat with type go-func-984(984)
Replacing existing synthetic bound method with concrete bound method
Added instruction: [5] t4 = Call static (time.Time).AppendFormat(t3,parameter: b []byte,parameter: layout -go-string-), RESULT []byte
Added no value instruction: [6] return ()
FINISHED adding instructions to (*time.Time).AppendFormat
    entry: (predecessors:  successors:  not reachable
        [0] t0 = Alloc local info(name: t, type: *time.Time, on stack), RESULT **time.Time
        [1] *t0 = receiver: t *time.Time
        [2] t1 = *t0, RESULT *time.Time
        [3] t2 = Call builtin (t1,'time.Time' :-go-string-,'AppendFormat' :-go-string-), RESULT *time.Time
        [4] t3 = *t2, RESULT time.Time{
    wall uint64
    ext int64
    loc *time.Location
}

        [5] t4 = Call static (time.Time).AppendFormat(t3,parameter: b []byte,parameter: layout -go-string-), RESULT []byte
        [6] return (t4)


ADDING instructions to (*time.Time).AppendText
Added instruction: [0] t0 = Alloc local info(name: t, type: *time.Time, on stack), RESULT **time.Time
Added no value instruction: [1] *t0 = receiver: t *time.Time
Added instruction: [2] t1 = *t0, RESULT *time.Time
Added instruction: [3] t2 = Call builtin (t1,'time.Time' :-go-string-,'AppendText' :-go-string-), RESULT *time.Time
Added instruction: [4] t3 = *t2, RESULT time.Time{
    wall uint64
    ext int64
    loc *time.Location
}

Creating type go-func-(985)
Creating function (time.Time).AppendText with type go-func-985(985)
Replacing existing synthetic bound method with concrete bound method
Added instruction: [5] t4 = Call static (time.Time).AppendText(t3,parameter: b []byte), RESULT *([]byte, error)-Ret-Type
Added instruction: [6] t5 = extract  field 0 from t4, RESULT []byte
Added instruction: [7] t6 = extract  field 1 from t4, RESULT error
Added no value instruction: [8] return ()
FINISHED adding instructions to (*time.Time).AppendText
    entry: (predecessors:  successors:  not reachable
        [0] t0 = Alloc local info(name: t, type: *time.Time, on stack), RESULT **time.Time
        [1] *t0 = receiver: t *time.Time
        [2] t1 = *t0, RESULT *time.Time
        [3] t2 = Call builtin (t1,'time.Time' :-go-string-,'AppendText' :-go-string-), RESULT *time.Time
        [4] t3 = *t2, RESULT time.Time{
    wall uint64
    ext int64
    loc *time.Location
}

        [5] t4 = Call static (time.Time).AppendText(t3,parameter: b []byte), RESULT *([]byte, error)-Ret-Type
        [6] t5 = extract  field 0 from t4, RESULT []byte
        [7] t6 = extract  field 1 from t4, RESULT error
        [8] return (t5,t6)


ADDING instructions to (*time.Time).Before
Added instruction: [0] t0 = Alloc local info(name: t, type: *time.Time, on stack), RESULT **time.Time
Added no value instruction: [1] *t0 = receiver: t *time.Time
Added instruction: [2] t1 = *t0, RESULT *time.Time
Added instruction: [3] t2 = Call builtin (t1,'time.Time' :-go-string-,'Before' :-go-string-), RESULT *time.Time
Added instruction: [4] t3 = *t2, RESULT time.Time{
    wall uint64
    ext int64
    loc *time.Location
}

Creating type go-func-(986)
Creating function (time.Time).Before with type go-func-986(986)
Replacing existing synthetic bound method with concrete bound method
Added instruction: [5] t4 = Call static (time.Time).Before(t3,parameter: u time.Time), RESULT bool
Added no value instruction: [6] return ()
FINISHED adding instructions to (*time.Time).Before
    entry: (predecessors:  successors:  not reachable
        [0] t0 = Alloc local info(name: t, type: *time.Time, on stack), RESULT **time.Time
        [1] *t0 = receiver: t *time.Time
        [2] t1 = *t0, RESULT *time.Time
        [3] t2 = Call builtin (t1,'time.Time' :-go-string-,'Before' :-go-string-), RESULT *time.Time
        [4] t3 = *t2, RESULT time.Time{
    wall uint64
    ext int64
    loc *time.Location
}

        [5] t4 = Call static (time.Time).Before(t3,parameter: u time.Time), RESULT bool
        [6] return (t4)


ADDING instructions to (*time.Time).Clock
Added instruction: [0] t0 = Alloc local info(name: t, type: *time.Time, on stack), RESULT **time.Time
Added no value instruction: [1] *t0 = receiver: t *time.Time
Added instruction: [2] t1 = *t0, RESULT *time.Time
Added instruction: [3] t2 = Call builtin (t1,'time.Time' :-go-string-,'Clock' :-go-string-), RESULT *time.Time
Added instruction: [4] t3 = *t2, RESULT time.Time{
    wall uint64
    ext int64
    loc *time.Location
}

Creating type go-func-(987)
Creating function (time.Time).Clock with type go-func-987(987)
Replacing existing synthetic bound method with concrete bound method
Creating type (int, int, int)-Ret-Type(988)
Creating type *(int, int, int)-Ret-Type(989)
Base of just created pointer type is (int, int, int)-Ret-Type(988)
Added instruction: [5] t4 = Call static (time.Time).Clock(t3), RESULT *(int, int, int)-Ret-Type
Added instruction: [6] t5 = extract  field 0 from t4, RESULT int
Added instruction: [7] t6 = extract  field 1 from t4, RESULT int
Added instruction: [8] t7 = extract  field 2 from t4, RESULT int
Added no value instruction: [9] return ()
FINISHED adding instructions to (*time.Time).Clock
    entry: (predecessors:  successors:  not reachable
        [0] t0 = Alloc local info(name: t, type: *time.Time, on stack), RESULT **time.Time
        [1] *t0 = receiver: t *time.Time
        [2] t1 = *t0, RESULT *time.Time
        [3] t2 = Call builtin (t1,'time.Time' :-go-string-,'Clock' :-go-string-), RESULT *time.Time
        [4] t3 = *t2, RESULT time.Time{
    wall uint64
    ext int64
    loc *time.Location
}

        [5] t4 = Call static (time.Time).Clock(t3), RESULT *(int, int, int)-Ret-Type
        [6] t5 = extract  field 0 from t4, RESULT int
        [7] t6 = extract  field 1 from t4, RESULT int
        [8] t7 = extract  field 2 from t4, RESULT int
        [9] return (t5,t6,t7)


ADDING instructions to (*time.Time).Compare
Added instruction: [0] t0 = Alloc local info(name: t, type: *time.Time, on stack), RESULT **time.Time
Added no value instruction: [1] *t0 = receiver: t *time.Time
Added instruction: [2] t1 = *t0, RESULT *time.Time
Added instruction: [3] t2 = Call builtin (t1,'time.Time' :-go-string-,'Compare' :-go-string-), RESULT *time.Time
Added instruction: [4] t3 = *t2, RESULT time.Time{
    wall uint64
    ext int64
    loc *time.Location
}

Creating type go-func-(990)
Creating function (time.Time).Compare with type go-func-990(990)
Replacing existing synthetic bound method with concrete bound method
Added instruction: [5] t4 = Call static (time.Time).Compare(t3,parameter: u time.Time), RESULT int
Added no value instruction: [6] return ()
FINISHED adding instructions to (*time.Time).Compare
    entry: (predecessors:  successors:  not reachable
        [0] t0 = Alloc local info(name: t, type: *time.Time, on stack), RESULT **time.Time
        [1] *t0 = receiver: t *time.Time
        [2] t1 = *t0, RESULT *time.Time
        [3] t2 = Call builtin (t1,'time.Time' :-go-string-,'Compare' :-go-string-), RESULT *time.Time
        [4] t3 = *t2, RESULT time.Time{
    wall uint64
    ext int64
    loc *time.Location
}

        [5] t4 = Call static (time.Time).Compare(t3,parameter: u time.Time), RESULT int
        [6] return (t4)


ADDING instructions to (*time.Time).Date
Added instruction: [0] t0 = Alloc local info(name: t, type: *time.Time, on stack), RESULT **time.Time
Added no value instruction: [1] *t0 = receiver: t *time.Time
Added instruction: [2] t1 = *t0, RESULT *time.Time
Added instruction: [3] t2 = Call builtin (t1,'time.Time' :-go-string-,'Date' :-go-string-), RESULT *time.Time
Added instruction: [4] t3 = *t2, RESULT time.Time{
    wall uint64
    ext int64
    loc *time.Location
}

Creating type go-func-(991)
Creating function (time.Time).Date with type go-func-991(991)
Replacing existing synthetic bound method with concrete bound method
Creating type (int, time.Month, int)-Ret-Type(992)
Creating type *(int, time.Month, int)-Ret-Type(993)
Base of just created pointer type is (int, time.Month, int)-Ret-Type(992)
Added instruction: [5] t4 = Call static (time.Time).Date(t3), RESULT *(int, time.Month, int)-Ret-Type
Added instruction: [6] t5 = extract  field 0 from t4, RESULT int
Added instruction: [7] t6 = extract  field 1 from t4, RESULT time.Month
Added instruction: [8] t7 = extract  field 2 from t4, RESULT int
Added no value instruction: [9] return ()
FINISHED adding instructions to (*time.Time).Date
    entry: (predecessors:  successors:  not reachable
        [0] t0 = Alloc local info(name: t, type: *time.Time, on stack), RESULT **time.Time
        [1] *t0 = receiver: t *time.Time
        [2] t1 = *t0, RESULT *time.Time
        [3] t2 = Call builtin (t1,'time.Time' :-go-string-,'Date' :-go-string-), RESULT *time.Time
        [4] t3 = *t2, RESULT time.Time{
    wall uint64
    ext int64
    loc *time.Location
}

        [5] t4 = Call static (time.Time).Date(t3), RESULT *(int, time.Month, int)-Ret-Type
        [6] t5 = extract  field 0 from t4, RESULT int
        [7] t6 = extract  field 1 from t4, RESULT time.Month
        [8] t7 = extract  field 2 from t4, RESULT int
        [9] return (t5,t6,t7)


ADDING instructions to (*time.Time).Day
Added instruction: [0] t0 = Alloc local info(name: t, type: *time.Time, on stack), RESULT **time.Time
Added no value instruction: [1] *t0 = receiver: t *time.Time
Added instruction: [2] t1 = *t0, RESULT *time.Time
Added instruction: [3] t2 = Call builtin (t1,'time.Time' :-go-string-,'Day' :-go-string-), RESULT *time.Time
Added instruction: [4] t3 = *t2, RESULT time.Time{
    wall uint64
    ext int64
    loc *time.Location
}

Creating type go-func-(994)
Creating function (time.Time).Day with type go-func-994(994)
Replacing existing synthetic bound method with concrete bound method
Added instruction: [5] t4 = Call static (time.Time).Day(t3), RESULT int
Added no value instruction: [6] return ()
FINISHED adding instructions to (*time.Time).Day
    entry: (predecessors:  successors:  not reachable
        [0] t0 = Alloc local info(name: t, type: *time.Time, on stack), RESULT **time.Time
        [1] *t0 = receiver: t *time.Time
        [2] t1 = *t0, RESULT *time.Time
        [3] t2 = Call builtin (t1,'time.Time' :-go-string-,'Day' :-go-string-), RESULT *time.Time
        [4] t3 = *t2, RESULT time.Time{
    wall uint64
    ext int64
    loc *time.Location
}

        [5] t4 = Call static (time.Time).Day(t3), RESULT int
        [6] return (t4)


ADDING instructions to (*time.Time).Equal
Added instruction: [0] t0 = Alloc local info(name: t, type: *time.Time, on stack), RESULT **time.Time
Added no value instruction: [1] *t0 = receiver: t *time.Time
Added instruction: [2] t1 = *t0, RESULT *time.Time
Added instruction: [3] t2 = Call builtin (t1,'time.Time' :-go-string-,'Equal' :-go-string-), RESULT *time.Time
Added instruction: [4] t3 = *t2, RESULT time.Time{
    wall uint64
    ext int64
    loc *time.Location
}

Creating type go-func-(995)
Creating function (time.Time).Equal with type go-func-995(995)
Replacing existing synthetic bound method with concrete bound method
Added instruction: [5] t4 = Call static (time.Time).Equal(t3,parameter: u time.Time), RESULT bool
Added no value instruction: [6] return ()
FINISHED adding instructions to (*time.Time).Equal
    entry: (predecessors:  successors:  not reachable
        [0] t0 = Alloc local info(name: t, type: *time.Time, on stack), RESULT **time.Time
        [1] *t0 = receiver: t *time.Time
        [2] t1 = *t0, RESULT *time.Time
        [3] t2 = Call builtin (t1,'time.Time' :-go-string-,'Equal' :-go-string-), RESULT *time.Time
        [4] t3 = *t2, RESULT time.Time{
    wall uint64
    ext int64
    loc *time.Location
}

        [5] t4 = Call static (time.Time).Equal(t3,parameter: u time.Time), RESULT bool
        [6] return (t4)


ADDING instructions to (*time.Time).Format
Added instruction: [0] t0 = Alloc local info(name: t, type: *time.Time, on stack), RESULT **time.Time
Added no value instruction: [1] *t0 = receiver: t *time.Time
Added instruction: [2] t1 = *t0, RESULT *time.Time
Added instruction: [3] t2 = Call builtin (t1,'time.Time' :-go-string-,'Format' :-go-string-), RESULT *time.Time
Added instruction: [4] t3 = *t2, RESULT time.Time{
    wall uint64
    ext int64
    loc *time.Location
}

Creating type go-func-(996)
Creating function (time.Time).Format with type go-func-996(996)
Replacing existing synthetic bound method with concrete bound method
Added instruction: [5] t4 = Call static (time.Time).Format(t3,parameter: layout -go-string-), RESULT -go-string-
Added no value instruction: [6] return ()
FINISHED adding instructions to (*time.Time).Format
    entry: (predecessors:  successors:  not reachable
        [0] t0 = Alloc local info(name: t, type: *time.Time, on stack), RESULT **time.Time
        [1] *t0 = receiver: t *time.Time
        [2] t1 = *t0, RESULT *time.Time
        [3] t2 = Call builtin (t1,'time.Time' :-go-string-,'Format' :-go-string-), RESULT *time.Time
        [4] t3 = *t2, RESULT time.Time{
    wall uint64
    ext int64
    loc *time.Location
}

        [5] t4 = Call static (time.Time).Format(t3,parameter: layout -go-string-), RESULT -go-string-
        [6] return (t4)


ADDING instructions to (*time.Time).GoString
Added instruction: [0] t0 = Alloc local info(name: t, type: *time.Time, on stack), RESULT **time.Time
Added no value instruction: [1] *t0 = receiver: t *time.Time
Added instruction: [2] t1 = *t0, RESULT *time.Time
Added instruction: [3] t2 = Call builtin (t1,'time.Time' :-go-string-,'GoString' :-go-string-), RESULT *time.Time
Added instruction: [4] t3 = *t2, RESULT time.Time{
    wall uint64
    ext int64
    loc *time.Location
}

Creating type go-func-(997)
Creating function (time.Time).GoString with type go-func-997(997)
Replacing existing synthetic bound method with concrete bound method
Added instruction: [5] t4 = Call static (time.Time).GoString(t3), RESULT -go-string-
Added no value instruction: [6] return ()
FINISHED adding instructions to (*time.Time).GoString
    entry: (predecessors:  successors:  not reachable
        [0] t0 = Alloc local info(name: t, type: *time.Time, on stack), RESULT **time.Time
        [1] *t0 = receiver: t *time.Time
        [2] t1 = *t0, RESULT *time.Time
        [3] t2 = Call builtin (t1,'time.Time' :-go-string-,'GoString' :-go-string-), RESULT *time.Time
        [4] t3 = *t2, RESULT time.Time{
    wall uint64
    ext int64
    loc *time.Location
}

        [5] t4 = Call static (time.Time).GoString(t3), RESULT -go-string-
        [6] return (t4)


ADDING instructions to (*time.Time).GobEncode
Added instruction: [0] t0 = Alloc local info(name: t, type: *time.Time, on stack), RESULT **time.Time
Added no value instruction: [1] *t0 = receiver: t *time.Time
Added instruction: [2] t1 = *t0, RESULT *time.Time
Added instruction: [3] t2 = Call builtin (t1,'time.Time' :-go-string-,'GobEncode' :-go-string-), RESULT *time.Time
Added instruction: [4] t3 = *t2, RESULT time.Time{
    wall uint64
    ext int64
    loc *time.Location
}

Creating type go-func-(998)
Creating function (time.Time).GobEncode with type go-func-998(998)
Replacing existing synthetic bound method with concrete bound method
Added instruction: [5] t4 = Call static (time.Time).GobEncode(t3), RESULT *([]byte, error)-Ret-Type
Added instruction: [6] t5 = extract  field 0 from t4, RESULT []byte
Added instruction: [7] t6 = extract  field 1 from t4, RESULT error
Added no value instruction: [8] return ()
FINISHED adding instructions to (*time.Time).GobEncode
    entry: (predecessors:  successors:  not reachable
        [0] t0 = Alloc local info(name: t, type: *time.Time, on stack), RESULT **time.Time
        [1] *t0 = receiver: t *time.Time
        [2] t1 = *t0, RESULT *time.Time
        [3] t2 = Call builtin (t1,'time.Time' :-go-string-,'GobEncode' :-go-string-), RESULT *time.Time
        [4] t3 = *t2, RESULT time.Time{
    wall uint64
    ext int64
    loc *time.Location
}

        [5] t4 = Call static (time.Time).GobEncode(t3), RESULT *([]byte, error)-Ret-Type
        [6] t5 = extract  field 0 from t4, RESULT []byte
        [7] t6 = extract  field 1 from t4, RESULT error
        [8] return (t5,t6)


ADDING instructions to (*time.Time).Hour
Added instruction: [0] t0 = Alloc local info(name: t, type: *time.Time, on stack), RESULT **time.Time
Added no value instruction: [1] *t0 = receiver: t *time.Time
Added instruction: [2] t1 = *t0, RESULT *time.Time
Added instruction: [3] t2 = Call builtin (t1,'time.Time' :-go-string-,'Hour' :-go-string-), RESULT *time.Time
Added instruction: [4] t3 = *t2, RESULT time.Time{
    wall uint64
    ext int64
    loc *time.Location
}

Creating type go-func-(999)
Creating function (time.Time).Hour with type go-func-999(999)
Replacing existing synthetic bound method with concrete bound method
Added instruction: [5] t4 = Call static (time.Time).Hour(t3), RESULT int
Added no value instruction: [6] return ()
FINISHED adding instructions to (*time.Time).Hour
    entry: (predecessors:  successors:  not reachable
        [0] t0 = Alloc local info(name: t, type: *time.Time, on stack), RESULT **time.Time
        [1] *t0 = receiver: t *time.Time
        [2] t1 = *t0, RESULT *time.Time
        [3] t2 = Call builtin (t1,'time.Time' :-go-string-,'Hour' :-go-string-), RESULT *time.Time
        [4] t3 = *t2, RESULT time.Time{
    wall uint64
    ext int64
    loc *time.Location
}

        [5] t4 = Call static (time.Time).Hour(t3), RESULT int
        [6] return (t4)


ADDING instructions to (*time.Time).ISOWeek
Added instruction: [0] t0 = Alloc local info(name: t, type: *time.Time, on stack), RESULT **time.Time
Added no value instruction: [1] *t0 = receiver: t *time.Time
Added instruction: [2] t1 = *t0, RESULT *time.Time
Added instruction: [3] t2 = Call builtin (t1,'time.Time' :-go-string-,'ISOWeek' :-go-string-), RESULT *time.Time
Added instruction: [4] t3 = *t2, RESULT time.Time{
    wall uint64
    ext int64
    loc *time.Location
}

Creating type go-func-(1000)
Creating function (time.Time).ISOWeek with type go-func-1000(1000)
Replacing existing synthetic bound method with concrete bound method
Added instruction: [5] t4 = Call static (time.Time).ISOWeek(t3), RESULT *(int, int)-Ret-Type
Added instruction: [6] t5 = extract  field 0 from t4, RESULT int
Added instruction: [7] t6 = extract  field 1 from t4, RESULT int
Added no value instruction: [8] return ()
FINISHED adding instructions to (*time.Time).ISOWeek
    entry: (predecessors:  successors:  not reachable
        [0] t0 = Alloc local info(name: t, type: *time.Time, on stack), RESULT **time.Time
        [1] *t0 = receiver: t *time.Time
        [2] t1 = *t0, RESULT *time.Time
        [3] t2 = Call builtin (t1,'time.Time' :-go-string-,'ISOWeek' :-go-string-), RESULT *time.Time
        [4] t3 = *t2, RESULT time.Time{
    wall uint64
    ext int64
    loc *time.Location
}

        [5] t4 = Call static (time.Time).ISOWeek(t3), RESULT *(int, int)-Ret-Type
        [6] t5 = extract  field 0 from t4, RESULT int
        [7] t6 = extract  field 1 from t4, RESULT int
        [8] return (t5,t6)


ADDING instructions to (*time.Time).In
Added instruction: [0] t0 = Alloc local info(name: t, type: *time.Time, on stack), RESULT **time.Time
Added no value instruction: [1] *t0 = receiver: t *time.Time
Added instruction: [2] t1 = *t0, RESULT *time.Time
Added instruction: [3] t2 = Call builtin (t1,'time.Time' :-go-string-,'In' :-go-string-), RESULT *time.Time
Added instruction: [4] t3 = *t2, RESULT time.Time{
    wall uint64
    ext int64
    loc *time.Location
}

Creating type go-func-(1001)
Creating function (time.Time).In with type go-func-1001(1001)
Replacing existing synthetic bound method with concrete bound method
Added instruction: [5] t4 = Call static (time.Time).In(t3,parameter: loc *time.Location), RESULT time.Time{
    wall uint64
    ext int64
    loc *time.Location
}

Added no value instruction: [6] return ()
FINISHED adding instructions to (*time.Time).In
    entry: (predecessors:  successors:  not reachable
        [0] t0 = Alloc local info(name: t, type: *time.Time, on stack), RESULT **time.Time
        [1] *t0 = receiver: t *time.Time
        [2] t1 = *t0, RESULT *time.Time
        [3] t2 = Call builtin (t1,'time.Time' :-go-string-,'In' :-go-string-), RESULT *time.Time
        [4] t3 = *t2, RESULT time.Time{
    wall uint64
    ext int64
    loc *time.Location
}

        [5] t4 = Call static (time.Time).In(t3,parameter: loc *time.Location), RESULT time.Time{
    wall uint64
    ext int64
    loc *time.Location
}

        [6] return (t4)


ADDING instructions to (*time.Time).IsDST
Added instruction: [0] t0 = Alloc local info(name: t, type: *time.Time, on stack), RESULT **time.Time
Added no value instruction: [1] *t0 = receiver: t *time.Time
Added instruction: [2] t1 = *t0, RESULT *time.Time
Added instruction: [3] t2 = Call builtin (t1,'time.Time' :-go-string-,'IsDST' :-go-string-), RESULT *time.Time
Added instruction: [4] t3 = *t2, RESULT time.Time{
    wall uint64
    ext int64
    loc *time.Location
}

Creating type go-func-(1002)
Creating function (time.Time).IsDST with type go-func-1002(1002)
Replacing existing synthetic bound method with concrete bound method
Added instruction: [5] t4 = Call static (time.Time).IsDST(t3), RESULT bool
Added no value instruction: [6] return ()
FINISHED adding instructions to (*time.Time).IsDST
    entry: (predecessors:  successors:  not reachable
        [0] t0 = Alloc local info(name: t, type: *time.Time, on stack), RESULT **time.Time
        [1] *t0 = receiver: t *time.Time
        [2] t1 = *t0, RESULT *time.Time
        [3] t2 = Call builtin (t1,'time.Time' :-go-string-,'IsDST' :-go-string-), RESULT *time.Time
        [4] t3 = *t2, RESULT time.Time{
    wall uint64
    ext int64
    loc *time.Location
}

        [5] t4 = Call static (time.Time).IsDST(t3), RESULT bool
        [6] return (t4)


ADDING instructions to (*time.Time).IsZero
Added instruction: [0] t0 = Alloc local info(name: t, type: *time.Time, on stack), RESULT **time.Time
Added no value instruction: [1] *t0 = receiver: t *time.Time
Added instruction: [2] t1 = *t0, RESULT *time.Time
Added instruction: [3] t2 = Call builtin (t1,'time.Time' :-go-string-,'IsZero' :-go-string-), RESULT *time.Time
Added instruction: [4] t3 = *t2, RESULT time.Time{
    wall uint64
    ext int64
    loc *time.Location
}

Creating type go-func-(1003)
Creating function (time.Time).IsZero with type go-func-1003(1003)
Replacing existing synthetic bound method with concrete bound method
Added instruction: [5] t4 = Call static (time.Time).IsZero(t3), RESULT bool
Added no value instruction: [6] return ()
FINISHED adding instructions to (*time.Time).IsZero
    entry: (predecessors:  successors:  not reachable
        [0] t0 = Alloc local info(name: t, type: *time.Time, on stack), RESULT **time.Time
        [1] *t0 = receiver: t *time.Time
        [2] t1 = *t0, RESULT *time.Time
        [3] t2 = Call builtin (t1,'time.Time' :-go-string-,'IsZero' :-go-string-), RESULT *time.Time
        [4] t3 = *t2, RESULT time.Time{
    wall uint64
    ext int64
    loc *time.Location
}

        [5] t4 = Call static (time.Time).IsZero(t3), RESULT bool
        [6] return (t4)


ADDING instructions to (*time.Time).Local
Added instruction: [0] t0 = Alloc local info(name: t, type: *time.Time, on stack), RESULT **time.Time
Added no value instruction: [1] *t0 = receiver: t *time.Time
Added instruction: [2] t1 = *t0, RESULT *time.Time
Added instruction: [3] t2 = Call builtin (t1,'time.Time' :-go-string-,'Local' :-go-string-), RESULT *time.Time
Added instruction: [4] t3 = *t2, RESULT time.Time{
    wall uint64
    ext int64
    loc *time.Location
}

Creating type go-func-(1004)
Creating function (time.Time).Local with type go-func-1004(1004)
Replacing existing synthetic bound method with concrete bound method
Added instruction: [5] t4 = Call static (time.Time).Local(t3), RESULT time.Time{
    wall uint64
    ext int64
    loc *time.Location
}

Added no value instruction: [6] return ()
FINISHED adding instructions to (*time.Time).Local
    entry: (predecessors:  successors:  not reachable
        [0] t0 = Alloc local info(name: t, type: *time.Time, on stack), RESULT **time.Time
        [1] *t0 = receiver: t *time.Time
        [2] t1 = *t0, RESULT *time.Time
        [3] t2 = Call builtin (t1,'time.Time' :-go-string-,'Local' :-go-string-), RESULT *time.Time
        [4] t3 = *t2, RESULT time.Time{
    wall uint64
    ext int64
    loc *time.Location
}

        [5] t4 = Call static (time.Time).Local(t3), RESULT time.Time{
    wall uint64
    ext int64
    loc *time.Location
}

        [6] return (t4)


ADDING instructions to (*time.Time).Location
Added instruction: [0] t0 = Alloc local info(name: t, type: *time.Time, on stack), RESULT **time.Time
Added no value instruction: [1] *t0 = receiver: t *time.Time
Added instruction: [2] t1 = *t0, RESULT *time.Time
Added instruction: [3] t2 = Call builtin (t1,'time.Time' :-go-string-,'Location' :-go-string-), RESULT *time.Time
Added instruction: [4] t3 = *t2, RESULT time.Time{
    wall uint64
    ext int64
    loc *time.Location
}

Creating type go-func-(1005)
Creating function (time.Time).Location with type go-func-1005(1005)
Replacing existing synthetic bound method with concrete bound method
Added instruction: [5] t4 = Call static (time.Time).Location(t3), RESULT *time.Location
Added no value instruction: [6] return ()
FINISHED adding instructions to (*time.Time).Location
    entry: (predecessors:  successors:  not reachable
        [0] t0 = Alloc local info(name: t, type: *time.Time, on stack), RESULT **time.Time
        [1] *t0 = receiver: t *time.Time
        [2] t1 = *t0, RESULT *time.Time
        [3] t2 = Call builtin (t1,'time.Time' :-go-string-,'Location' :-go-string-), RESULT *time.Time
        [4] t3 = *t2, RESULT time.Time{
    wall uint64
    ext int64
    loc *time.Location
}

        [5] t4 = Call static (time.Time).Location(t3), RESULT *time.Location
        [6] return (t4)


ADDING instructions to (*time.Time).MarshalBinary
Added instruction: [0] t0 = Alloc local info(name: t, type: *time.Time, on stack), RESULT **time.Time
Added no value instruction: [1] *t0 = receiver: t *time.Time
Added instruction: [2] t1 = *t0, RESULT *time.Time
Added instruction: [3] t2 = Call builtin (t1,'time.Time' :-go-string-,'MarshalBinary' :-go-string-), RESULT *time.Time
Added instruction: [4] t3 = *t2, RESULT time.Time{
    wall uint64
    ext int64
    loc *time.Location
}

Creating type go-func-(1006)
Creating function (time.Time).MarshalBinary with type go-func-1006(1006)
Replacing existing synthetic bound method with concrete bound method
Added instruction: [5] t4 = Call static (time.Time).MarshalBinary(t3), RESULT *([]byte, error)-Ret-Type
Added instruction: [6] t5 = extract  field 0 from t4, RESULT []byte
Added instruction: [7] t6 = extract  field 1 from t4, RESULT error
Added no value instruction: [8] return ()
FINISHED adding instructions to (*time.Time).MarshalBinary
    entry: (predecessors:  successors:  not reachable
        [0] t0 = Alloc local info(name: t, type: *time.Time, on stack), RESULT **time.Time
        [1] *t0 = receiver: t *time.Time
        [2] t1 = *t0, RESULT *time.Time
        [3] t2 = Call builtin (t1,'time.Time' :-go-string-,'MarshalBinary' :-go-string-), RESULT *time.Time
        [4] t3 = *t2, RESULT time.Time{
    wall uint64
    ext int64
    loc *time.Location
}

        [5] t4 = Call static (time.Time).MarshalBinary(t3), RESULT *([]byte, error)-Ret-Type
        [6] t5 = extract  field 0 from t4, RESULT []byte
        [7] t6 = extract  field 1 from t4, RESULT error
        [8] return (t5,t6)


ADDING instructions to (*time.Time).MarshalJSON
Added instruction: [0] t0 = Alloc local info(name: t, type: *time.Time, on stack), RESULT **time.Time
Added no value instruction: [1] *t0 = receiver: t *time.Time
Added instruction: [2] t1 = *t0, RESULT *time.Time
Added instruction: [3] t2 = Call builtin (t1,'time.Time' :-go-string-,'MarshalJSON' :-go-string-), RESULT *time.Time
Added instruction: [4] t3 = *t2, RESULT time.Time{
    wall uint64
    ext int64
    loc *time.Location
}

Creating type go-func-(1007)
Creating function (time.Time).MarshalJSON with type go-func-1007(1007)
Replacing existing synthetic bound method with concrete bound method
Added instruction: [5] t4 = Call static (time.Time).MarshalJSON(t3), RESULT *([]byte, error)-Ret-Type
Added instruction: [6] t5 = extract  field 0 from t4, RESULT []byte
Added instruction: [7] t6 = extract  field 1 from t4, RESULT error
Added no value instruction: [8] return ()
FINISHED adding instructions to (*time.Time).MarshalJSON
    entry: (predecessors:  successors:  not reachable
        [0] t0 = Alloc local info(name: t, type: *time.Time, on stack), RESULT **time.Time
        [1] *t0 = receiver: t *time.Time
        [2] t1 = *t0, RESULT *time.Time
        [3] t2 = Call builtin (t1,'time.Time' :-go-string-,'MarshalJSON' :-go-string-), RESULT *time.Time
        [4] t3 = *t2, RESULT time.Time{
    wall uint64
    ext int64
    loc *time.Location
}

        [5] t4 = Call static (time.Time).MarshalJSON(t3), RESULT *([]byte, error)-Ret-Type
        [6] t5 = extract  field 0 from t4, RESULT []byte
        [7] t6 = extract  field 1 from t4, RESULT error
        [8] return (t5,t6)


ADDING instructions to (*time.Time).MarshalText
Added instruction: [0] t0 = Alloc local info(name: t, type: *time.Time, on stack), RESULT **time.Time
Added no value instruction: [1] *t0 = receiver: t *time.Time
Added instruction: [2] t1 = *t0, RESULT *time.Time
Added instruction: [3] t2 = Call builtin (t1,'time.Time' :-go-string-,'MarshalText' :-go-string-), RESULT *time.Time
Added instruction: [4] t3 = *t2, RESULT time.Time{
    wall uint64
    ext int64
    loc *time.Location
}

Creating type go-func-(1008)
Creating function (time.Time).MarshalText with type go-func-1008(1008)
Replacing existing synthetic bound method with concrete bound method
Added instruction: [5] t4 = Call static (time.Time).MarshalText(t3), RESULT *([]byte, error)-Ret-Type
Added instruction: [6] t5 = extract  field 0 from t4, RESULT []byte
Added instruction: [7] t6 = extract  field 1 from t4, RESULT error
Added no value instruction: [8] return ()
FINISHED adding instructions to (*time.Time).MarshalText
    entry: (predecessors:  successors:  not reachable
        [0] t0 = Alloc local info(name: t, type: *time.Time, on stack), RESULT **time.Time
        [1] *t0 = receiver: t *time.Time
        [2] t1 = *t0, RESULT *time.Time
        [3] t2 = Call builtin (t1,'time.Time' :-go-string-,'MarshalText' :-go-string-), RESULT *time.Time
        [4] t3 = *t2, RESULT time.Time{
    wall uint64
    ext int64
    loc *time.Location
}

        [5] t4 = Call static (time.Time).MarshalText(t3), RESULT *([]byte, error)-Ret-Type
        [6] t5 = extract  field 0 from t4, RESULT []byte
        [7] t6 = extract  field 1 from t4, RESULT error
        [8] return (t5,t6)


ADDING instructions to (*time.Time).Minute
Added instruction: [0] t0 = Alloc local info(name: t, type: *time.Time, on stack), RESULT **time.Time
Added no value instruction: [1] *t0 = receiver: t *time.Time
Added instruction: [2] t1 = *t0, RESULT *time.Time
Added instruction: [3] t2 = Call builtin (t1,'time.Time' :-go-string-,'Minute' :-go-string-), RESULT *time.Time
Added instruction: [4] t3 = *t2, RESULT time.Time{
    wall uint64
    ext int64
    loc *time.Location
}

Creating type go-func-(1009)
Creating function (time.Time).Minute with type go-func-1009(1009)
Replacing existing synthetic bound method with concrete bound method
Added instruction: [5] t4 = Call static (time.Time).Minute(t3), RESULT int
Added no value instruction: [6] return ()
FINISHED adding instructions to (*time.Time).Minute
    entry: (predecessors:  successors:  not reachable
        [0] t0 = Alloc local info(name: t, type: *time.Time, on stack), RESULT **time.Time
        [1] *t0 = receiver: t *time.Time
        [2] t1 = *t0, RESULT *time.Time
        [3] t2 = Call builtin (t1,'time.Time' :-go-string-,'Minute' :-go-string-), RESULT *time.Time
        [4] t3 = *t2, RESULT time.Time{
    wall uint64
    ext int64
    loc *time.Location
}

        [5] t4 = Call static (time.Time).Minute(t3), RESULT int
        [6] return (t4)


ADDING instructions to (*time.Time).Month
Added instruction: [0] t0 = Alloc local info(name: t, type: *time.Time, on stack), RESULT **time.Time
Added no value instruction: [1] *t0 = receiver: t *time.Time
Added instruction: [2] t1 = *t0, RESULT *time.Time
Added instruction: [3] t2 = Call builtin (t1,'time.Time' :-go-string-,'Month' :-go-string-), RESULT *time.Time
Added instruction: [4] t3 = *t2, RESULT time.Time{
    wall uint64
    ext int64
    loc *time.Location
}

Creating type go-func-(1010)
Creating function (time.Time).Month with type go-func-1010(1010)
Replacing existing synthetic bound method with concrete bound method
Added instruction: [5] t4 = Call static (time.Time).Month(t3), RESULT time.Month
Added no value instruction: [6] return ()
FINISHED adding instructions to (*time.Time).Month
    entry: (predecessors:  successors:  not reachable
        [0] t0 = Alloc local info(name: t, type: *time.Time, on stack), RESULT **time.Time
        [1] *t0 = receiver: t *time.Time
        [2] t1 = *t0, RESULT *time.Time
        [3] t2 = Call builtin (t1,'time.Time' :-go-string-,'Month' :-go-string-), RESULT *time.Time
        [4] t3 = *t2, RESULT time.Time{
    wall uint64
    ext int64
    loc *time.Location
}

        [5] t4 = Call static (time.Time).Month(t3), RESULT time.Month
        [6] return (t4)


ADDING instructions to (*time.Time).Nanosecond
Added instruction: [0] t0 = Alloc local info(name: t, type: *time.Time, on stack), RESULT **time.Time
Added no value instruction: [1] *t0 = receiver: t *time.Time
Added instruction: [2] t1 = *t0, RESULT *time.Time
Added instruction: [3] t2 = Call builtin (t1,'time.Time' :-go-string-,'Nanosecond' :-go-string-), RESULT *time.Time
Added instruction: [4] t3 = *t2, RESULT time.Time{
    wall uint64
    ext int64
    loc *time.Location
}

Creating type go-func-(1011)
Creating function (time.Time).Nanosecond with type go-func-1011(1011)
Replacing existing synthetic bound method with concrete bound method
Added instruction: [5] t4 = Call static (time.Time).Nanosecond(t3), RESULT int
Added no value instruction: [6] return ()
FINISHED adding instructions to (*time.Time).Nanosecond
    entry: (predecessors:  successors:  not reachable
        [0] t0 = Alloc local info(name: t, type: *time.Time, on stack), RESULT **time.Time
        [1] *t0 = receiver: t *time.Time
        [2] t1 = *t0, RESULT *time.Time
        [3] t2 = Call builtin (t1,'time.Time' :-go-string-,'Nanosecond' :-go-string-), RESULT *time.Time
        [4] t3 = *t2, RESULT time.Time{
    wall uint64
    ext int64
    loc *time.Location
}

        [5] t4 = Call static (time.Time).Nanosecond(t3), RESULT int
        [6] return (t4)


ADDING instructions to (*time.Time).Round
Added instruction: [0] t0 = Alloc local info(name: t, type: *time.Time, on stack), RESULT **time.Time
Added no value instruction: [1] *t0 = receiver: t *time.Time
Added instruction: [2] t1 = *t0, RESULT *time.Time
Added instruction: [3] t2 = Call builtin (t1,'time.Time' :-go-string-,'Round' :-go-string-), RESULT *time.Time
Added instruction: [4] t3 = *t2, RESULT time.Time{
    wall uint64
    ext int64
    loc *time.Location
}

Creating type go-func-(1012)
Creating function (time.Time).Round with type go-func-1012(1012)
Replacing existing synthetic bound method with concrete bound method
Added instruction: [5] t4 = Call static (time.Time).Round(t3,parameter: d time.Duration), RESULT time.Time{
    wall uint64
    ext int64
    loc *time.Location
}

Added no value instruction: [6] return ()
FINISHED adding instructions to (*time.Time).Round
    entry: (predecessors:  successors:  not reachable
        [0] t0 = Alloc local info(name: t, type: *time.Time, on stack), RESULT **time.Time
        [1] *t0 = receiver: t *time.Time
        [2] t1 = *t0, RESULT *time.Time
        [3] t2 = Call builtin (t1,'time.Time' :-go-string-,'Round' :-go-string-), RESULT *time.Time
        [4] t3 = *t2, RESULT time.Time{
    wall uint64
    ext int64
    loc *time.Location
}

        [5] t4 = Call static (time.Time).Round(t3,parameter: d time.Duration), RESULT time.Time{
    wall uint64
    ext int64
    loc *time.Location
}

        [6] return (t4)


ADDING instructions to (*time.Time).Second
Added instruction: [0] t0 = Alloc local info(name: t, type: *time.Time, on stack), RESULT **time.Time
Added no value instruction: [1] *t0 = receiver: t *time.Time
Added instruction: [2] t1 = *t0, RESULT *time.Time
Added instruction: [3] t2 = Call builtin (t1,'time.Time' :-go-string-,'Second' :-go-string-), RESULT *time.Time
Added instruction: [4] t3 = *t2, RESULT time.Time{
    wall uint64
    ext int64
    loc *time.Location
}

Creating type go-func-(1013)
Creating function (time.Time).Second with type go-func-1013(1013)
Replacing existing synthetic bound method with concrete bound method
Added instruction: [5] t4 = Call static (time.Time).Second(t3), RESULT int
Added no value instruction: [6] return ()
FINISHED adding instructions to (*time.Time).Second
    entry: (predecessors:  successors:  not reachable
        [0] t0 = Alloc local info(name: t, type: *time.Time, on stack), RESULT **time.Time
        [1] *t0 = receiver: t *time.Time
        [2] t1 = *t0, RESULT *time.Time
        [3] t2 = Call builtin (t1,'time.Time' :-go-string-,'Second' :-go-string-), RESULT *time.Time
        [4] t3 = *t2, RESULT time.Time{
    wall uint64
    ext int64
    loc *time.Location
}

        [5] t4 = Call static (time.Time).Second(t3), RESULT int
        [6] return (t4)


ADDING instructions to (*time.Time).String
Added instruction: [0] t0 = Alloc local info(name: t, type: *time.Time, on stack), RESULT **time.Time
Added no value instruction: [1] *t0 = receiver: t *time.Time
Added instruction: [2] t1 = *t0, RESULT *time.Time
Added instruction: [3] t2 = Call builtin (t1,'time.Time' :-go-string-,'String' :-go-string-), RESULT *time.Time
Added instruction: [4] t3 = *t2, RESULT time.Time{
    wall uint64
    ext int64
    loc *time.Location
}

Creating type go-func-(1014)
Creating function (time.Time).String with type go-func-1014(1014)
Replacing existing synthetic bound method with concrete bound method
Added instruction: [5] t4 = Call static (time.Time).String(t3), RESULT -go-string-
Added no value instruction: [6] return ()
FINISHED adding instructions to (*time.Time).String
    entry: (predecessors:  successors:  not reachable
        [0] t0 = Alloc local info(name: t, type: *time.Time, on stack), RESULT **time.Time
        [1] *t0 = receiver: t *time.Time
        [2] t1 = *t0, RESULT *time.Time
        [3] t2 = Call builtin (t1,'time.Time' :-go-string-,'String' :-go-string-), RESULT *time.Time
        [4] t3 = *t2, RESULT time.Time{
    wall uint64
    ext int64
    loc *time.Location
}

        [5] t4 = Call static (time.Time).String(t3), RESULT -go-string-
        [6] return (t4)


ADDING instructions to (*time.Time).Sub
Added instruction: [0] t0 = Alloc local info(name: t, type: *time.Time, on stack), RESULT **time.Time
Added no value instruction: [1] *t0 = receiver: t *time.Time
Added instruction: [2] t1 = *t0, RESULT *time.Time
Added instruction: [3] t2 = Call builtin (t1,'time.Time' :-go-string-,'Sub' :-go-string-), RESULT *time.Time
Added instruction: [4] t3 = *t2, RESULT time.Time{
    wall uint64
    ext int64
    loc *time.Location
}

Creating type go-func-(1015)
Creating function (time.Time).Sub with type go-func-1015(1015)
Replacing existing synthetic bound method with concrete bound method
Added instruction: [5] t4 = Call static (time.Time).Sub(t3,parameter: u time.Time), RESULT time.Duration
Added no value instruction: [6] return ()
FINISHED adding instructions to (*time.Time).Sub
    entry: (predecessors:  successors:  not reachable
        [0] t0 = Alloc local info(name: t, type: *time.Time, on stack), RESULT **time.Time
        [1] *t0 = receiver: t *time.Time
        [2] t1 = *t0, RESULT *time.Time
        [3] t2 = Call builtin (t1,'time.Time' :-go-string-,'Sub' :-go-string-), RESULT *time.Time
        [4] t3 = *t2, RESULT time.Time{
    wall uint64
    ext int64
    loc *time.Location
}

        [5] t4 = Call static (time.Time).Sub(t3,parameter: u time.Time), RESULT time.Duration
        [6] return (t4)


ADDING instructions to (*time.Time).Truncate
Added instruction: [0] t0 = Alloc local info(name: t, type: *time.Time, on stack), RESULT **time.Time
Added no value instruction: [1] *t0 = receiver: t *time.Time
Added instruction: [2] t1 = *t0, RESULT *time.Time
Added instruction: [3] t2 = Call builtin (t1,'time.Time' :-go-string-,'Truncate' :-go-string-), RESULT *time.Time
Added instruction: [4] t3 = *t2, RESULT time.Time{
    wall uint64
    ext int64
    loc *time.Location
}

Creating type go-func-(1016)
Creating function (time.Time).Truncate with type go-func-1016(1016)
Replacing existing synthetic bound method with concrete bound method
Added instruction: [5] t4 = Call static (time.Time).Truncate(t3,parameter: d time.Duration), RESULT time.Time{
    wall uint64
    ext int64
    loc *time.Location
}

Added no value instruction: [6] return ()
FINISHED adding instructions to (*time.Time).Truncate
    entry: (predecessors:  successors:  not reachable
        [0] t0 = Alloc local info(name: t, type: *time.Time, on stack), RESULT **time.Time
        [1] *t0 = receiver: t *time.Time
        [2] t1 = *t0, RESULT *time.Time
        [3] t2 = Call builtin (t1,'time.Time' :-go-string-,'Truncate' :-go-string-), RESULT *time.Time
        [4] t3 = *t2, RESULT time.Time{
    wall uint64
    ext int64
    loc *time.Location
}

        [5] t4 = Call static (time.Time).Truncate(t3,parameter: d time.Duration), RESULT time.Time{
    wall uint64
    ext int64
    loc *time.Location
}

        [6] return (t4)


ADDING instructions to (*time.Time).UTC
Added instruction: [0] t0 = Alloc local info(name: t, type: *time.Time, on stack), RESULT **time.Time
Added no value instruction: [1] *t0 = receiver: t *time.Time
Added instruction: [2] t1 = *t0, RESULT *time.Time
Added instruction: [3] t2 = Call builtin (t1,'time.Time' :-go-string-,'UTC' :-go-string-), RESULT *time.Time
Added instruction: [4] t3 = *t2, RESULT time.Time{
    wall uint64
    ext int64
    loc *time.Location
}

Creating type go-func-(1017)
Creating function (time.Time).UTC with type go-func-1017(1017)
Replacing existing synthetic bound method with concrete bound method
Added instruction: [5] t4 = Call static (time.Time).UTC(t3), RESULT time.Time{
    wall uint64
    ext int64
    loc *time.Location
}

Added no value instruction: [6] return ()
FINISHED adding instructions to (*time.Time).UTC
    entry: (predecessors:  successors:  not reachable
        [0] t0 = Alloc local info(name: t, type: *time.Time, on stack), RESULT **time.Time
        [1] *t0 = receiver: t *time.Time
        [2] t1 = *t0, RESULT *time.Time
        [3] t2 = Call builtin (t1,'time.Time' :-go-string-,'UTC' :-go-string-), RESULT *time.Time
        [4] t3 = *t2, RESULT time.Time{
    wall uint64
    ext int64
    loc *time.Location
}

        [5] t4 = Call static (time.Time).UTC(t3), RESULT time.Time{
    wall uint64
    ext int64
    loc *time.Location
}

        [6] return (t4)


ADDING instructions to (*time.Time).Unix
Added instruction: [0] t0 = Alloc local info(name: t, type: *time.Time, on stack), RESULT **time.Time
Added no value instruction: [1] *t0 = receiver: t *time.Time
Added instruction: [2] t1 = *t0, RESULT *time.Time
Added instruction: [3] t2 = Call builtin (t1,'time.Time' :-go-string-,'Unix' :-go-string-), RESULT *time.Time
Added instruction: [4] t3 = *t2, RESULT time.Time{
    wall uint64
    ext int64
    loc *time.Location
}

Creating type go-func-(1018)
Creating function (time.Time).Unix with type go-func-1018(1018)
Replacing existing synthetic bound method with concrete bound method
Added instruction: [5] t4 = Call static (time.Time).Unix(t3), RESULT int64
Added no value instruction: [6] return ()
FINISHED adding instructions to (*time.Time).Unix
    entry: (predecessors:  successors:  not reachable
        [0] t0 = Alloc local info(name: t, type: *time.Time, on stack), RESULT **time.Time
        [1] *t0 = receiver: t *time.Time
        [2] t1 = *t0, RESULT *time.Time
        [3] t2 = Call builtin (t1,'time.Time' :-go-string-,'Unix' :-go-string-), RESULT *time.Time
        [4] t3 = *t2, RESULT time.Time{
    wall uint64
    ext int64
    loc *time.Location
}

        [5] t4 = Call static (time.Time).Unix(t3), RESULT int64
        [6] return (t4)


ADDING instructions to (*time.Time).UnixMicro
Added instruction: [0] t0 = Alloc local info(name: t, type: *time.Time, on stack), RESULT **time.Time
Added no value instruction: [1] *t0 = receiver: t *time.Time
Added instruction: [2] t1 = *t0, RESULT *time.Time
Added instruction: [3] t2 = Call builtin (t1,'time.Time' :-go-string-,'UnixMicro' :-go-string-), RESULT *time.Time
Added instruction: [4] t3 = *t2, RESULT time.Time{
    wall uint64
    ext int64
    loc *time.Location
}

Creating type go-func-(1019)
Creating function (time.Time).UnixMicro with type go-func-1019(1019)
Replacing existing synthetic bound method with concrete bound method
Added instruction: [5] t4 = Call static (time.Time).UnixMicro(t3), RESULT int64
Added no value instruction: [6] return ()
FINISHED adding instructions to (*time.Time).UnixMicro
    entry: (predecessors:  successors:  not reachable
        [0] t0 = Alloc local info(name: t, type: *time.Time, on stack), RESULT **time.Time
        [1] *t0 = receiver: t *time.Time
        [2] t1 = *t0, RESULT *time.Time
        [3] t2 = Call builtin (t1,'time.Time' :-go-string-,'UnixMicro' :-go-string-), RESULT *time.Time
        [4] t3 = *t2, RESULT time.Time{
    wall uint64
    ext int64
    loc *time.Location
}

        [5] t4 = Call static (time.Time).UnixMicro(t3), RESULT int64
        [6] return (t4)


ADDING instructions to (*time.Time).UnixMilli
Added instruction: [0] t0 = Alloc local info(name: t, type: *time.Time, on stack), RESULT **time.Time
Added no value instruction: [1] *t0 = receiver: t *time.Time
Added instruction: [2] t1 = *t0, RESULT *time.Time
Added instruction: [3] t2 = Call builtin (t1,'time.Time' :-go-string-,'UnixMilli' :-go-string-), RESULT *time.Time
Added instruction: [4] t3 = *t2, RESULT time.Time{
    wall uint64
    ext int64
    loc *time.Location
}

Creating type go-func-(1020)
Creating function (time.Time).UnixMilli with type go-func-1020(1020)
Replacing existing synthetic bound method with concrete bound method
Added instruction: [5] t4 = Call static (time.Time).UnixMilli(t3), RESULT int64
Added no value instruction: [6] return ()
FINISHED adding instructions to (*time.Time).UnixMilli
    entry: (predecessors:  successors:  not reachable
        [0] t0 = Alloc local info(name: t, type: *time.Time, on stack), RESULT **time.Time
        [1] *t0 = receiver: t *time.Time
        [2] t1 = *t0, RESULT *time.Time
        [3] t2 = Call builtin (t1,'time.Time' :-go-string-,'UnixMilli' :-go-string-), RESULT *time.Time
        [4] t3 = *t2, RESULT time.Time{
    wall uint64
    ext int64
    loc *time.Location
}

        [5] t4 = Call static (time.Time).UnixMilli(t3), RESULT int64
        [6] return (t4)


ADDING instructions to (*time.Time).UnixNano
Added instruction: [0] t0 = Alloc local info(name: t, type: *time.Time, on stack), RESULT **time.Time
Added no value instruction: [1] *t0 = receiver: t *time.Time
Added instruction: [2] t1 = *t0, RESULT *time.Time
Added instruction: [3] t2 = Call builtin (t1,'time.Time' :-go-string-,'UnixNano' :-go-string-), RESULT *time.Time
Added instruction: [4] t3 = *t2, RESULT time.Time{
    wall uint64
    ext int64
    loc *time.Location
}

Creating type go-func-(1021)
Creating function (time.Time).UnixNano with type go-func-1021(1021)
Replacing existing synthetic bound method with concrete bound method
Added instruction: [5] t4 = Call static (time.Time).UnixNano(t3), RESULT int64
Added no value instruction: [6] return ()
FINISHED adding instructions to (*time.Time).UnixNano
    entry: (predecessors:  successors:  not reachable
        [0] t0 = Alloc local info(name: t, type: *time.Time, on stack), RESULT **time.Time
        [1] *t0 = receiver: t *time.Time
        [2] t1 = *t0, RESULT *time.Time
        [3] t2 = Call builtin (t1,'time.Time' :-go-string-,'UnixNano' :-go-string-), RESULT *time.Time
        [4] t3 = *t2, RESULT time.Time{
    wall uint64
    ext int64
    loc *time.Location
}

        [5] t4 = Call static (time.Time).UnixNano(t3), RESULT int64
        [6] return (t4)


ADDING instructions to (*time.Time).Weekday
Added instruction: [0] t0 = Alloc local info(name: t, type: *time.Time, on stack), RESULT **time.Time
Added no value instruction: [1] *t0 = receiver: t *time.Time
Added instruction: [2] t1 = *t0, RESULT *time.Time
Added instruction: [3] t2 = Call builtin (t1,'time.Time' :-go-string-,'Weekday' :-go-string-), RESULT *time.Time
Added instruction: [4] t3 = *t2, RESULT time.Time{
    wall uint64
    ext int64
    loc *time.Location
}

Creating type go-func-(1022)
Creating function (time.Time).Weekday with type go-func-1022(1022)
Replacing existing synthetic bound method with concrete bound method
Added instruction: [5] t4 = Call static (time.Time).Weekday(t3), RESULT time.Weekday
Added no value instruction: [6] return ()
FINISHED adding instructions to (*time.Time).Weekday
    entry: (predecessors:  successors:  not reachable
        [0] t0 = Alloc local info(name: t, type: *time.Time, on stack), RESULT **time.Time
        [1] *t0 = receiver: t *time.Time
        [2] t1 = *t0, RESULT *time.Time
        [3] t2 = Call builtin (t1,'time.Time' :-go-string-,'Weekday' :-go-string-), RESULT *time.Time
        [4] t3 = *t2, RESULT time.Time{
    wall uint64
    ext int64
    loc *time.Location
}

        [5] t4 = Call static (time.Time).Weekday(t3), RESULT time.Weekday
        [6] return (t4)


ADDING instructions to (*time.Time).Year
Added instruction: [0] t0 = Alloc local info(name: t, type: *time.Time, on stack), RESULT **time.Time
Added no value instruction: [1] *t0 = receiver: t *time.Time
Added instruction: [2] t1 = *t0, RESULT *time.Time
Added instruction: [3] t2 = Call builtin (t1,'time.Time' :-go-string-,'Year' :-go-string-), RESULT *time.Time
Added instruction: [4] t3 = *t2, RESULT time.Time{
    wall uint64
    ext int64
    loc *time.Location
}

Creating type go-func-(1023)
Creating function (time.Time).Year with type go-func-1023(1023)
Replacing existing synthetic bound method with concrete bound method
Added instruction: [5] t4 = Call static (time.Time).Year(t3), RESULT int
Added no value instruction: [6] return ()
FINISHED adding instructions to (*time.Time).Year
    entry: (predecessors:  successors:  not reachable
        [0] t0 = Alloc local info(name: t, type: *time.Time, on stack), RESULT **time.Time
        [1] *t0 = receiver: t *time.Time
        [2] t1 = *t0, RESULT *time.Time
        [3] t2 = Call builtin (t1,'time.Time' :-go-string-,'Year' :-go-string-), RESULT *time.Time
        [4] t3 = *t2, RESULT time.Time{
    wall uint64
    ext int64
    loc *time.Location
}

        [5] t4 = Call static (time.Time).Year(t3), RESULT int
        [6] return (t4)


ADDING instructions to (*time.Time).YearDay
Added instruction: [0] t0 = Alloc local info(name: t, type: *time.Time, on stack), RESULT **time.Time
Added no value instruction: [1] *t0 = receiver: t *time.Time
Added instruction: [2] t1 = *t0, RESULT *time.Time
Added instruction: [3] t2 = Call builtin (t1,'time.Time' :-go-string-,'YearDay' :-go-string-), RESULT *time.Time
Added instruction: [4] t3 = *t2, RESULT time.Time{
    wall uint64
    ext int64
    loc *time.Location
}

Creating type go-func-(1024)
Creating function (time.Time).YearDay with type go-func-1024(1024)
Replacing existing synthetic bound method with concrete bound method
Added instruction: [5] t4 = Call static (time.Time).YearDay(t3), RESULT int
Added no value instruction: [6] return ()
FINISHED adding instructions to (*time.Time).YearDay
    entry: (predecessors:  successors:  not reachable
        [0] t0 = Alloc local info(name: t, type: *time.Time, on stack), RESULT **time.Time
        [1] *t0 = receiver: t *time.Time
        [2] t1 = *t0, RESULT *time.Time
        [3] t2 = Call builtin (t1,'time.Time' :-go-string-,'YearDay' :-go-string-), RESULT *time.Time
        [4] t3 = *t2, RESULT time.Time{
    wall uint64
    ext int64
    loc *time.Location
}

        [5] t4 = Call static (time.Time).YearDay(t3), RESULT int
        [6] return (t4)


ADDING instructions to (*time.Time).Zone
Added instruction: [0] t0 = Alloc local info(name: t, type: *time.Time, on stack), RESULT **time.Time
Added no value instruction: [1] *t0 = receiver: t *time.Time
Added instruction: [2] t1 = *t0, RESULT *time.Time
Added instruction: [3] t2 = Call builtin (t1,'time.Time' :-go-string-,'Zone' :-go-string-), RESULT *time.Time
Added instruction: [4] t3 = *t2, RESULT time.Time{
    wall uint64
    ext int64
    loc *time.Location
}

Creating type go-func-(1025)
Creating function (time.Time).Zone with type go-func-1025(1025)
Replacing existing synthetic bound method with concrete bound method
Creating type (-go-string-, int)-Ret-Type(1026)
Creating type *(-go-string-, int)-Ret-Type(1027)
Base of just created pointer type is (-go-string-, int)-Ret-Type(1026)
Added instruction: [5] t4 = Call static (time.Time).Zone(t3), RESULT *(-go-string-, int)-Ret-Type
Added instruction: [6] t5 = extract  field 0 from t4, RESULT -go-string-
Added instruction: [7] t6 = extract  field 1 from t4, RESULT int
Added no value instruction: [8] return ()
FINISHED adding instructions to (*time.Time).Zone
    entry: (predecessors:  successors:  not reachable
        [0] t0 = Alloc local info(name: t, type: *time.Time, on stack), RESULT **time.Time
        [1] *t0 = receiver: t *time.Time
        [2] t1 = *t0, RESULT *time.Time
        [3] t2 = Call builtin (t1,'time.Time' :-go-string-,'Zone' :-go-string-), RESULT *time.Time
        [4] t3 = *t2, RESULT time.Time{
    wall uint64
    ext int64
    loc *time.Location
}

        [5] t4 = Call static (time.Time).Zone(t3), RESULT *(-go-string-, int)-Ret-Type
        [6] t5 = extract  field 0 from t4, RESULT -go-string-
        [7] t6 = extract  field 1 from t4, RESULT int
        [8] return (t5,t6)


ADDING instructions to (*time.Time).ZoneBounds
Added instruction: [0] t0 = Alloc local info(name: t, type: *time.Time, on stack), RESULT **time.Time
Added no value instruction: [1] *t0 = receiver: t *time.Time
Added instruction: [2] t1 = *t0, RESULT *time.Time
Added instruction: [3] t2 = Call builtin (t1,'time.Time' :-go-string-,'ZoneBounds' :-go-string-), RESULT *time.Time
Added instruction: [4] t3 = *t2, RESULT time.Time{
    wall uint64
    ext int64
    loc *time.Location
}

Creating type go-func-(1028)
Creating function (time.Time).ZoneBounds with type go-func-1028(1028)
Replacing existing synthetic bound method with concrete bound method
Creating type (time.Time, time.Time)-Ret-Type(1029)
Creating type *(time.Time, time.Time)-Ret-Type(1030)
Base of just created pointer type is (time.Time, time.Time)-Ret-Type(1029)
Added instruction: [5] t4 = Call static (time.Time).ZoneBounds(t3), RESULT *(time.Time, time.Time)-Ret-Type
Added instruction: [6] t5 = extract  field 0 from t4, RESULT time.Time{
    wall uint64
    ext int64
    loc *time.Location
}

Added instruction: [7] t6 = extract  field 1 from t4, RESULT time.Time{
    wall uint64
    ext int64
    loc *time.Location
}

Added no value instruction: [8] return ()
FINISHED adding instructions to (*time.Time).ZoneBounds
    entry: (predecessors:  successors:  not reachable
        [0] t0 = Alloc local info(name: t, type: *time.Time, on stack), RESULT **time.Time
        [1] *t0 = receiver: t *time.Time
        [2] t1 = *t0, RESULT *time.Time
        [3] t2 = Call builtin (t1,'time.Time' :-go-string-,'ZoneBounds' :-go-string-), RESULT *time.Time
        [4] t3 = *t2, RESULT time.Time{
    wall uint64
    ext int64
    loc *time.Location
}

        [5] t4 = Call static (time.Time).ZoneBounds(t3), RESULT *(time.Time, time.Time)-Ret-Type
        [6] t5 = extract  field 0 from t4, RESULT time.Time{
    wall uint64
    ext int64
    loc *time.Location
}

        [7] t6 = extract  field 1 from t4, RESULT time.Time{
    wall uint64
    ext int64
    loc *time.Location
}

        [8] return (t5,t6)


ADDING instructions to (*time.Time).absSec
Added instruction: [0] t0 = Alloc local info(name: t, type: *time.Time, on stack), RESULT **time.Time
Added no value instruction: [1] *t0 = receiver: t *time.Time
Added instruction: [2] t1 = *t0, RESULT *time.Time
Added instruction: [3] t2 = Call builtin (t1,'time.Time' :-go-string-,'absSec' :-go-string-), RESULT *time.Time
Added instruction: [4] t3 = *t2, RESULT time.Time{
    wall uint64
    ext int64
    loc *time.Location
}

Creating type go-func-(1031)
Creating function (time.Time).absSec with type go-func-1031(1031)
Replacing existing synthetic bound method with concrete bound method
Added instruction: [5] t4 = Call static (time.Time).absSec(t3), RESULT time.absSeconds
Added no value instruction: [6] return ()
FINISHED adding instructions to (*time.Time).absSec
    entry: (predecessors:  successors:  not reachable
        [0] t0 = Alloc local info(name: t, type: *time.Time, on stack), RESULT **time.Time
        [1] *t0 = receiver: t *time.Time
        [2] t1 = *t0, RESULT *time.Time
        [3] t2 = Call builtin (t1,'time.Time' :-go-string-,'absSec' :-go-string-), RESULT *time.Time
        [4] t3 = *t2, RESULT time.Time{
    wall uint64
    ext int64
    loc *time.Location
}

        [5] t4 = Call static (time.Time).absSec(t3), RESULT time.absSeconds
        [6] return (t4)


ADDING instructions to (*time.Time).appendFormat
Added instruction: [0] t0 = Alloc local info(name: t, type: *time.Time, on stack), RESULT **time.Time
Added no value instruction: [1] *t0 = receiver: t *time.Time
Added instruction: [2] t1 = *t0, RESULT *time.Time
Added instruction: [3] t2 = Call builtin (t1,'time.Time' :-go-string-,'appendFormat' :-go-string-), RESULT *time.Time
Added instruction: [4] t3 = *t2, RESULT time.Time{
    wall uint64
    ext int64
    loc *time.Location
}

Creating type go-func-(1032)
Creating function (time.Time).appendFormat with type go-func-1032(1032)
Replacing existing synthetic bound method with concrete bound method
Added instruction: [5] t4 = Call static (time.Time).appendFormat(t3,parameter: b []byte,parameter: layout -go-string-), RESULT []byte
Added no value instruction: [6] return ()
FINISHED adding instructions to (*time.Time).appendFormat
    entry: (predecessors:  successors:  not reachable
        [0] t0 = Alloc local info(name: t, type: *time.Time, on stack), RESULT **time.Time
        [1] *t0 = receiver: t *time.Time
        [2] t1 = *t0, RESULT *time.Time
        [3] t2 = Call builtin (t1,'time.Time' :-go-string-,'appendFormat' :-go-string-), RESULT *time.Time
        [4] t3 = *t2, RESULT time.Time{
    wall uint64
    ext int64
    loc *time.Location
}

        [5] t4 = Call static (time.Time).appendFormat(t3,parameter: b []byte,parameter: layout -go-string-), RESULT []byte
        [6] return (t4)


ADDING instructions to (*time.Time).appendFormatRFC3339
Added instruction: [0] t0 = Alloc local info(name: t, type: *time.Time, on stack), RESULT **time.Time
Added no value instruction: [1] *t0 = receiver: t *time.Time
Added instruction: [2] t1 = *t0, RESULT *time.Time
Added instruction: [3] t2 = Call builtin (t1,'time.Time' :-go-string-,'appendFormatRFC3339' :-go-string-), RESULT *time.Time
Added instruction: [4] t3 = *t2, RESULT time.Time{
    wall uint64
    ext int64
    loc *time.Location
}

Creating type go-func-(1033)
Creating function (time.Time).appendFormatRFC3339 with type go-func-1033(1033)
Replacing existing synthetic bound method with concrete bound method
Added instruction: [5] t4 = Call static (time.Time).appendFormatRFC3339(t3,parameter: b []byte,parameter: nanos bool), RESULT []byte
Added no value instruction: [6] return ()
FINISHED adding instructions to (*time.Time).appendFormatRFC3339
    entry: (predecessors:  successors:  not reachable
        [0] t0 = Alloc local info(name: t, type: *time.Time, on stack), RESULT **time.Time
        [1] *t0 = receiver: t *time.Time
        [2] t1 = *t0, RESULT *time.Time
        [3] t2 = Call builtin (t1,'time.Time' :-go-string-,'appendFormatRFC3339' :-go-string-), RESULT *time.Time
        [4] t3 = *t2, RESULT time.Time{
    wall uint64
    ext int64
    loc *time.Location
}

        [5] t4 = Call static (time.Time).appendFormatRFC3339(t3,parameter: b []byte,parameter: nanos bool), RESULT []byte
        [6] return (t4)


ADDING instructions to (*time.Time).appendStrictRFC3339
Added instruction: [0] t0 = Alloc local info(name: t, type: *time.Time, on stack), RESULT **time.Time
Added no value instruction: [1] *t0 = receiver: t *time.Time
Added instruction: [2] t1 = *t0, RESULT *time.Time
Added instruction: [3] t2 = Call builtin (t1,'time.Time' :-go-string-,'appendStrictRFC3339' :-go-string-), RESULT *time.Time
Added instruction: [4] t3 = *t2, RESULT time.Time{
    wall uint64
    ext int64
    loc *time.Location
}

Creating type go-func-(1034)
Creating function (time.Time).appendStrictRFC3339 with type go-func-1034(1034)
Replacing existing synthetic bound method with concrete bound method
Added instruction: [5] t4 = Call static (time.Time).appendStrictRFC3339(t3,parameter: b []byte), RESULT *([]byte, error)-Ret-Type
Added instruction: [6] t5 = extract  field 0 from t4, RESULT []byte
Added instruction: [7] t6 = extract  field 1 from t4, RESULT error
Added no value instruction: [8] return ()
FINISHED adding instructions to (*time.Time).appendStrictRFC3339
    entry: (predecessors:  successors:  not reachable
        [0] t0 = Alloc local info(name: t, type: *time.Time, on stack), RESULT **time.Time
        [1] *t0 = receiver: t *time.Time
        [2] t1 = *t0, RESULT *time.Time
        [3] t2 = Call builtin (t1,'time.Time' :-go-string-,'appendStrictRFC3339' :-go-string-), RESULT *time.Time
        [4] t3 = *t2, RESULT time.Time{
    wall uint64
    ext int64
    loc *time.Location
}

        [5] t4 = Call static (time.Time).appendStrictRFC3339(t3,parameter: b []byte), RESULT *([]byte, error)-Ret-Type
        [6] t5 = extract  field 0 from t4, RESULT []byte
        [7] t6 = extract  field 1 from t4, RESULT error
        [8] return (t5,t6)


ADDING instructions to (*time.Time).appendTo
Added instruction: [0] t0 = Alloc local info(name: t, type: *time.Time, on stack), RESULT **time.Time
Added no value instruction: [1] *t0 = receiver: t *time.Time
Added instruction: [2] t1 = *t0, RESULT *time.Time
Added instruction: [3] t2 = Call builtin (t1,'time.Time' :-go-string-,'appendTo' :-go-string-), RESULT *time.Time
Added instruction: [4] t3 = *t2, RESULT time.Time{
    wall uint64
    ext int64
    loc *time.Location
}

Creating type go-func-(1035)
Creating function (time.Time).appendTo with type go-func-1035(1035)
Replacing existing synthetic bound method with concrete bound method
Added instruction: [5] t4 = Call static (time.Time).appendTo(t3,parameter: b []byte,parameter: errPrefix -go-string-), RESULT *([]byte, error)-Ret-Type
Added instruction: [6] t5 = extract  field 0 from t4, RESULT []byte
Added instruction: [7] t6 = extract  field 1 from t4, RESULT error
Added no value instruction: [8] return ()
FINISHED adding instructions to (*time.Time).appendTo
    entry: (predecessors:  successors:  not reachable
        [0] t0 = Alloc local info(name: t, type: *time.Time, on stack), RESULT **time.Time
        [1] *t0 = receiver: t *time.Time
        [2] t1 = *t0, RESULT *time.Time
        [3] t2 = Call builtin (t1,'time.Time' :-go-string-,'appendTo' :-go-string-), RESULT *time.Time
        [4] t3 = *t2, RESULT time.Time{
    wall uint64
    ext int64
    loc *time.Location
}

        [5] t4 = Call static (time.Time).appendTo(t3,parameter: b []byte,parameter: errPrefix -go-string-), RESULT *([]byte, error)-Ret-Type
        [6] t5 = extract  field 0 from t4, RESULT []byte
        [7] t6 = extract  field 1 from t4, RESULT error
        [8] return (t5,t6)


ADDING instructions to (*time.Time).locabs
Added instruction: [0] t0 = Alloc local info(name: t, type: *time.Time, on stack), RESULT **time.Time
Added no value instruction: [1] *t0 = receiver: t *time.Time
Added instruction: [2] t1 = *t0, RESULT *time.Time
Added instruction: [3] t2 = Call builtin (t1,'time.Time' :-go-string-,'locabs' :-go-string-), RESULT *time.Time
Added instruction: [4] t3 = *t2, RESULT time.Time{
    wall uint64
    ext int64
    loc *time.Location
}

Creating type go-func-(1036)
Creating function (time.Time).locabs with type go-func-1036(1036)
Replacing existing synthetic bound method with concrete bound method
Creating type (-go-string-, int, time.absSeconds)-Ret-Type(1037)
Creating type *(-go-string-, int, time.absSeconds)-Ret-Type(1038)
Base of just created pointer type is (-go-string-, int, time.absSeconds)-Ret-Type(1037)
Added instruction: [5] t4 = Call static (time.Time).locabs(t3), RESULT *(-go-string-, int, time.absSeconds)-Ret-Type
Added instruction: [6] t5 = extract  field 0 from t4, RESULT -go-string-
Added instruction: [7] t6 = extract  field 1 from t4, RESULT int
Added instruction: [8] t7 = extract  field 2 from t4, RESULT time.absSeconds
Added no value instruction: [9] return ()
FINISHED adding instructions to (*time.Time).locabs
    entry: (predecessors:  successors:  not reachable
        [0] t0 = Alloc local info(name: t, type: *time.Time, on stack), RESULT **time.Time
        [1] *t0 = receiver: t *time.Time
        [2] t1 = *t0, RESULT *time.Time
        [3] t2 = Call builtin (t1,'time.Time' :-go-string-,'locabs' :-go-string-), RESULT *time.Time
        [4] t3 = *t2, RESULT time.Time{
    wall uint64
    ext int64
    loc *time.Location
}

        [5] t4 = Call static (time.Time).locabs(t3), RESULT *(-go-string-, int, time.absSeconds)-Ret-Type
        [6] t5 = extract  field 0 from t4, RESULT -go-string-
        [7] t6 = extract  field 1 from t4, RESULT int
        [8] t7 = extract  field 2 from t4, RESULT time.absSeconds
        [9] return (t5,t6,t7)


ADDING instructions to (*time.Weekday).String
Creating type **time.Weekday(1039)
Base of just created pointer type is *time.Weekday(699)
Added instruction: [0] t0 = Alloc local info(name: d, type: *time.Weekday, on stack), RESULT **time.Weekday
Added no value instruction: [1] *t0 = receiver: d *time.Weekday
Added instruction: [2] t1 = *t0, RESULT *time.Weekday
Added instruction: [3] t2 = Call builtin (t1,'time.Weekday' :-go-string-,'String' :-go-string-), RESULT *time.Weekday
Added instruction: [4] t3 = *t2, RESULT time.Weekday
Creating type go-func-(1040)
Creating function (time.Weekday).String with type go-func-1040(1040)
Replacing existing synthetic bound method with concrete bound method
Added instruction: [5] t4 = Call static (time.Weekday).String(t3), RESULT -go-string-
Added no value instruction: [6] return ()
FINISHED adding instructions to (*time.Weekday).String
    entry: (predecessors:  successors:  not reachable
        [0] t0 = Alloc local info(name: d, type: *time.Weekday, on stack), RESULT **time.Weekday
        [1] *t0 = receiver: d *time.Weekday
        [2] t1 = *t0, RESULT *time.Weekday
        [3] t2 = Call builtin (t1,'time.Weekday' :-go-string-,'String' :-go-string-), RESULT *time.Weekday
        [4] t3 = *t2, RESULT time.Weekday
        [5] t4 = Call static (time.Weekday).String(t3), RESULT -go-string-
        [6] return (t4)


ADDING instructions to (*unicode.SpecialCase).ToLower
Creating type **unicode.SpecialCase(1041)
Base of just created pointer type is *unicode.SpecialCase(709)
Added instruction: [0] t0 = Alloc local info(name: special, type: *unicode.SpecialCase, on stack), RESULT **unicode.SpecialCase
Added no value instruction: [1] *t0 = receiver: special *unicode.SpecialCase
Added instruction: [2] t1 = *t0, RESULT *unicode.SpecialCase
Added instruction: [3] t2 = Call builtin (t1,'unicode.SpecialCase' :-go-string-,'ToLower' :-go-string-), RESULT *unicode.SpecialCase
Added instruction: [4] t3 = *t2, RESULT unicode.SpecialCase
Creating type go-func-(1042)
Creating function (unicode.SpecialCase).ToLower with type go-func-1042(1042)
Replacing existing synthetic bound method with concrete bound method
Added instruction: [5] t4 = Call static (unicode.SpecialCase).ToLower(t3,parameter: r rune), RESULT rune
Added no value instruction: [6] return ()
FINISHED adding instructions to (*unicode.SpecialCase).ToLower
    entry: (predecessors:  successors:  not reachable
        [0] t0 = Alloc local info(name: special, type: *unicode.SpecialCase, on stack), RESULT **unicode.SpecialCase
        [1] *t0 = receiver: special *unicode.SpecialCase
        [2] t1 = *t0, RESULT *unicode.SpecialCase
        [3] t2 = Call builtin (t1,'unicode.SpecialCase' :-go-string-,'ToLower' :-go-string-), RESULT *unicode.SpecialCase
        [4] t3 = *t2, RESULT unicode.SpecialCase
        [5] t4 = Call static (unicode.SpecialCase).ToLower(t3,parameter: r rune), RESULT rune
        [6] return (t4)


ADDING instructions to (*unicode.SpecialCase).ToTitle
Added instruction: [0] t0 = Alloc local info(name: special, type: *unicode.SpecialCase, on stack), RESULT **unicode.SpecialCase
Added no value instruction: [1] *t0 = receiver: special *unicode.SpecialCase
Added instruction: [2] t1 = *t0, RESULT *unicode.SpecialCase
Added instruction: [3] t2 = Call builtin (t1,'unicode.SpecialCase' :-go-string-,'ToTitle' :-go-string-), RESULT *unicode.SpecialCase
Added instruction: [4] t3 = *t2, RESULT unicode.SpecialCase
Creating type go-func-(1043)
Creating function (unicode.SpecialCase).ToTitle with type go-func-1043(1043)
Replacing existing synthetic bound method with concrete bound method
Added instruction: [5] t4 = Call static (unicode.SpecialCase).ToTitle(t3,parameter: r rune), RESULT rune
Added no value instruction: [6] return ()
FINISHED adding instructions to (*unicode.SpecialCase).ToTitle
    entry: (predecessors:  successors:  not reachable
        [0] t0 = Alloc local info(name: special, type: *unicode.SpecialCase, on stack), RESULT **unicode.SpecialCase
        [1] *t0 = receiver: special *unicode.SpecialCase
        [2] t1 = *t0, RESULT *unicode.SpecialCase
        [3] t2 = Call builtin (t1,'unicode.SpecialCase' :-go-string-,'ToTitle' :-go-string-), RESULT *unicode.SpecialCase
        [4] t3 = *t2, RESULT unicode.SpecialCase
        [5] t4 = Call static (unicode.SpecialCase).ToTitle(t3,parameter: r rune), RESULT rune
        [6] return (t4)


ADDING instructions to (*unicode.SpecialCase).ToUpper
Added instruction: [0] t0 = Alloc local info(name: special, type: *unicode.SpecialCase, on stack), RESULT **unicode.SpecialCase
Added no value instruction: [1] *t0 = receiver: special *unicode.SpecialCase
Added instruction: [2] t1 = *t0, RESULT *unicode.SpecialCase
Added instruction: [3] t2 = Call builtin (t1,'unicode.SpecialCase' :-go-string-,'ToUpper' :-go-string-), RESULT *unicode.SpecialCase
Added instruction: [4] t3 = *t2, RESULT unicode.SpecialCase
Creating type go-func-(1044)
Creating function (unicode.SpecialCase).ToUpper with type go-func-1044(1044)
Replacing existing synthetic bound method with concrete bound method
Added instruction: [5] t4 = Call static (unicode.SpecialCase).ToUpper(t3,parameter: r rune), RESULT rune
Added no value instruction: [6] return ()
FINISHED adding instructions to (*unicode.SpecialCase).ToUpper
    entry: (predecessors:  successors:  not reachable
        [0] t0 = Alloc local info(name: special, type: *unicode.SpecialCase, on stack), RESULT **unicode.SpecialCase
        [1] *t0 = receiver: special *unicode.SpecialCase
        [2] t1 = *t0, RESULT *unicode.SpecialCase
        [3] t2 = Call builtin (t1,'unicode.SpecialCase' :-go-string-,'ToUpper' :-go-string-), RESULT *unicode.SpecialCase
        [4] t3 = *t2, RESULT unicode.SpecialCase
        [5] t4 = Call static (unicode.SpecialCase).ToUpper(t3,parameter: r rune), RESULT rune
        [6] return (t4)


ADDING instructions to (internal/reflectlite.Value).kind
Added instruction: [0] t0 = Alloc local info(name: f, type: internal/reflectlite.Value, on stack), RESULT *internal/reflectlite.Value
Added no value instruction: [1] *t0 = receiver: f internal/reflectlite.Value
Added instruction: [2] t1 = &t0.[#2], RESULT *internal/reflectlite.flag
Added instruction: [3] t2 = *t1, RESULT internal/reflectlite.flag
Added instruction: [4] t3 = Call static (internal/reflectlite.flag).kind(t2), RESULT internal/abi.Kind
Added no value instruction: [5] return ()
FINISHED adding instructions to (internal/reflectlite.Value).kind
    entry: (predecessors:  successors:  not reachable
        [0] t0 = Alloc local info(name: f, type: internal/reflectlite.Value, on stack), RESULT *internal/reflectlite.Value
        [1] *t0 = receiver: f internal/reflectlite.Value
        [2] t1 = &t0.[#2], RESULT *internal/reflectlite.flag
        [3] t2 = *t1, RESULT internal/reflectlite.flag
        [4] t3 = Call static (internal/reflectlite.flag).kind(t2), RESULT internal/abi.Kind
        [5] return (t3)


ADDING instructions to (internal/reflectlite.Value).mustBeAssignable
Added instruction: [0] t0 = Alloc local info(name: f, type: internal/reflectlite.Value, on stack), RESULT *internal/reflectlite.Value
Added no value instruction: [1] *t0 = receiver: f internal/reflectlite.Value
Added instruction: [2] t1 = &t0.[#2], RESULT *internal/reflectlite.flag
Added instruction: [3] t2 = *t1, RESULT internal/reflectlite.flag
Added instruction: [4] t3 = Call static (internal/reflectlite.flag).mustBeAssignable(t2), RESULT void
Added no value instruction: [5] return ()
FINISHED adding instructions to (internal/reflectlite.Value).mustBeAssignable
    entry: (predecessors:  successors:  not reachable
        [0] t0 = Alloc local info(name: f, type: internal/reflectlite.Value, on stack), RESULT *internal/reflectlite.Value
        [1] *t0 = receiver: f internal/reflectlite.Value
        [2] t1 = &t0.[#2], RESULT *internal/reflectlite.flag
        [3] t2 = *t1, RESULT internal/reflectlite.flag
        [4] t3 = Call static (internal/reflectlite.flag).mustBeAssignable(t2), RESULT void
        [5] return ()


ADDING instructions to (internal/reflectlite.Value).mustBeExported
Added instruction: [0] t0 = Alloc local info(name: f, type: internal/reflectlite.Value, on stack), RESULT *internal/reflectlite.Value
Added no value instruction: [1] *t0 = receiver: f internal/reflectlite.Value
Added instruction: [2] t1 = &t0.[#2], RESULT *internal/reflectlite.flag
Added instruction: [3] t2 = *t1, RESULT internal/reflectlite.flag
Added instruction: [4] t3 = Call static (internal/reflectlite.flag).mustBeExported(t2), RESULT void
Added no value instruction: [5] return ()
FINISHED adding instructions to (internal/reflectlite.Value).mustBeExported
    entry: (predecessors:  successors:  not reachable
        [0] t0 = Alloc local info(name: f, type: internal/reflectlite.Value, on stack), RESULT *internal/reflectlite.Value
        [1] *t0 = receiver: f internal/reflectlite.Value
        [2] t1 = &t0.[#2], RESULT *internal/reflectlite.flag
        [3] t2 = *t1, RESULT internal/reflectlite.flag
        [4] t3 = Call static (internal/reflectlite.flag).mustBeExported(t2), RESULT void
        [5] return ()


ADDING instructions to (internal/reflectlite.Value).ro
Added instruction: [0] t0 = Alloc local info(name: f, type: internal/reflectlite.Value, on stack), RESULT *internal/reflectlite.Value
Added no value instruction: [1] *t0 = receiver: f internal/reflectlite.Value
Added instruction: [2] t1 = &t0.[#2], RESULT *internal/reflectlite.flag
Added instruction: [3] t2 = *t1, RESULT internal/reflectlite.flag
Added instruction: [4] t3 = Call static (internal/reflectlite.flag).ro(t2), RESULT internal/reflectlite.flag
Added no value instruction: [5] return ()
FINISHED adding instructions to (internal/reflectlite.Value).ro
    entry: (predecessors:  successors:  not reachable
        [0] t0 = Alloc local info(name: f, type: internal/reflectlite.Value, on stack), RESULT *internal/reflectlite.Value
        [1] *t0 = receiver: f internal/reflectlite.Value
        [2] t1 = &t0.[#2], RESULT *internal/reflectlite.flag
        [3] t2 = *t1, RESULT internal/reflectlite.flag
        [4] t3 = Call static (internal/reflectlite.flag).ro(t2), RESULT internal/reflectlite.flag
        [5] return (t3)


ADDING instructions to (os.File).close
Added instruction: [0] t0 = Alloc local info(name: file, type: os.File, on stack), RESULT *os.File
Added no value instruction: [1] *t0 = receiver: file os.File
Added instruction: [2] t1 = &t0.[#0], RESULT **os.file
Added instruction: [3] t2 = *t1, RESULT *os.file
Added instruction: [4] t3 = Call static (*os.file).close(t2), RESULT error
Added no value instruction: [5] return ()
FINISHED adding instructions to (os.File).close
    entry: (predecessors:  successors:  not reachable
        [0] t0 = Alloc local info(name: file, type: os.File, on stack), RESULT *os.File
        [1] *t0 = receiver: file os.File
        [2] t1 = &t0.[#0], RESULT **os.file
        [3] t2 = *t1, RESULT *os.file
        [4] t3 = Call static (*os.file).close(t2), RESULT error
        [5] return (t3)


ADDING instructions to (reflect.Value).kind
Added instruction: [0] t0 = Alloc local info(name: f, type: reflect.Value, on stack), RESULT *reflect.Value
Added no value instruction: [1] *t0 = receiver: f reflect.Value
Added instruction: [2] t1 = &t0.[#2], RESULT *reflect.flag
Added instruction: [3] t2 = *t1, RESULT reflect.flag
Added instruction: [4] t3 = Call static (reflect.flag).kind(t2), RESULT reflect.Kind
Added no value instruction: [5] return ()
FINISHED adding instructions to (reflect.Value).kind
    entry: (predecessors:  successors:  not reachable
        [0] t0 = Alloc local info(name: f, type: reflect.Value, on stack), RESULT *reflect.Value
        [1] *t0 = receiver: f reflect.Value
        [2] t1 = &t0.[#2], RESULT *reflect.flag
        [3] t2 = *t1, RESULT reflect.flag
        [4] t3 = Call static (reflect.flag).kind(t2), RESULT reflect.Kind
        [5] return (t3)


ADDING instructions to (reflect.Value).mustBe
Added instruction: [0] t0 = Alloc local info(name: f, type: reflect.Value, on stack), RESULT *reflect.Value
Added no value instruction: [1] *t0 = receiver: f reflect.Value
Added instruction: [2] t1 = &t0.[#2], RESULT *reflect.flag
Added instruction: [3] t2 = *t1, RESULT reflect.flag
Added instruction: [4] t3 = Call static (reflect.flag).mustBe(t2,parameter: expected reflect.Kind), RESULT void
Added no value instruction: [5] return ()
FINISHED adding instructions to (reflect.Value).mustBe
    entry: (predecessors:  successors:  not reachable
        [0] t0 = Alloc local info(name: f, type: reflect.Value, on stack), RESULT *reflect.Value
        [1] *t0 = receiver: f reflect.Value
        [2] t1 = &t0.[#2], RESULT *reflect.flag
        [3] t2 = *t1, RESULT reflect.flag
        [4] t3 = Call static (reflect.flag).mustBe(t2,parameter: expected reflect.Kind), RESULT void
        [5] return ()


ADDING instructions to (reflect.Value).mustBeAssignable
Added instruction: [0] t0 = Alloc local info(name: f, type: reflect.Value, on stack), RESULT *reflect.Value
Added no value instruction: [1] *t0 = receiver: f reflect.Value
Added instruction: [2] t1 = &t0.[#2], RESULT *reflect.flag
Added instruction: [3] t2 = *t1, RESULT reflect.flag
Added instruction: [4] t3 = Call static (reflect.flag).mustBeAssignable(t2), RESULT void
Added no value instruction: [5] return ()
FINISHED adding instructions to (reflect.Value).mustBeAssignable
    entry: (predecessors:  successors:  not reachable
        [0] t0 = Alloc local info(name: f, type: reflect.Value, on stack), RESULT *reflect.Value
        [1] *t0 = receiver: f reflect.Value
        [2] t1 = &t0.[#2], RESULT *reflect.flag
        [3] t2 = *t1, RESULT reflect.flag
        [4] t3 = Call static (reflect.flag).mustBeAssignable(t2), RESULT void
        [5] return ()


ADDING instructions to (reflect.Value).mustBeAssignableSlow
Added instruction: [0] t0 = Alloc local info(name: f, type: reflect.Value, on stack), RESULT *reflect.Value
Added no value instruction: [1] *t0 = receiver: f reflect.Value
Added instruction: [2] t1 = &t0.[#2], RESULT *reflect.flag
Added instruction: [3] t2 = *t1, RESULT reflect.flag
Added instruction: [4] t3 = Call static (reflect.flag).mustBeAssignableSlow(t2), RESULT void
Added no value instruction: [5] return ()
FINISHED adding instructions to (reflect.Value).mustBeAssignableSlow
    entry: (predecessors:  successors:  not reachable
        [0] t0 = Alloc local info(name: f, type: reflect.Value, on stack), RESULT *reflect.Value
        [1] *t0 = receiver: f reflect.Value
        [2] t1 = &t0.[#2], RESULT *reflect.flag
        [3] t2 = *t1, RESULT reflect.flag
        [4] t3 = Call static (reflect.flag).mustBeAssignableSlow(t2), RESULT void
        [5] return ()


ADDING instructions to (reflect.Value).mustBeExported
Added instruction: [0] t0 = Alloc local info(name: f, type: reflect.Value, on stack), RESULT *reflect.Value
Added no value instruction: [1] *t0 = receiver: f reflect.Value
Added instruction: [2] t1 = &t0.[#2], RESULT *reflect.flag
Added instruction: [3] t2 = *t1, RESULT reflect.flag
Added instruction: [4] t3 = Call static (reflect.flag).mustBeExported(t2), RESULT void
Added no value instruction: [5] return ()
FINISHED adding instructions to (reflect.Value).mustBeExported
    entry: (predecessors:  successors:  not reachable
        [0] t0 = Alloc local info(name: f, type: reflect.Value, on stack), RESULT *reflect.Value
        [1] *t0 = receiver: f reflect.Value
        [2] t1 = &t0.[#2], RESULT *reflect.flag
        [3] t2 = *t1, RESULT reflect.flag
        [4] t3 = Call static (reflect.flag).mustBeExported(t2), RESULT void
        [5] return ()


ADDING instructions to (reflect.Value).mustBeExportedSlow
Added instruction: [0] t0 = Alloc local info(name: f, type: reflect.Value, on stack), RESULT *reflect.Value
Added no value instruction: [1] *t0 = receiver: f reflect.Value
Added instruction: [2] t1 = &t0.[#2], RESULT *reflect.flag
Added instruction: [3] t2 = *t1, RESULT reflect.flag
Added instruction: [4] t3 = Call static (reflect.flag).mustBeExportedSlow(t2), RESULT void
Added no value instruction: [5] return ()
FINISHED adding instructions to (reflect.Value).mustBeExportedSlow
    entry: (predecessors:  successors:  not reachable
        [0] t0 = Alloc local info(name: f, type: reflect.Value, on stack), RESULT *reflect.Value
        [1] *t0 = receiver: f reflect.Value
        [2] t1 = &t0.[#2], RESULT *reflect.flag
        [3] t2 = *t1, RESULT reflect.flag
        [4] t3 = Call static (reflect.flag).mustBeExportedSlow(t2), RESULT void
        [5] return ()


ADDING instructions to (reflect.Value).panicNotMap
Added instruction: [0] t0 = Alloc local info(name: f, type: reflect.Value, on stack), RESULT *reflect.Value
Added no value instruction: [1] *t0 = receiver: f reflect.Value
Added instruction: [2] t1 = &t0.[#2], RESULT *reflect.flag
Added instruction: [3] t2 = *t1, RESULT reflect.flag
Added instruction: [4] t3 = Call static (reflect.flag).panicNotMap(t2), RESULT void
Added no value instruction: [5] return ()
FINISHED adding instructions to (reflect.Value).panicNotMap
    entry: (predecessors:  successors:  not reachable
        [0] t0 = Alloc local info(name: f, type: reflect.Value, on stack), RESULT *reflect.Value
        [1] *t0 = receiver: f reflect.Value
        [2] t1 = &t0.[#2], RESULT *reflect.flag
        [3] t2 = *t1, RESULT reflect.flag
        [4] t3 = Call static (reflect.flag).panicNotMap(t2), RESULT void
        [5] return ()


ADDING instructions to (reflect.Value).ro
Added instruction: [0] t0 = Alloc local info(name: f, type: reflect.Value, on stack), RESULT *reflect.Value
Added no value instruction: [1] *t0 = receiver: f reflect.Value
Added instruction: [2] t1 = &t0.[#2], RESULT *reflect.flag
Added instruction: [3] t2 = *t1, RESULT reflect.flag
Added instruction: [4] t3 = Call static (reflect.flag).ro(t2), RESULT reflect.flag
Added no value instruction: [5] return ()
FINISHED adding instructions to (reflect.Value).ro
    entry: (predecessors:  successors:  not reachable
        [0] t0 = Alloc local info(name: f, type: reflect.Value, on stack), RESULT *reflect.Value
        [1] *t0 = receiver: f reflect.Value
        [2] t1 = &t0.[#2], RESULT *reflect.flag
        [3] t2 = *t1, RESULT reflect.flag
        [4] t3 = Call static (reflect.flag).ro(t2), RESULT reflect.flag
        [5] return (t3)


ADDING instructions to (runtime.Pinner).unpin
Added instruction: [0] t0 = Alloc local info(name: p, type: runtime.Pinner, on stack), RESULT *runtime.Pinner
Added no value instruction: [1] *t0 = receiver: p runtime.Pinner
Added instruction: [2] t1 = &t0.[#0], RESULT **runtime.pinner
Added instruction: [3] t2 = *t1, RESULT *runtime.pinner
Added instruction: [4] t3 = Call static (*runtime.pinner).unpin(t2), RESULT void
Added no value instruction: [5] return ()
FINISHED adding instructions to (runtime.Pinner).unpin
    entry: (predecessors:  successors:  not reachable
        [0] t0 = Alloc local info(name: p, type: runtime.Pinner, on stack), RESULT *runtime.Pinner
        [1] *t0 = receiver: p runtime.Pinner
        [2] t1 = &t0.[#0], RESULT **runtime.pinner
        [3] t2 = *t1, RESULT *runtime.pinner
        [4] t3 = Call static (*runtime.pinner).unpin(t2), RESULT void
        [5] return ()

Adding function command-line-arguments.init (Package Initializer Function) to translate list

ADDING instructions to command-line-arguments.init
Added instruction: [0] t0 = *var command-line-arguments.init$guard bool, RESULT bool
Added no value instruction: [1] if t0 init.done(2) else init.start(1)
Added no value instruction: [2] *var command-line-arguments.init$guard bool = 1:bool
Creating type go-func-(1045)
Creating function fmt.init with type go-func-1045(1045)
Added instruction: [3] t1 = Call static fmt.init(), RESULT void
Added no value instruction: [4] jump init.done
Added no value instruction: [5] return ()
FINISHED adding instructions to command-line-arguments.init
    entry: (predecessors:  successors: init.done, init.start,  not reachable
        [0] t0 = *var command-line-arguments.init$guard bool, RESULT bool
        [1] if t0 init.done(2) else init.start(1)
    init.start: (predecessors: entry,  successors: init.done,  not reachable
        [2] *var command-line-arguments.init$guard bool = 1:bool
        [3] t1 = Call static fmt.init(), RESULT void
        [4] jump init.done
    init.done: (predecessors: entry, init.start,  successors:  not reachable
        [5] return ()

Adding function command-line-arguments.main (Function) to translate list

ADDING instructions to command-line-arguments.main
Added instruction: [0] t0 = Call builtin (), RESULT *deferStack
Creating type **deferStack(1046)
Base of just created pointer type is *deferStack(37)
Added instruction: [1] t1 = Alloc local info(name: defer$stack, type: *deferStack, on stack), RESULT **deferStack
Added no value instruction: [2] *t1 = t0
Creating type -go-any[1](1047)
Creating type *-go-any[1](1048)
Base of just created pointer type is -go-any[1](1047)
Added instruction: [3] t2 = Alloc new info(name: varargs, type: -go-any[1], on heap), RESULT *-go-any[1]
Creating type *-go-any(1049)
Base of just created pointer type is -go-any(0)
Added instruction: [4] t3 = &t2[0:int], RESULT *-go-any
Added instruction: [5] t4 = make interface 'hello world' :-go-string-, RESULT -go-any
Added no value instruction: [6] *t3 = t4
Creating type []-go-any(1050)
Added instruction: [7] t5 = slice t2[NULL:NULL:NULL], RESULT []-go-any
Creating type go-func-(1051)
Creating function fmt.Println with type go-func-1051(1051)
Added instruction: [8] t6 = Call static fmt.Println(t5), RESULT *(int, error)-Ret-Type
Added no value instruction: [9] rundefers
Added no value instruction: [10] return ()
FINISHED adding instructions to command-line-arguments.main
    entry: (predecessors:  successors:  not reachable
        [0] t0 = Call builtin (), RESULT *deferStack
        [1] t1 = Alloc local info(name: defer$stack, type: *deferStack, on stack), RESULT **deferStack
        [2] *t1 = t0
        [3] t2 = Alloc new info(name: varargs, type: -go-any[1], on heap), RESULT *-go-any[1]
        [4] t3 = &t2[0:int], RESULT *-go-any
        [5] t4 = make interface 'hello world' :-go-string-, RESULT -go-any
        [6] *t3 = t4
        [7] t5 = slice t2[NULL:NULL:NULL], RESULT []-go-any
        [8] t6 = Call static fmt.Println(t5), RESULT *(int, error)-Ret-Type
        [9] rundefers
        [10] return ()

Adding function unsafe.init (Package Initializer Function) to translate list

ADDING instructions to unsafe.init
Added instruction: [0] t0 = *var unsafe.init$guard bool, RESULT bool
Added no value instruction: [1] if t0 init.done(2) else init.start(1)
Added no value instruction: [2] *var unsafe.init$guard bool = 1:bool
Added no value instruction: [3] jump init.done
Added no value instruction: [4] return ()
FINISHED adding instructions to unsafe.init
    entry: (predecessors:  successors: init.done, init.start,  not reachable
        [0] t0 = *var unsafe.init$guard bool, RESULT bool
        [1] if t0 init.done(2) else init.start(1)
    init.start: (predecessors: entry,  successors: init.done,  not reachable
        [2] *var unsafe.init$guard bool = 1:bool
        [3] jump init.done
    init.done: (predecessors: entry, init.start,  successors:  not reachable
        [4] return ()

Finished finalising 7 interface types.
Creating Module go-application.bc
===============================================
  TRANSLATING Package Initializer Function command-line-arguments.init in <UnknownFile>:1:1
Got 3 blocks
Instructions for function command-line-arguments.init:
    entry: (predecessors:  successors: init.done, init.start,  reachable
        [0] t0 = *var command-line-arguments.init$guard bool, RESULT bool
        [1] if t0 init.done(2) else init.start(1)
    init.start: (predecessors: entry,  successors: init.done,  reachable
        [2] *var command-line-arguments.init$guard bool = 1:bool
        [3] t1 = Call static fmt.init(), RESULT void
        [4] jump init.done
    init.done: (predecessors: entry, init.start,  successors:  reachable
        [5] return ()

Translating block entry with instructions from 0 to 2

Translating instruction STAR in command-line-arguments.init:
    [0] t0 = *var command-line-arguments.init$guard bool, RESULT bool
result:
Value:   %t0 = load i1, i1* @"command-line-arguments.init$guard", align 1, !dbg !13
Type: i1
expectedType: i1

Translating instruction If in command-line-arguments.init:
    [1] if t0 init.done(2) else init.start(1)
branch   %t0 = load i1, i1* @"command-line-arguments.init$guard", align 1, !dbg !13
Translating block init.start with instructions from 2 to 5

Translating instruction Store in command-line-arguments.init:
    [2] *var command-line-arguments.init$guard bool = 1:bool
Storing non struct value
Value: i1 true
Type: i1
into address
Value: @"command-line-arguments.init$guard" = weak global i1 false, !dbg !0
Type: i1*

Translating instruction StaticFunctionCall in command-line-arguments.init:
    [3] t1 = Call static fmt.init(), RESULT void
Checking actuals for call to function type: void ()

Translating instruction Jump in command-line-arguments.init:
    [4] jump init.done
Translating block init.done with instructions from 5 to 6

Translating instruction Return in command-line-arguments.init:
    [5] return ()
CODE PRODUCED:
define weak void @command-line-arguments.init() personality void ()* @parfait.llvmgen-except-personality !dbg !8 !endloc !12 {
entry:
  %t0 = load i1, i1* @"command-line-arguments.init$guard", align 1, !dbg !13
  br i1 %t0, label %init.done, label %init.start, !dbg !13

init.done:                                        ; preds = %init.start, %entry
  ret void, !dbg !13

init.start:                                       ; preds = %entry
  store i1 true, i1* @"command-line-arguments.init$guard", align 1, !dbg !13
  call void @fmt.init(), !dbg !13
  br label %init.done, !dbg !13
}

Finished translating blocks
No entry block to connect
===============================================
  TRANSLATING Function command-line-arguments.main in /Users/smlobo/test/Go/hello-world.go:5:6
In createParsAndLocals
  with 0 parameters and 2 locals
define weak void @command-line-arguments.main() personality void ()* @parfait.llvmgen-except-personality !dbg !16 !endloc !18 {
entry:
}

0 arguments
Allocating local defer$stack *deferStack (local/par index = ) 0
Allocating local varargs *-go-any[1] (local/par index = ) 1
Created llvm struct type for unique name: [1]-go-any
%"[1]-go-any" = type { i64, %-go-any** }
Created value for local varargs with alloc index 3:   %varargs = alloca %"[1]-go-any"*, align 8, !dbg !15
Finished createParsAndLocals
Got 1 blocks
Instructions for function command-line-arguments.main:
    entry: (predecessors:  successors:  reachable
        [0] t0 = Call builtin (), RESULT *deferStack
        [1] t1 = Alloc local info(name: defer$stack, type: *deferStack, on stack), RESULT **deferStack
        [2] *t1 = t0
        [3] t2 = Alloc new info(name: varargs, type: -go-any[1], on heap), RESULT *-go-any[1]
        [4] t3 = &t2[0:int], RESULT *-go-any
        [5] t4 = make interface 'hello world' :-go-string-, RESULT -go-any
        [6] *t3 = t4
        [7] t5 = slice t2[NULL:NULL:NULL], RESULT []-go-any
        [8] t6 = Call static fmt.Println(t5), RESULT *(int, error)-Ret-Type
        [9] rundefers
        [10] return ()

Translating block entry with instructions from 0 to 11

NOT Translating instruction CallBuiltIn in command-line-arguments.main:
    [0] t0 = Call builtin (), RESULT *deferStack

NOT Translating instruction Alloc in command-line-arguments.main:
    [1] t1 = Alloc local info(name: defer$stack, type: *deferStack, on stack), RESULT **deferStack

    Not translating instruction: [2] *t1 = t0
    Dependent on: [1] t1 = Alloc local info(name: defer$stack, type: *deferStack, on stack), RESULT **deferStack
NOT Translating instruction Store in command-line-arguments.main:
    [2] *t1 = t0

Translating instruction Alloc in command-line-arguments.main:
    [3] t2 = Alloc new info(name: varargs, type: -go-any[1], on heap), RESULT *-go-any[1]
Allocating heap variable of type %"[1]-go-any" = type { i64, %-go-any** }
Value:   %0 = call i8* (...) @-go-new-array(i64 8, i64 1), !dbg !15
Type: i8*
Casting return from new to %"[1]-go-any"*
Value:   %1 = bitcast i8* %0 to %"[1]-go-any"*, !dbg !15
Type: %"[1]-go-any"*
Done the cast, now assigning to
Value:   %t2 = alloca %"[1]-go-any"*, align 8, !dbg !15
Type: %"[1]-go-any"**

Translating instruction IndexAddr in command-line-arguments.main:
    [4] t3 = &t2[0:int], RESULT *-go-any
result:
Value:   %t3 = getelementptr %-go-any*, %-go-any** %4, i64 0, !dbg !15
Type: %-go-any**
expectedType: %-go-any**

Translating instruction MakeInterface in command-line-arguments.main:
    [5] t4 = make interface 'hello world' :-go-string-, RESULT -go-any
Created llvm struct type for unique name: -go-string-
%-go-string- = type { i64, i8* }
result:
Value:   %t4 = call %-go-any* (...) @-go-make-interface(%-go-string- %5), !dbg !15
Type: %-go-any*
expectedType: %-go-any*

Translating instruction Store in command-line-arguments.main:
    [6] *t3 = t4
Storing non struct value
Value:   %t4 = call %-go-any* (...) @-go-make-interface(%-go-string- %5), !dbg !15
Type: %-go-any*
into address
Value:   %t3 = getelementptr %-go-any*, %-go-any** %4, i64 0, !dbg !15
Type: %-go-any**

Translating instruction Slice in command-line-arguments.main:
    [7] t5 = slice t2[NULL:NULL:NULL], RESULT []-go-any
Low, high and max values for slice are all null
Created llvm reference struct type for unique name: []-go-any
%"[]-go-any"*
result of slice intrinsic call
Value:   %7 = call i8* (...) @-go-slice(%"[1]-go-any"* %6), !dbg !15
Type: i8*
slice type for result %"[]-go-any"*
result:
Value:   %t5 = bitcast i8* %7 to %"[]-go-any"*, !dbg !15
Type: %"[]-go-any"*
expectedType: %"[]-go-any"*

Translating instruction StaticFunctionCall in command-line-arguments.main:
    [8] t6 = Call static fmt.Println(t5), RESULT *(int, error)-Ret-Type
Created llvm struct type for unique name: (int, error)-Ret-Type
%"(int, error)-Ret-Type" = type { i64, %error* }
Checking actuals for call to function type: %"(int, error)-Ret-Type"* (%"[]-go-any"*)

Actual 0:
Value:   %t5 = bitcast i8* %7 to %"[]-go-any"*, !dbg !15
Type: %"[]-go-any"*
Formal type: %"[]-go-any"*
result:
Value:   %t6 = call %"(int, error)-Ret-Type"* @fmt.Println(%"[]-go-any"* %t5), !dbg !27
Type: %"(int, error)-Ret-Type"*
expectedType: %"(int, error)-Ret-Type"*

Translating instruction RunDefers in command-line-arguments.main:
    [9] rundefers

Translating instruction Return in command-line-arguments.main:
    [10] return ()
CODE PRODUCED:
define weak void @command-line-arguments.main() personality void ()* @parfait.llvmgen-except-personality !dbg !16 !endloc !18 {
entry:
  %t2 = alloca %"[1]-go-any"*, align 8, !dbg !19
  call void @llvm.dbg.declare(metadata %"[1]-go-any"** %t2, metadata !20, metadata !DIExpression()), !dbg !19

entry1:                                           ; No predecessors!
  %0 = call i8* (...) @-go-new-array(i64 8, i64 1), !dbg !19
  %1 = bitcast i8* %0 to %"[1]-go-any"*, !dbg !19
  store %"[1]-go-any"* %1, %"[1]-go-any"** %t2, align 8, !dbg !19
  %2 = load %"[1]-go-any"*, %"[1]-go-any"** %t2, align 8, !dbg !19
  %3 = getelementptr %"[1]-go-any", %"[1]-go-any"* %2, i32 0, i32 1, !dbg !19
  %4 = load %-go-any**, %-go-any*** %3, align 8, !dbg !19
  %t3 = getelementptr %-go-any*, %-go-any** %4, i64 0, !dbg !19
  %5 = load %-go-string-, %-go-string-* @"-Go-String-Literal-hello world", align 8, !dbg !19
  %t4 = call %-go-any* (...) @-go-make-interface(%-go-string- %5), !dbg !19
  store %-go-any* %t4, %-go-any** %t3, align 8, !dbg !19
  %6 = load %"[1]-go-any"*, %"[1]-go-any"** %t2, align 8, !dbg !19
  %7 = call i8* (...) @-go-slice(%"[1]-go-any"* %6), !dbg !19
  %t5 = bitcast i8* %7 to %"[]-go-any"*, !dbg !19
  %t6 = call %"(int, error)-Ret-Type"* @fmt.Println(%"[]-go-any"* %t5), !dbg !31
  call void @-go-run-defers(), !dbg !31
  ret void, !dbg !31
}

Finished translating blocks
Connecting entry block:

entry:
  %t2 = alloca %"[1]-go-any"*, align 8, !dbg !15
  call void @llvm.dbg.declare(metadata %"[1]-go-any"** %t2, metadata !16, metadata !DIExpression()), !dbg !15


New entry block:

entry:
  %t2 = alloca %"[1]-go-any"*, align 8, !dbg !15
  call void @llvm.dbg.declare(metadata %"[1]-go-any"** %t2, metadata !16, metadata !DIExpression()), !dbg !15
  %0 = call i8* (...) @-go-new-array(i64 8, i64 1), !dbg !15
  %1 = bitcast i8* %0 to %"[1]-go-any"*, !dbg !15
  store %"[1]-go-any"* %1, %"[1]-go-any"** %t2, align 8, !dbg !15
  %2 = load %"[1]-go-any"*, %"[1]-go-any"** %t2, align 8, !dbg !15
  %3 = getelementptr %"[1]-go-any", %"[1]-go-any"* %2, i32 0, i32 1, !dbg !15
  %4 = load %-go-any**, %-go-any*** %3, align 8, !dbg !15
  %t3 = getelementptr %-go-any*, %-go-any** %4, i64 0, !dbg !15
  %5 = load %-go-string-, %-go-string-* @"-Go-String-Literal-hello world", align 8, !dbg !15
  %t4 = call %-go-any* (...) @-go-make-interface(%-go-string- %5), !dbg !15
  store %-go-any* %t4, %-go-any** %t3, align 8, !dbg !15
  %6 = load %"[1]-go-any"*, %"[1]-go-any"** %t2, align 8, !dbg !15
  %7 = call i8* (...) @-go-slice(%"[1]-go-any"* %6), !dbg !15
  %t5 = bitcast i8* %7 to %"[]-go-any"*, !dbg !15
  %t6 = call %"(int, error)-Ret-Type"* @fmt.Println(%"[]-go-any"* %t5), !dbg !27
  call void @-go-run-defers(), !dbg !27
  ret void, !dbg !27

===============================================
  TRANSLATING Package Initializer Function unsafe.init in <UnknownFile>:1:1
Got 3 blocks
Instructions for function unsafe.init:
    entry: (predecessors:  successors: init.done, init.start,  reachable
        [0] t0 = *var unsafe.init$guard bool, RESULT bool
        [1] if t0 init.done(2) else init.start(1)
    init.start: (predecessors: entry,  successors: init.done,  reachable
        [2] *var unsafe.init$guard bool = 1:bool
        [3] jump init.done
    init.done: (predecessors: entry, init.start,  successors:  reachable
        [4] return ()

Translating block entry with instructions from 0 to 2

Translating instruction STAR in unsafe.init:
    [0] t0 = *var unsafe.init$guard bool, RESULT bool
result:
Value:   %t0 = load i1, i1* @"unsafe.init$guard", align 1, !dbg !17
Type: i1
expectedType: i1

Translating instruction If in unsafe.init:
    [1] if t0 init.done(2) else init.start(1)
branch   %t0 = load i1, i1* @"unsafe.init$guard", align 1, !dbg !17
Translating block init.start with instructions from 2 to 4

Translating instruction Store in unsafe.init:
    [2] *var unsafe.init$guard bool = 1:bool
Storing non struct value
Value: i1 true
Type: i1
into address
Value: @"unsafe.init$guard" = weak global i1 false, !dbg !4
Type: i1*

Translating instruction Jump in unsafe.init:
    [3] jump init.done
Translating block init.done with instructions from 4 to 5

Translating instruction Return in unsafe.init:
    [4] return ()
CODE PRODUCED:
define weak void @unsafe.init() personality void ()* @parfait.llvmgen-except-personality !dbg !34 !endloc !36 {
entry:
  %t0 = load i1, i1* @"unsafe.init$guard", align 1, !dbg !37
  br i1 %t0, label %init.done, label %init.start, !dbg !37

init.done:                                        ; preds = %init.start, %entry
  ret void, !dbg !37

init.start:                                       ; preds = %entry
  store i1 true, i1* @"unsafe.init$guard", align 1, !dbg !37
  br label %init.done, !dbg !37
}

Finished translating blocks
No entry block to connect
Finalizing module go-application.bc
Creating runtime descriptors for list of 0
Writing Parfait metadata lists
Finished writing Parfait metadata lists
Verifying module go-application.bc
  - module verified OK
Writing module to go-application.bc
Finished writing module
; ModuleID = 'go-application.bc'
source_filename = "go-application.bc"

%0 = type { i32, void ()*, i8* }
%-go-string- = type { i64, i8* }
%"[1]-go-any" = type { i64, %-go-any** }
%-go-any = type opaque
%"[]-go-any" = type { i64, %-go-any**, i64 }
%"(int, error)-Ret-Type" = type { i64, %error* }
%error = type opaque

@"command-line-arguments.init$guard" = weak global i1 false, !dbg !0
@-Go-String- = internal constant [11 x i8] c"hello world"
@"-Go-String-Literal-hello world" = weak constant %-go-string- { i64 11, i8* getelementptr inbounds ([11 x i8], [11 x i8]* @-Go-String-, i32 0, i32 0) }
@"unsafe.init$guard" = weak global i1 false, !dbg !4
@llvm.global_ctors = appending global [2 x %0] [%0 { i32 1, void ()* @command-line-arguments.init, i8* null }, %0 { i32 2, void ()* @unsafe.init, i8* null }]

define weak void @command-line-arguments.init() personality void ()* @parfait.llvmgen-except-personality !dbg !45 !endloc !46 {
entry:
  %t0 = load i1, i1* @"command-line-arguments.init$guard", align 1, !dbg !47
  br i1 %t0, label %init.done, label %init.start, !dbg !47

init.done:                                        ; preds = %init.start, %entry
  ret void, !dbg !47

init.start:                                       ; preds = %entry
  store i1 true, i1* @"command-line-arguments.init$guard", align 1, !dbg !47
  call void @fmt.init(), !dbg !47
  br label %init.done, !dbg !47
}

declare void @parfait.llvmgen-except-personality()

declare void @fmt.init()

define weak void @command-line-arguments.main() personality void ()* @parfait.llvmgen-except-personality !dbg !48 !endloc !49 {
entry:
  %t2 = alloca %"[1]-go-any"*, align 8, !dbg !50
  call void @llvm.dbg.declare(metadata %"[1]-go-any"** %t2, metadata !51, metadata !DIExpression()), !dbg !50
  %0 = call i8* (...) @-go-new-array(i64 8, i64 1), !dbg !50
  %1 = bitcast i8* %0 to %"[1]-go-any"*, !dbg !50
  store %"[1]-go-any"* %1, %"[1]-go-any"** %t2, align 8, !dbg !50
  %2 = load %"[1]-go-any"*, %"[1]-go-any"** %t2, align 8, !dbg !50
  %3 = getelementptr %"[1]-go-any", %"[1]-go-any"* %2, i32 0, i32 1, !dbg !50
  %4 = load %-go-any**, %-go-any*** %3, align 8, !dbg !50
  %t3 = getelementptr %-go-any*, %-go-any** %4, i64 0, !dbg !50
  %5 = load %-go-string-, %-go-string-* @"-Go-String-Literal-hello world", align 8, !dbg !50
  %t4 = call %-go-any* (...) @-go-make-interface(%-go-string- %5), !dbg !50
  store %-go-any* %t4, %-go-any** %t3, align 8, !dbg !50
  %6 = load %"[1]-go-any"*, %"[1]-go-any"** %t2, align 8, !dbg !50
  %7 = call i8* (...) @-go-slice(%"[1]-go-any"* %6), !dbg !50
  %t5 = bitcast i8* %7 to %"[]-go-any"*, !dbg !50
  %t6 = call %"(int, error)-Ret-Type"* @fmt.Println(%"[]-go-any"* %t5), !dbg !57
  call void @-go-run-defers(), !dbg !57
  ret void, !dbg !57
}

; Function Attrs: nocallback nofree nosync nounwind readnone speculatable willreturn
declare void @llvm.dbg.declare(metadata %0, metadata %1, metadata %2) #0

declare i8* @-go-new-array(...)

declare %-go-any* @-go-make-interface(...)

declare i8* @-go-slice(...)

declare %"(int, error)-Ret-Type"* @fmt.Println(%"[]-go-any"* %0) #1

declare void @-go-run-defers()

define weak void @unsafe.init() personality void ()* @parfait.llvmgen-except-personality !dbg !58 !endloc !59 {
entry:
  %t0 = load i1, i1* @"unsafe.init$guard", align 1, !dbg !60
  br i1 %t0, label %init.done, label %init.start, !dbg !60

init.done:                                        ; preds = %init.start, %entry
  ret void, !dbg !60

init.start:                                       ; preds = %entry
  store i1 true, i1* @"unsafe.init$guard", align 1, !dbg !60
  br label %init.done, !dbg !60
}

attributes #0 = { nocallback nofree nosync nounwind readnone speculatable willreturn }
attributes #1 = { "variadic" }

!llvm.module.flags = !{!6, !7}
!llvm.dbg.cu = !{!8, !10}
!parfait.language = !{!12, !12}
!parfait.value-metadata = !{!13}
!parfait.end-lines = !{!40}
!parfait.version = !{!41}
!parfait.ir-version = !{!42}
!parfait.scm-paths = !{!43}

!0 = !DIGlobalVariableExpression(var: !1, expr: !DIExpression())
!1 = distinct !DIGlobalVariable(name: "command-line-arguments.init$guard", linkageName: "command-line-arguments.init$guard", scope: !2, file: !2, line: 1, type: !3, isLocal: true, isDefinition: true)
!2 = !DIFile(filename: "<UnknownFile>", directory: "")
!3 = !DIBasicType(name: "bool", size: 1, encoding: DW_ATE_unsigned)
!4 = !DIGlobalVariableExpression(var: !5, expr: !DIExpression())
!5 = distinct !DIGlobalVariable(name: "unsafe.init$guard", linkageName: "unsafe.init$guard", scope: !2, file: !2, line: 1, type: !3, isLocal: true, isDefinition: true)
!6 = !{i32 2, !"Debug Info Version", i32 3}
!7 = !{i32 2, !"Dwarf Version", i32 4}
!8 = distinct !DICompileUnit(language: DW_LANG_Go, file: !2, producer: "gateau version 1.0", isOptimized: false, runtimeVersion: 0, emissionKind: FullDebug, globals: !9)
!9 = !{!0, !4}
!10 = distinct !DICompileUnit(language: DW_LANG_Go, file: !11, producer: "gateau version 1.0", isOptimized: false, runtimeVersion: 0, emissionKind: FullDebug)
!11 = !DIFile(filename: "hello-world.go", directory: "/Users/smlobo/test/Go")
!12 = !{i32 22}
!13 = distinct !{!8, void ()* @fmt.init, !14, %"(int, error)-Ret-Type"* (%"[]-go-any"*)* @fmt.Println, !18}
!14 = distinct !DISubprogram(name: "fmt.init", linkageName: "fmt.init", scope: !2, file: !2, line: 1, type: !15, scopeLine: 1, spFlags: DISPFlagLocalToUnit | DISPFlagDefinition, unit: !8, retainedNodes: !17)
!15 = !DISubroutineType(types: !16)
!16 = !{null}
!17 = !{}
!18 = distinct !DISubprogram(name: "fmt.Println", linkageName: "fmt.Println", scope: !19, file: !19, line: 313, type: !20, scopeLine: 313, spFlags: DISPFlagLocalToUnit | DISPFlagDefinition, unit: !10, retainedNodes: !17)
!19 = !DIFile(filename: "print.go", directory: "/Users/smlobo/.goenv/versions/1.24.1/src/fmt")
!20 = !DISubroutineType(types: !21)
!21 = !{!22, !31}
!22 = !DIDerivedType(tag: DW_TAG_pointer_type, baseType: !23, size: 64)
!23 = !DICompositeType(tag: DW_TAG_structure_type, name: "(int, error)-Ret-Type", scope: !24, file: !24, line: 1, size: 128, align: 8, elements: !25, runtimeLang: DW_LANG_Go)
!24 = !DIFile(filename: "<GoBuiltIn>", directory: "")
!25 = !{!26, !28}
!26 = !DIDerivedType(tag: DW_TAG_member, name: "RetVal0", scope: !23, file: !24, line: 1, baseType: !27, size: 64, align: 8)
!27 = !DIBasicType(name: "int", size: 64, encoding: DW_ATE_signed)
!28 = !DIDerivedType(tag: DW_TAG_member, name: "RetVal1", scope: !23, file: !24, line: 1, baseType: !29, size: 64, align: 8, offset: 64)
!29 = !DIDerivedType(tag: DW_TAG_pointer_type, baseType: !30, size: 64)
!30 = !DICompositeType(tag: DW_TAG_structure_type, name: "error", scope: !2, file: !2, line: 1, flags: DIFlagFwdDecl, runtimeLang: DW_LANG_Go)
!31 = !DIDerivedType(tag: DW_TAG_pointer_type, baseType: !32, size: 64)
!32 = !DICompositeType(tag: DW_TAG_structure_type, name: "[]-go-any", scope: !24, file: !24, line: 1, size: 192, align: 8, elements: !33, runtimeLang: DW_LANG_Go)
!33 = !{!34, !35, !39}
!34 = !DIDerivedType(tag: DW_TAG_member, name: "length", scope: !32, file: !24, line: 1, baseType: !27, size: 64, align: 8, flags: DIFlagArtificial)
!35 = !DIDerivedType(tag: DW_TAG_member, name: "elements", scope: !32, file: !24, line: 1, baseType: !36, size: 64, align: 8, offset: 64, flags: DIFlagArtificial)
!36 = !DIDerivedType(tag: DW_TAG_pointer_type, baseType: !37, size: 64)
!37 = !DIDerivedType(tag: DW_TAG_pointer_type, baseType: !38, size: 64)
!38 = !DICompositeType(tag: DW_TAG_structure_type, name: "-go-any", scope: !24, file: !24, line: 1, flags: DIFlagFwdDecl, runtimeLang: DW_LANG_Go)
!39 = !DIDerivedType(tag: DW_TAG_member, name: "capacity", scope: !32, file: !24, line: 1, baseType: !27, size: 64, align: 8, offset: 128)
!40 = distinct !{!8, !11, i32 6, !19, i32 1223}
!41 = !{!"2025.06-51b4e3c8"}
!42 = !{!"15"}
!43 = distinct !{!8, null, !11, !"/Users/smlobo/test/Go/hello-world.go", !44, !"/Users/smlobo/test/Go/hello-world.go"}
!44 = !DIFile(filename: "hello-world.go", directory: "/Users/smlobo/test/Go", checksumkind: CSK_MD5, checksum: "249b426faf0f2d0c603b708778e3f679", source: "\1F\8B\08\00\00\00\00\00\00\13+HL\CENLOU\C8M\CC\CC\E3\E2\CA\CC-\C8/*QPJ\CB-Q\E2\E2J+\CDK\06Khh*Ts)\00\01P\\/\A0(3\AF$'OC)#5''_\A1<\BF('EI\93\AB\16\00\8F\D8\AA$J\00\00\00")
!45 = distinct !DISubprogram(name: "command-line-arguments.init", linkageName: "command-line-arguments.init", scope: !2, file: !2, line: 1, type: !15, scopeLine: 1, spFlags: DISPFlagLocalToUnit | DISPFlagDefinition, unit: !8, retainedNodes: !17)
!46 = !DILocation(line: 1, scope: !45)
!47 = !DILocation(line: 1, column: 1, scope: !45)
!48 = distinct !DISubprogram(name: "command-line-arguments.main", linkageName: "command-line-arguments.main", scope: !11, file: !11, line: 5, type: !15, scopeLine: 5, spFlags: DISPFlagLocalToUnit | DISPFlagDefinition, unit: !10, retainedNodes: !17)
!49 = !DILocation(line: 6, scope: !48)
!50 = !DILocation(line: 6, column: 30, scope: !48)
!51 = !DILocalVariable(name: "varargs", scope: !48, file: !11, line: 6, type: !52)
!52 = !DIDerivedType(tag: DW_TAG_pointer_type, baseType: !53, size: 64)
!53 = !DICompositeType(tag: DW_TAG_structure_type, name: "-go-any[1]", scope: !24, file: !24, line: 1, size: 128, align: 8, elements: !54, runtimeLang: DW_LANG_Go)
!54 = !{!55, !56}
!55 = !DIDerivedType(tag: DW_TAG_member, name: "length", scope: !53, file: !24, line: 1, baseType: !27, size: 64, align: 8, flags: DIFlagArtificial)
!56 = !DIDerivedType(tag: DW_TAG_member, name: "elements", scope: !53, file: !24, line: 1, baseType: !36, size: 64, align: 8, offset: 64, flags: DIFlagArtificial)
!57 = !DILocation(line: 6, column: 16, scope: !48)
!58 = distinct !DISubprogram(name: "unsafe.init", linkageName: "unsafe.init", scope: !2, file: !2, line: 1, type: !15, scopeLine: 1, spFlags: DISPFlagLocalToUnit | DISPFlagDefinition, unit: !8, retainedNodes: !17)
!59 = !DILocation(line: 1, scope: !58)
!60 = !DILocation(line: 1, column: 1, scope: !58)
